================================================================================
INFERENCE AUDIT REPORT — 2026-08-28 22:54:41
================================================================================

[1] MODEL INFORMATION
--------------------------------------------------------------------------------
Model ID / Name:     HuggingFaceTB/SmolLM2-135M
Architecture:        Dense Transformer
Quantization Mode:   Full Precision (torch.bfloat16)
Precision Base:      torch.bfloat16
Total Parameters:    134,515,008 (134.52 M)
Total Memory in RAM: 256.57 MB
Dimensions:          Layers: 30, Hidden Size: 576, KV Heads: 3, Head Dim: 64

[2] TOPOLOGY & COMPONENT DISTRIBUTION
--------------------------------------------------------------------------------
  • 7c19ba247bd9 (100.115.84.41:9900):
    Allocated: layers 6, layers 8
  • Local: vithurshan-HP-250-G8-Notebook-PC + NVIDIA GeForce RTX 3060 Laptop GPU:
    Allocated: layers 0-5, layers 7, layers 9-29, embedding, lm_head + norm

[3] PROMPT & GENERATION
--------------------------------------------------------------------------------
Temperature:         0.1
Prompt:              Did you know you can browse privately with Mullvad VPN
Prompt Tokens:       12 tokens
Generated Tokens:    200 tokens
Total Sequence:      212 tokens

Generated Response:
--------------------------------------------------------------------------------
?

Mullvad VPN is a VPN service that allows you to browse privately with Mullvad VPN. It is a VPN service that allows you to browse privately with Mullvad VPN. It is a VPN service that allows you to browse privately with Mullvad VPN. It is a VPN service that allows you to browse privately with Mullvad VPN. It is a VPN service that allows you to browse privately with Mullvad VPN. It is a VPN service that allows you to browse privately with Mullvad VPN. It is a VPN service that allows you to browse privately with Mullvad VPN. It is a VPN service that allows you to browse privately with Mullvad VPN. It is a VPN service that allows you to browse privately with Mullvad VPN. It is a VPN service that allows you to browse privately with Mullvad VPN. It is a VPN service that allows you to browse privately with Mullvad VPN. It is a VPN service that
--------------------------------------------------------------------------------

[4] LATENCY & THROUGHPUT METRICS
--------------------------------------------------------------------------------
Time to First Token (TTFT): 2.909s (Prefill: 4.1 tok/s)
Decode Time:                198.416s (Decode: 1.0 tok/s)
Total End-to-End Latency:   201.325s
Per-token Latency (Avg):    997.1ms
Per-token Latency (Min):    797.3ms
Per-token Latency (Max):    1.771s
Per-token Latency (P50):    982.9ms
Per-token Latency (P90):    1.106s
Per-token Latency (P99):    1.673s

[5] NETWORK PAYLOAD & DATA TRANSFER
--------------------------------------------------------------------------------
Total Data Sent:            1.09 MB
Total Data Received:        652.88 KB
Total Network I/O:          1.73 MB
Avg Network Rate:           0.01 MB/s

Node Breakdown:
  • 7c19ba247bd9 (100.115.84.41:9900): Sent: 1.09 MB, Received: 652.88 KB

[6] HARDWARE & MEMORY FOOTPRINT
--------------------------------------------------------------------------------
Local Device:               cuda
GPU VRAM Before:            264.78 MB
GPU VRAM After:             823.59 MB
GPU VRAM Delta:             558.81 MB
KV Cache per Token (est):   22.50 KB
KV Cache Total (est):       4.66 MB
================================================================================

================================================================================
INFERENCE AUDIT REPORT — 2026-08-28 23:11:09
================================================================================

[1] MODEL INFORMATION
--------------------------------------------------------------------------------
Model ID / Name:     HuggingFaceTB/SmolLM2-135M
Architecture:        Dense Transformer
Quantization Mode:   Full Precision (torch.bfloat16)
Precision Base:      torch.bfloat16
Total Parameters:    134,515,008 (134.52 M)
Total Memory in RAM: 256.57 MB
Dimensions:          Layers: 30, Hidden Size: 576, KV Heads: 3, Head Dim: 64

[2] TOPOLOGY & COMPONENT DISTRIBUTION
--------------------------------------------------------------------------------
  • 7c19ba247bd9 (100.115.84.41:9900):
    Allocated: layers 6-8
  • 0fb763324e9d (192.168.8.130:9900):
    Allocated: layers 3, layers 5, layers 9, layers 11
  • Local: vithurshan-HP-250-G8-Notebook-PC + NVIDIA GeForce RTX 3060 Laptop GPU:
    Allocated: layers 0-2, layers 4, layers 10, layers 12-29, embedding, lm_head + norm

[3] PROMPT & GENERATION
--------------------------------------------------------------------------------
Temperature:         0.1
Prompt:              Make a zombie survival challenge where you get a ton of people to play zombies and a few people to play survivors. Rent out another abandoned town, and play the most crazy round of tag ever
Prompt Tokens:       40 tokens
Generated Tokens:    200 tokens
Total Sequence:      240 tokens

Generated Response:
--------------------------------------------------------------------------------
.

The best part about this game is that it's not just a zombie survival game. It's a game that's about the people who play it. It's about the people who are willing to take on the most dangerous and dangerous situations. It's about the people who are willing to take on the most dangerous and dangerous situations. It's about the people who are willing to take on the most dangerous and dangerous situations. It's about the people who are willing to take on the most dangerous and dangerous situations. It's about the people who are willing to take on the most dangerous and dangerous situations. It's about the people who are willing to take on the most dangerous and dangerous situations. It's about the people who are willing to take on the most dangerous and dangerous situations. It's about the people who are willing to take on the most dangerous and dangerous situations. It's about the people who are willing to take on the most dangerous and dangerous situations. It's about the people
--------------------------------------------------------------------------------

[4] LATENCY & THROUGHPUT METRICS
--------------------------------------------------------------------------------
Time to First Token (TTFT): 8.878s (Prefill: 4.5 tok/s)
Decode Time:                316.695s (Decode: 0.6 tok/s)
Total End-to-End Latency:   325.574s
Per-token Latency (Avg):    1.591s
Per-token Latency (Min):    1.289s
Per-token Latency (Max):    3.684s
Per-token Latency (P50):    1.538s
Per-token Latency (P90):    1.794s
Per-token Latency (P99):    2.636s

[5] NETWORK PAYLOAD & DATA TRANSFER
--------------------------------------------------------------------------------
Total Data Sent:            4.09 MB
Total Data Received:        2.45 MB
Total Network I/O:          6.54 MB
Avg Network Rate:           0.02 MB/s

Node Breakdown:
  • 7c19ba247bd9 (100.115.84.41:9900): Sent: 1.75 MB, Received: 1.05 MB
  • 0fb763324e9d (192.168.8.130:9900): Sent: 2.34 MB, Received: 1.40 MB

[6] HARDWARE & MEMORY FOOTPRINT
--------------------------------------------------------------------------------
Local Device:               cuda
GPU VRAM Before:            256.59 MB
GPU VRAM After:             781.40 MB
GPU VRAM Delta:             524.81 MB
KV Cache per Token (est):   22.50 KB
KV Cache Total (est):       5.27 MB
================================================================================

================================================================================
INFERENCE AUDIT REPORT — 2026-08-28 23:23:29
================================================================================

[1] MODEL INFORMATION
--------------------------------------------------------------------------------
Model ID / Name:     HuggingFaceTB/SmolLM2-135M
Architecture:        Dense Transformer
Quantization Mode:   4-bit NF4 Quantization (BitsAndBytes)
Precision Base:      torch.bfloat16
Total Parameters:    81,430,848 (81.43 M)
Total Memory in RAM: 104.69 MB
Dimensions:          Layers: 30, Hidden Size: 576, KV Heads: 3, Head Dim: 64

[2] TOPOLOGY & COMPONENT DISTRIBUTION
--------------------------------------------------------------------------------
  • Local: vithurshan-HP-250-G8-Notebook-PC + NVIDIA GeForce RTX 3060 Laptop GPU:
    Allocated: layers 0-29, embedding, lm_head + norm

[3] GENERATION METADATA
--------------------------------------------------------------------------------
Temperature:         0.0
Prompt Tokens:       2 tokens
Generated Tokens:    5 tokens
Total Sequence:      7 tokens

[4] LATENCY & THROUGHPUT METRICS
--------------------------------------------------------------------------------
Time to First Token (TTFT): 434.8ms (Prefill: 4.6 tok/s)
Decode Time:                219.4ms (Decode: 18.2 tok/s)
Total End-to-End Latency:   654.2ms
Per-token Latency (Avg):    54.9ms
Per-token Latency (Min):    49.2ms
Per-token Latency (Max):    60.1ms

[5] NETWORK PAYLOAD & DATA TRANSFER
--------------------------------------------------------------------------------
Total Data Sent:            0.00 B
Total Data Received:        0.00 B
Total Network I/O:          0.00 B
Avg Network Rate:           0.00 MB/s

Node Breakdown:
  • Fully Local Execution (0 network bytes)

[6] HARDWARE & MEMORY FOOTPRINT
--------------------------------------------------------------------------------
Local Device:               cuda:0
GPU VRAM Before:            111.18 MB
GPU VRAM After:             123.60 MB
GPU VRAM Delta:             12.43 MB
KV Cache per Token (est):   22.50 KB
KV Cache Total (est):       157.50 KB
================================================================================

================================================================================
INFERENCE AUDIT REPORT — 2026-08-28 23:29:26
================================================================================

[1] MODEL INFORMATION
--------------------------------------------------------------------------------
Model ID / Name:     Qwen/Qwen2.5-3B
Architecture:        Dense Transformer
Quantization Mode:   4-bit NF4 Quantization (BitsAndBytes)
Precision Base:      torch.bfloat16
Total Parameters:    1,698,672,640 (1.70 B)
Total Memory in RAM: 1.87 GB
Dimensions:          Layers: 36, Hidden Size: 2048, KV Heads: 2, Head Dim: 128

[2] TOPOLOGY & COMPONENT DISTRIBUTION
--------------------------------------------------------------------------------
  • Local: vithurshan-HP-250-G8-Notebook-PC + NVIDIA GeForce RTX 3060 Laptop GPU:
    Allocated: layers 0-35, embedding, lm_head + norm

[3] GENERATION METADATA
--------------------------------------------------------------------------------
Temperature:         0.1
Prompt Tokens:       11 tokens
Generated Tokens:    53 tokens
Total Sequence:      64 tokens

[4] LATENCY & THROUGHPUT METRICS
--------------------------------------------------------------------------------
Time to First Token (TTFT): 524.1ms (Prefill: 21.0 tok/s)
Decode Time:                2.441s (Decode: 21.3 tok/s)
Total End-to-End Latency:   2.965s
Per-token Latency (Avg):    46.9ms
Per-token Latency (Min):    45.3ms
Per-token Latency (Max):    60.9ms
Per-token Latency (P50):    46.5ms
Per-token Latency (P90):    48.0ms
Per-token Latency (P99):    60.9ms

[5] NETWORK PAYLOAD & DATA TRANSFER
--------------------------------------------------------------------------------
Total Data Sent:            0.00 B
Total Data Received:        0.00 B
Total Network I/O:          0.00 B
Avg Network Rate:           0.00 MB/s

Node Breakdown:
  • Fully Local Execution (0 network bytes)

[6] HARDWARE & MEMORY FOOTPRINT
--------------------------------------------------------------------------------
Local Device:               cuda
GPU VRAM Before:            2.05 GB
GPU VRAM After:             2.33 GB
GPU VRAM Delta:             288.79 MB
KV Cache per Token (est):   36.00 KB
KV Cache Total (est):       2.25 MB
================================================================================

================================================================================
INFERENCE AUDIT REPORT — 2026-08-28 23:30:04
================================================================================

[1] MODEL INFORMATION
--------------------------------------------------------------------------------
Model ID / Name:     Qwen/Qwen2.5-3B
Architecture:        Dense Transformer
Quantization Mode:   4-bit NF4 Quantization (BitsAndBytes)
Precision Base:      torch.bfloat16
Total Parameters:    1,698,672,640 (1.70 B)
Total Memory in RAM: 1.87 GB
Dimensions:          Layers: 36, Hidden Size: 2048, KV Heads: 2, Head Dim: 128

[2] TOPOLOGY & COMPONENT DISTRIBUTION
--------------------------------------------------------------------------------
  • Local: vithurshan-HP-250-G8-Notebook-PC + NVIDIA GeForce RTX 3060 Laptop GPU:
    Allocated: layers 0-35, embedding, lm_head + norm

[3] GENERATION METADATA
--------------------------------------------------------------------------------
Temperature:         0.1
Prompt Tokens:       11 tokens
Generated Tokens:    66 tokens
Total Sequence:      77 tokens

[4] LATENCY & THROUGHPUT METRICS
--------------------------------------------------------------------------------
Time to First Token (TTFT): 48.3ms (Prefill: 227.7 tok/s)
Decode Time:                3.041s (Decode: 21.4 tok/s)
Total End-to-End Latency:   3.089s
Per-token Latency (Avg):    46.8ms
Per-token Latency (Min):    42.0ms
Per-token Latency (Max):    256.4ms
Per-token Latency (P50):    42.8ms
Per-token Latency (P90):    45.7ms
Per-token Latency (P99):    256.4ms

[5] NETWORK PAYLOAD & DATA TRANSFER
--------------------------------------------------------------------------------
Total Data Sent:            0.00 B
Total Data Received:        0.00 B
Total Network I/O:          0.00 B
Avg Network Rate:           0.00 MB/s

Node Breakdown:
  • Fully Local Execution (0 network bytes)

[6] HARDWARE & MEMORY FOOTPRINT
--------------------------------------------------------------------------------
Local Device:               cuda
GPU VRAM Before:            2.05 GB
GPU VRAM After:             2.40 GB
GPU VRAM Delta:             355.95 MB
KV Cache per Token (est):   36.00 KB
KV Cache Total (est):       2.71 MB
================================================================================

================================================================================
INFERENCE AUDIT REPORT — 2026-08-28 23:31:37
================================================================================

[1] MODEL INFORMATION
--------------------------------------------------------------------------------
Model ID / Name:     Qwen/Qwen2.5-3B
Architecture:        Dense Transformer
Quantization Mode:   4-bit NF4 Quantization (BitsAndBytes)
Precision Base:      torch.bfloat16
Total Parameters:    1,698,672,640 (1.70 B)
Total Memory in RAM: 1.87 GB
Dimensions:          Layers: 36, Hidden Size: 2048, KV Heads: 2, Head Dim: 128

[2] TOPOLOGY & COMPONENT DISTRIBUTION
--------------------------------------------------------------------------------
  • Local: vithurshan-HP-250-G8-Notebook-PC + NVIDIA GeForce RTX 3060 Laptop GPU:
    Allocated: layers 0-35, embedding, lm_head + norm

[3] GENERATION METADATA
--------------------------------------------------------------------------------
Temperature:         0.1
Prompt Tokens:       38 tokens
Generated Tokens:    148 tokens
Total Sequence:      186 tokens

[4] LATENCY & THROUGHPUT METRICS
--------------------------------------------------------------------------------
Time to First Token (TTFT): 57.1ms (Prefill: 665.9 tok/s)
Decode Time:                6.816s (Decode: 21.6 tok/s)
Total End-to-End Latency:   6.873s
Per-token Latency (Avg):    46.4ms
Per-token Latency (Min):    42.2ms
Per-token Latency (Max):    305.0ms
Per-token Latency (P50):    42.9ms
Per-token Latency (P90):    44.8ms
Per-token Latency (P99):    241.4ms

[5] NETWORK PAYLOAD & DATA TRANSFER
--------------------------------------------------------------------------------
Total Data Sent:            0.00 B
Total Data Received:        0.00 B
Total Network I/O:          0.00 B
Avg Network Rate:           0.00 MB/s

Node Breakdown:
  • Fully Local Execution (0 network bytes)

[6] HARDWARE & MEMORY FOOTPRINT
--------------------------------------------------------------------------------
Local Device:               cuda
GPU VRAM Before:            2.05 GB
GPU VRAM After:             3.22 GB
GPU VRAM Delta:             1.16 GB
KV Cache per Token (est):   36.00 KB
KV Cache Total (est):       6.54 MB
================================================================================

================================================================================
INFERENCE AUDIT REPORT — 2026-08-28 23:39:47
================================================================================

[1] MODEL INFORMATION
--------------------------------------------------------------------------------
Model ID / Name:     Qwen/Qwen2.5-3B
Architecture:        Dense Transformer
Quantization Mode:   8-bit Quantization (BitsAndBytes)
Precision Base:      torch.float16
Total Parameters:    3,085,938,688 (3.09 B)
Total Memory in RAM: 3.16 GB
Dimensions:          Layers: 36, Hidden Size: 2048, KV Heads: 2, Head Dim: 128

[2] TOPOLOGY & COMPONENT DISTRIBUTION
--------------------------------------------------------------------------------
  • Local: vithurshan-HP-250-G8-Notebook-PC + NVIDIA GeForce RTX 3060 Laptop GPU:
    Allocated: layers 0-35, embedding, lm_head + norm

[3] GENERATION METADATA
--------------------------------------------------------------------------------
Temperature:         0.1
Prompt Tokens:       38 tokens
Generated Tokens:    110 tokens
Total Sequence:      148 tokens

[4] LATENCY & THROUGHPUT METRICS
--------------------------------------------------------------------------------
Time to First Token (TTFT): 507.6ms (Prefill: 74.9 tok/s)
Decode Time:                13.867s (Decode: 7.9 tok/s)
Total End-to-End Latency:   14.374s
Per-token Latency (Avg):    127.2ms
Per-token Latency (Min):    111.9ms
Per-token Latency (Max):    453.7ms
Per-token Latency (P50):    120.0ms
Per-token Latency (P90):    128.6ms
Per-token Latency (P99):    400.3ms

[5] NETWORK PAYLOAD & DATA TRANSFER
--------------------------------------------------------------------------------
Total Data Sent:            0.00 B
Total Data Received:        0.00 B
Total Network I/O:          0.00 B
Avg Network Rate:           0.00 MB/s

Node Breakdown:
  • Fully Local Execution (0 network bytes)

[6] HARDWARE & MEMORY FOOTPRINT
--------------------------------------------------------------------------------
Local Device:               cuda
GPU VRAM Before:            3.17 GB
GPU VRAM After:             4.17 GB
GPU VRAM Delta:             1021.77 MB
KV Cache per Token (est):   36.00 KB
KV Cache Total (est):       5.20 MB
================================================================================

================================================================================
INFERENCE AUDIT REPORT — 2026-08-28 23:41:26
================================================================================

[1] MODEL INFORMATION
--------------------------------------------------------------------------------
Model ID / Name:     Qwen/Qwen2.5-3B
Architecture:        Dense Transformer
Quantization Mode:   8-bit Quantization (BitsAndBytes)
Precision Base:      torch.float16
Total Parameters:    3,085,938,688 (3.09 B)
Total Memory in RAM: 3.16 GB
Dimensions:          Layers: 36, Hidden Size: 2048, KV Heads: 2, Head Dim: 128

[2] TOPOLOGY & COMPONENT DISTRIBUTION
--------------------------------------------------------------------------------
  • Local: vithurshan-HP-250-G8-Notebook-PC + NVIDIA GeForce RTX 3060 Laptop GPU:
    Allocated: layers 0-35, embedding, lm_head + norm

[3] GENERATION METADATA
--------------------------------------------------------------------------------
Temperature:         0.1
Prompt Tokens:       38 tokens
Generated Tokens:    94 tokens
Total Sequence:      132 tokens

[4] LATENCY & THROUGHPUT METRICS
--------------------------------------------------------------------------------
Time to First Token (TTFT): 138.7ms (Prefill: 274.0 tok/s)
Decode Time:                11.095s (Decode: 8.4 tok/s)
Total End-to-End Latency:   11.234s
Per-token Latency (Avg):    119.3ms
Per-token Latency (Min):    109.5ms
Per-token Latency (Max):    405.4ms
Per-token Latency (P50):    115.7ms
Per-token Latency (P90):    120.3ms
Per-token Latency (P99):    405.4ms

[5] NETWORK PAYLOAD & DATA TRANSFER
--------------------------------------------------------------------------------
Total Data Sent:            0.00 B
Total Data Received:        0.00 B
Total Network I/O:          0.00 B
Avg Network Rate:           0.00 MB/s

Node Breakdown:
  • Fully Local Execution (0 network bytes)

[6] HARDWARE & MEMORY FOOTPRINT
--------------------------------------------------------------------------------
Local Device:               cuda
GPU VRAM Before:            3.18 GB
GPU VRAM After:             4.02 GB
GPU VRAM Delta:             862.52 MB
KV Cache per Token (est):   36.00 KB
KV Cache Total (est):       4.64 MB
================================================================================

================================================================================
INFERENCE AUDIT REPORT — 2026-08-28 23:44:20
================================================================================

[1] MODEL INFORMATION
--------------------------------------------------------------------------------
Model ID / Name:     Qwen/Qwen2.5-3B
Architecture:        Dense Transformer
Quantization Mode:   8-bit Quantization (BitsAndBytes)
Precision Base:      torch.float16
Total Parameters:    3,085,938,688 (3.09 B)
Total Memory in RAM: 3.16 GB
Dimensions:          Layers: 36, Hidden Size: 2048, KV Heads: 2, Head Dim: 128

[2] TOPOLOGY & COMPONENT DISTRIBUTION
--------------------------------------------------------------------------------
  • Local: vithurshan-HP-250-G8-Notebook-PC + NVIDIA GeForce RTX 3060 Laptop GPU:
    Allocated: layers 0-35, embedding, lm_head + norm

[3] GENERATION METADATA
--------------------------------------------------------------------------------
Temperature:         0.1
Prompt Tokens:       46 tokens
Generated Tokens:    200 tokens
Total Sequence:      246 tokens

[4] LATENCY & THROUGHPUT METRICS
--------------------------------------------------------------------------------
Time to First Token (TTFT): 141.8ms (Prefill: 324.5 tok/s)
Decode Time:                24.438s (Decode: 8.1 tok/s)
Total End-to-End Latency:   24.580s
Per-token Latency (Avg):    122.8ms
Per-token Latency (Min):    113.3ms
Per-token Latency (Max):    496.1ms
Per-token Latency (P50):    118.9ms
Per-token Latency (P90):    125.0ms
Per-token Latency (P99):    410.7ms

[5] NETWORK PAYLOAD & DATA TRANSFER
--------------------------------------------------------------------------------
Total Data Sent:            0.00 B
Total Data Received:        0.00 B
Total Network I/O:          0.00 B
Avg Network Rate:           0.00 MB/s

Node Breakdown:
  • Fully Local Execution (0 network bytes)

[6] HARDWARE & MEMORY FOOTPRINT
--------------------------------------------------------------------------------
Local Device:               cuda
GPU VRAM Before:            3.18 GB
GPU VRAM After:             5.24 GB
GPU VRAM Delta:             2.06 GB
KV Cache per Token (est):   36.00 KB
KV Cache Total (est):       8.65 MB
================================================================================

================================================================================
INFERENCE AUDIT REPORT — 2026-08-29 00:37:24
================================================================================

[1] MODEL INFORMATION
--------------------------------------------------------------------------------
Model ID / Name:     Qwen/Qwen2.5-3B
Architecture:        Dense Transformer
Quantization Mode:   8-bit Quantization (BitsAndBytes)
Precision Base:      torch.float16
Total Parameters:    3,085,938,688 (3.09 B)
Total Memory in RAM: 3.16 GB
Dimensions:          Layers: 36, Hidden Size: 2048, KV Heads: 2, Head Dim: 128

[2] TOPOLOGY & COMPONENT DISTRIBUTION
--------------------------------------------------------------------------------
  • e435d4328231 (192.168.8.130:9900):
    Allocated: layers 10-13
  • Local: vithurshan-HP-250-G8-Notebook-PC + NVIDIA GeForce RTX 3060 Laptop GPU:
    Allocated: layers 0-9, layers 14-35, embedding, lm_head + norm

[3] GENERATION METADATA
--------------------------------------------------------------------------------
Temperature:         0.1
Prompt Tokens:       1 tokens
Generated Tokens:    100 tokens
Total Sequence:      101 tokens

[4] LATENCY & THROUGHPUT METRICS
--------------------------------------------------------------------------------
Time to First Token (TTFT): 1.089s (Prefill: 0.9 tok/s)
Decode Time:                66.773s (Decode: 1.5 tok/s)
Total End-to-End Latency:   67.862s
Per-token Latency (Avg):    674.5ms
Per-token Latency (Min):    620.3ms
Per-token Latency (Max):    1.029s
Per-token Latency (P50):    663.7ms
Per-token Latency (P90):    710.8ms
Per-token Latency (P99):    1.029s

[5] NETWORK PAYLOAD & DATA TRANSFER
--------------------------------------------------------------------------------
Total Data Sent:            2.28 MB
Total Data Received:        1.73 MB
Total Network I/O:          4.02 MB
Avg Network Rate:           0.06 MB/s

Node Breakdown:
  • e435d4328231 (192.168.8.130:9900): Sent: 2.28 MB, Received: 1.73 MB

[6] HARDWARE & MEMORY FOOTPRINT
--------------------------------------------------------------------------------
Local Device:               cuda
GPU VRAM Before:            3.17 GB
GPU VRAM After:             3.71 GB
GPU VRAM Delta:             551.17 MB
KV Cache per Token (est):   36.00 KB
KV Cache Total (est):       3.55 MB
================================================================================

================================================================================
INFERENCE AUDIT REPORT — 2026-08-29 00:43:39
================================================================================

[1] MODEL INFORMATION
--------------------------------------------------------------------------------
Model ID / Name:     Qwen/Qwen2.5-3B
Architecture:        Dense Transformer
Quantization Mode:   8-bit Quantization (BitsAndBytes)
Precision Base:      torch.float16
Total Parameters:    3,085,938,688 (3.09 B)
Total Memory in RAM: 3.16 GB
Dimensions:          Layers: 36, Hidden Size: 2048, KV Heads: 2, Head Dim: 128

[2] TOPOLOGY & COMPONENT DISTRIBUTION
--------------------------------------------------------------------------------
  • e435d4328231 (192.168.8.130:9900):
    Allocated: layers 10-16
  • Local: vithurshan-HP-250-G8-Notebook-PC + NVIDIA GeForce RTX 3060 Laptop GPU:
    Allocated: layers 0-9, layers 17-35, embedding, lm_head + norm

[3] GENERATION METADATA
--------------------------------------------------------------------------------
Temperature:         0.1
Prompt Tokens:       14 tokens
Generated Tokens:    200 tokens
Total Sequence:      214 tokens

[4] LATENCY & THROUGHPUT METRICS
--------------------------------------------------------------------------------
Time to First Token (TTFT): 2.087s (Prefill: 6.7 tok/s)
Decode Time:                214.802s (Decode: 0.9 tok/s)
Total End-to-End Latency:   216.889s
Per-token Latency (Avg):    1.079s
Per-token Latency (Min):    996.1ms
Per-token Latency (Max):    1.537s
Per-token Latency (P50):    1.071s
Per-token Latency (P90):    1.129s
Per-token Latency (P99):    1.450s

[5] NETWORK PAYLOAD & DATA TRANSFER
--------------------------------------------------------------------------------
Total Data Sent:            8.38 MB
Total Data Received:        6.43 MB
Total Network I/O:          14.81 MB
Avg Network Rate:           0.07 MB/s

Node Breakdown:
  • e435d4328231 (192.168.8.130:9900): Sent: 8.38 MB, Received: 6.43 MB

[6] HARDWARE & MEMORY FOOTPRINT
--------------------------------------------------------------------------------
Local Device:               cuda
GPU VRAM Before:            3.17 GB
GPU VRAM After:             4.50 GB
GPU VRAM Delta:             1.33 GB
KV Cache per Token (est):   36.00 KB
KV Cache Total (est):       7.52 MB
================================================================================

================================================================================
INFERENCE AUDIT REPORT — 2026-08-29 00:47:53
================================================================================

[1] MODEL INFORMATION
--------------------------------------------------------------------------------
Model ID / Name:     HuggingFaceTB/SmolLM2-135M
Architecture:        Dense Transformer
Quantization Mode:   Full Precision (torch.bfloat16)
Precision Base:      torch.bfloat16
Total Parameters:    134,515,008 (134.52 M)
Total Memory in RAM: 256.57 MB
Dimensions:          Layers: 30, Hidden Size: 576, KV Heads: 3, Head Dim: 64

[2] TOPOLOGY & COMPONENT DISTRIBUTION
--------------------------------------------------------------------------------
  • e435d4328231 (192.168.8.130:9900):
    Allocated: attn 20
  • Local: vithurshan-HP-250-G8-Notebook-PC + NVIDIA GeForce RTX 3060 Laptop GPU:
    Allocated: layers 0-19, layers 21-29, layers 20(ffn only), embedding, lm_head + norm

[3] GENERATION METADATA
--------------------------------------------------------------------------------
Temperature:         0.1
Prompt Tokens:       5 tokens
Generated Tokens:    200 tokens
Total Sequence:      205 tokens

[4] LATENCY & THROUGHPUT METRICS
--------------------------------------------------------------------------------
Time to First Token (TTFT): 145.4ms (Prefill: 34.4 tok/s)
Decode Time:                13.465s (Decode: 14.8 tok/s)
Total End-to-End Latency:   13.611s
Per-token Latency (Avg):    67.7ms
Per-token Latency (Min):    33.8ms
Per-token Latency (Max):    405.7ms
Per-token Latency (P50):    64.0ms
Per-token Latency (P90):    89.6ms
Per-token Latency (P99):    267.6ms

[5] NETWORK PAYLOAD & DATA TRANSFER
--------------------------------------------------------------------------------
Total Data Sent:            551.23 KB
Total Data Received:        318.56 KB
Total Network I/O:          869.80 KB
Avg Network Rate:           0.06 MB/s

Node Breakdown:
  • e435d4328231 (192.168.8.130:9900): Sent: 551.23 KB, Received: 318.56 KB

[6] HARDWARE & MEMORY FOOTPRINT
--------------------------------------------------------------------------------
Local Device:               cuda
GPU VRAM Before:            266.03 MB
GPU VRAM After:             860.43 MB
GPU VRAM Delta:             594.40 MB
KV Cache per Token (est):   22.50 KB
KV Cache Total (est):       4.50 MB
================================================================================

================================================================================
INFERENCE AUDIT REPORT — 2026-08-29 00:51:47
================================================================================

[1] MODEL INFORMATION
--------------------------------------------------------------------------------
Model ID / Name:     HuggingFaceTB/SmolLM2-135M
Architecture:        Dense Transformer
Quantization Mode:   Full Precision (torch.bfloat16)
Precision Base:      torch.bfloat16
Total Parameters:    134,515,008 (134.52 M)
Total Memory in RAM: 256.57 MB
Dimensions:          Layers: 30, Hidden Size: 576, KV Heads: 3, Head Dim: 64

[2] TOPOLOGY & COMPONENT DISTRIBUTION
--------------------------------------------------------------------------------
  • e435d4328231 (192.168.8.130:9900):
    Allocated: attn 1-28
  • Local: vithurshan-HP-250-G8-Notebook-PC + NVIDIA GeForce RTX 3060 Laptop GPU:
    Allocated: layers 0, layers 29, layers 1-28(ffn only), embedding, lm_head + norm

[3] GENERATION METADATA
--------------------------------------------------------------------------------
Temperature:         0.1
Prompt Tokens:       7 tokens
Generated Tokens:    200 tokens
Total Sequence:      207 tokens

[4] LATENCY & THROUGHPUT METRICS
--------------------------------------------------------------------------------
Time to First Token (TTFT): 2.167s (Prefill: 3.2 tok/s)
Decode Time:                136.644s (Decode: 1.5 tok/s)
Total End-to-End Latency:   138.811s
Per-token Latency (Avg):    686.7ms
Per-token Latency (Min):    510.2ms
Per-token Latency (Max):    2.223s
Per-token Latency (P50):    662.8ms
Per-token Latency (P90):    749.7ms
Per-token Latency (P99):    2.048s

[5] NETWORK PAYLOAD & DATA TRANSFER
--------------------------------------------------------------------------------
Total Data Sent:            15.15 MB
Total Data Received:        8.77 MB
Total Network I/O:          23.92 MB
Avg Network Rate:           0.17 MB/s

Node Breakdown:
  • e435d4328231 (192.168.8.130:9900): Sent: 15.15 MB, Received: 8.77 MB

[6] HARDWARE & MEMORY FOOTPRINT
--------------------------------------------------------------------------------
Local Device:               cuda
GPU VRAM Before:            256.59 MB
GPU VRAM After:             388.99 MB
GPU VRAM Delta:             132.40 MB
KV Cache per Token (est):   22.50 KB
KV Cache Total (est):       4.55 MB
================================================================================

================================================================================
INFERENCE AUDIT REPORT — 2026-08-29 07:23:57
================================================================================

[1] MODEL INFORMATION
--------------------------------------------------------------------------------
Model ID / Name:     HuggingFaceTB/SmolLM2-135M
Architecture:        Dense Transformer
Quantization Mode:   4-bit NF4 Quantization (BitsAndBytes)
Precision Base:      torch.bfloat16
Total Parameters:    81,430,848 (81.43 M)
Total Memory in RAM: 104.69 MB
Dimensions:          Layers: 30, Hidden Size: 576, KV Heads: 3, Head Dim: 64

[2] TOPOLOGY & COMPONENT DISTRIBUTION
--------------------------------------------------------------------------------
  • Local: vithurshan-HP-250-G8-Notebook-PC + NVIDIA GeForce RTX 3060 Laptop GPU:
    Allocated: layers 0-29, embedding, lm_head + norm

[3] GENERATION METADATA
--------------------------------------------------------------------------------
Temperature:         0.0
Prompt Tokens:       2 tokens
Generated Tokens:    4 tokens
Total Sequence:      6 tokens

[4] LATENCY & THROUGHPUT METRICS
--------------------------------------------------------------------------------
Time to First Token (TTFT): 415.4ms (Prefill: 4.8 tok/s)
Decode Time:                162.2ms (Decode: 18.5 tok/s)
Total End-to-End Latency:   577.7ms
Per-token Latency (Avg):    54.1ms
Per-token Latency (Min):    48.5ms
Per-token Latency (Max):    59.3ms

[5] NETWORK PAYLOAD & DATA TRANSFER
--------------------------------------------------------------------------------
Total Data Sent:            0.00 B
Total Data Received:        0.00 B
Total Network I/O:          0.00 B
Avg Network Rate:           0.00 MB/s

Node Breakdown:
  • Fully Local Execution (0 network bytes)

[6] HARDWARE & MEMORY FOOTPRINT (PER NODE)
--------------------------------------------------------------------------------
Local Device:               cuda:0
GPU VRAM Before:            111.18 MB
GPU VRAM After:             122.82 MB
GPU VRAM Delta:             11.64 MB
KV Cache Total (est):       135.00 KB

Node Memory Breakdown (Layer Weights + Active KV Cache):
  • Local: vithurshan-HP-250-G8-Notebook-PC + NVIDIA GeForce RTX 3060 Laptop GPU:
    - Assigned:      layers 0-29, embedding, lm_head + norm
    - Layer Memory:  158.69 MB
    - Active KV:     112.50 KB
    - Total Footprint: 122.82 MB (VRAM)
================================================================================

================================================================================
INFERENCE AUDIT REPORT — 2026-08-29 07:36:15
================================================================================

[1] MODEL INFORMATION
--------------------------------------------------------------------------------
Model ID / Name:     HuggingFaceTB/SmolLM2-135M
Architecture:        Dense Transformer
Quantization Mode:   Full Precision (torch.bfloat16)
Precision Base:      torch.bfloat16
Total Parameters:    134,515,008 (134.52 M)
Total Memory in RAM: 256.57 MB
Dimensions:          Layers: 30, Hidden Size: 576, KV Heads: 3, Head Dim: 64

[2] TOPOLOGY & COMPONENT DISTRIBUTION
--------------------------------------------------------------------------------
  • Local: vithurshan-HP-250-G8-Notebook-PC + NVIDIA GeForce RTX 3060 Laptop GPU:
    Allocated: layers 0-29, embedding, lm_head + norm

[3] GENERATION METADATA
--------------------------------------------------------------------------------
Temperature:         0.0
Prompt Tokens:       9 tokens
Generated Tokens:    20 tokens
Total Sequence:      29 tokens

[4] LATENCY & THROUGHPUT METRICS
--------------------------------------------------------------------------------
Time to First Token (TTFT): 378.5ms (Prefill: 23.8 tok/s)
Decode Time:                595.5ms (Decode: 31.9 tok/s)
Total End-to-End Latency:   974.0ms
Per-token Latency (Avg):    31.3ms
Per-token Latency (Min):    27.6ms
Per-token Latency (Max):    52.2ms
Per-token Latency (P50):    30.5ms
Per-token Latency (P90):    34.3ms
Per-token Latency (P99):    52.2ms

[5] NETWORK PAYLOAD & DATA TRANSFER
--------------------------------------------------------------------------------
Total Data Sent:            0.00 B
Total Data Received:        0.00 B
Total Network I/O:          0.00 B
Avg Network Rate:           0.00 MB/s

Node Breakdown:
  • Fully Local Execution (0 network bytes)

[6] HARDWARE & MEMORY FOOTPRINT (PER NODE)
--------------------------------------------------------------------------------
Local Device:               cuda
GPU VRAM Before:            256.59 MB
GPU VRAM After:             294.52 MB
GPU VRAM Delta:             37.93 MB
KV Cache Total (est):       652.50 KB

Node Memory Breakdown (Layer Weights + Active KV Cache):
  • Local: vithurshan-HP-250-G8-Notebook-PC + NVIDIA GeForce RTX 3060 Laptop GPU:
    - Assigned:      layers 0-29, embedding, lm_head + norm
    - Layer Memory:  310.57 MB
    - Active KV:     630.00 KB
    - Total Footprint: 294.52 MB (VRAM)
================================================================================

================================================================================
INFERENCE AUDIT REPORT — 2026-08-29 07:36:18
================================================================================

[1] MODEL INFORMATION
--------------------------------------------------------------------------------
Model ID / Name:     HuggingFaceTB/SmolLM2-135M
Architecture:        Dense Transformer
Quantization Mode:   Full Precision (torch.bfloat16)
Precision Base:      torch.bfloat16
Total Parameters:    134,515,008 (134.52 M)
Total Memory in RAM: 256.57 MB
Dimensions:          Layers: 30, Hidden Size: 576, KV Heads: 3, Head Dim: 64

[2] TOPOLOGY & COMPONENT DISTRIBUTION
--------------------------------------------------------------------------------
  • Local: vithurshan-HP-250-G8-Notebook-PC + NVIDIA GeForce RTX 3060 Laptop GPU:
    Allocated: layers 0-29, embedding, lm_head + norm

[3] GENERATION METADATA
--------------------------------------------------------------------------------
Temperature:         0.0
Prompt Tokens:       8 tokens
Generated Tokens:    80 tokens
Total Sequence:      88 tokens

[4] LATENCY & THROUGHPUT METRICS
--------------------------------------------------------------------------------
Time to First Token (TTFT): 26.9ms (Prefill: 297.0 tok/s)
Decode Time:                2.313s (Decode: 34.2 tok/s)
Total End-to-End Latency:   2.340s
Per-token Latency (Avg):    29.3ms
Per-token Latency (Min):    24.5ms
Per-token Latency (Max):    43.1ms
Per-token Latency (P50):    28.7ms
Per-token Latency (P90):    32.5ms
Per-token Latency (P99):    43.1ms

[5] NETWORK PAYLOAD & DATA TRANSFER
--------------------------------------------------------------------------------
Total Data Sent:            0.00 B
Total Data Received:        0.00 B
Total Network I/O:          0.00 B
Avg Network Rate:           0.00 MB/s

Node Breakdown:
  • Fully Local Execution (0 network bytes)

[6] HARDWARE & MEMORY FOOTPRINT (PER NODE)
--------------------------------------------------------------------------------
Local Device:               cuda
GPU VRAM Before:            264.72 MB
GPU VRAM After:             416.18 MB
GPU VRAM Delta:             151.47 MB
KV Cache Total (est):       1.93 MB

Node Memory Breakdown (Layer Weights + Active KV Cache):
  • Local: vithurshan-HP-250-G8-Notebook-PC + NVIDIA GeForce RTX 3060 Laptop GPU:
    - Assigned:      layers 0-29, embedding, lm_head + norm
    - Layer Memory:  310.57 MB
    - Active KV:     1.91 MB
    - Total Footprint: 416.18 MB (VRAM)
================================================================================

================================================================================
INFERENCE AUDIT REPORT — 2026-08-29 07:36:21
================================================================================

[1] MODEL INFORMATION
--------------------------------------------------------------------------------
Model ID / Name:     HuggingFaceTB/SmolLM2-135M
Architecture:        Dense Transformer
Quantization Mode:   Full Precision (torch.bfloat16)
Precision Base:      torch.bfloat16
Total Parameters:    134,515,008 (134.52 M)
Total Memory in RAM: 256.57 MB
Dimensions:          Layers: 30, Hidden Size: 576, KV Heads: 3, Head Dim: 64

[2] TOPOLOGY & COMPONENT DISTRIBUTION
--------------------------------------------------------------------------------
  • Local: vithurshan-HP-250-G8-Notebook-PC + NVIDIA GeForce RTX 3060 Laptop GPU:
    Allocated: layers 0-29, embedding, lm_head + norm

[3] GENERATION METADATA
--------------------------------------------------------------------------------
Temperature:         0.0
Prompt Tokens:       38 tokens
Generated Tokens:    80 tokens
Total Sequence:      118 tokens

[4] LATENCY & THROUGHPUT METRICS
--------------------------------------------------------------------------------
Time to First Token (TTFT): 38.8ms (Prefill: 980.3 tok/s)
Decode Time:                2.209s (Decode: 35.8 tok/s)
Total End-to-End Latency:   2.248s
Per-token Latency (Avg):    28.0ms
Per-token Latency (Min):    24.1ms
Per-token Latency (Max):    35.3ms
Per-token Latency (P50):    27.9ms
Per-token Latency (P90):    31.2ms
Per-token Latency (P99):    35.3ms

[5] NETWORK PAYLOAD & DATA TRANSFER
--------------------------------------------------------------------------------
Total Data Sent:            0.00 B
Total Data Received:        0.00 B
Total Network I/O:          0.00 B
Avg Network Rate:           0.00 MB/s

Node Breakdown:
  • Fully Local Execution (0 network bytes)

[6] HARDWARE & MEMORY FOOTPRINT (PER NODE)
--------------------------------------------------------------------------------
Local Device:               cuda
GPU VRAM Before:            264.72 MB
GPU VRAM After:             487.15 MB
GPU VRAM Delta:             222.43 MB
KV Cache Total (est):       2.59 MB

Node Memory Breakdown (Layer Weights + Active KV Cache):
  • Local: vithurshan-HP-250-G8-Notebook-PC + NVIDIA GeForce RTX 3060 Laptop GPU:
    - Assigned:      layers 0-29, embedding, lm_head + norm
    - Layer Memory:  310.57 MB
    - Active KV:     2.57 MB
    - Total Footprint: 487.15 MB (VRAM)
================================================================================

================================================================================
INFERENCE AUDIT REPORT — 2026-08-29 07:36:23
================================================================================

[1] MODEL INFORMATION
--------------------------------------------------------------------------------
Model ID / Name:     HuggingFaceTB/SmolLM2-135M
Architecture:        Dense Transformer
Quantization Mode:   Full Precision (torch.bfloat16)
Precision Base:      torch.bfloat16
Total Parameters:    134,515,008 (134.52 M)
Total Memory in RAM: 256.57 MB
Dimensions:          Layers: 30, Hidden Size: 576, KV Heads: 3, Head Dim: 64

[2] TOPOLOGY & COMPONENT DISTRIBUTION
--------------------------------------------------------------------------------
  • Local: vithurshan-HP-250-G8-Notebook-PC + NVIDIA GeForce RTX 3060 Laptop GPU:
    Allocated: layers 0-29, embedding, lm_head + norm

[3] GENERATION METADATA
--------------------------------------------------------------------------------
Temperature:         0.0
Prompt Tokens:       83 tokens
Generated Tokens:    25 tokens
Total Sequence:      108 tokens

[4] LATENCY & THROUGHPUT METRICS
--------------------------------------------------------------------------------
Time to First Token (TTFT): 30.6ms (Prefill: 2716.0 tok/s)
Decode Time:                626.2ms (Decode: 38.3 tok/s)
Total End-to-End Latency:   656.8ms
Per-token Latency (Avg):    26.1ms
Per-token Latency (Min):    23.6ms
Per-token Latency (Max):    29.1ms
Per-token Latency (P50):    25.6ms
Per-token Latency (P90):    28.6ms
Per-token Latency (P99):    29.1ms

[5] NETWORK PAYLOAD & DATA TRANSFER
--------------------------------------------------------------------------------
Total Data Sent:            0.00 B
Total Data Received:        0.00 B
Total Network I/O:          0.00 B
Avg Network Rate:           0.00 MB/s

Node Breakdown:
  • Fully Local Execution (0 network bytes)

[6] HARDWARE & MEMORY FOOTPRINT (PER NODE)
--------------------------------------------------------------------------------
Local Device:               cuda
GPU VRAM Before:            264.72 MB
GPU VRAM After:             390.40 MB
GPU VRAM Delta:             125.68 MB
KV Cache Total (est):       2.37 MB

Node Memory Breakdown (Layer Weights + Active KV Cache):
  • Local: vithurshan-HP-250-G8-Notebook-PC + NVIDIA GeForce RTX 3060 Laptop GPU:
    - Assigned:      layers 0-29, embedding, lm_head + norm
    - Layer Memory:  310.57 MB
    - Active KV:     2.35 MB
    - Total Footprint: 390.40 MB (VRAM)
================================================================================

================================================================================
INFERENCE AUDIT REPORT — 2026-08-29 07:36:27
================================================================================

[1] MODEL INFORMATION
--------------------------------------------------------------------------------
Model ID / Name:     HuggingFaceTB/SmolLM2-135M
Architecture:        Dense Transformer
Quantization Mode:   Full Precision (torch.bfloat16)
Precision Base:      torch.bfloat16
Total Parameters:    134,515,008 (134.52 M)
Total Memory in RAM: 256.57 MB
Dimensions:          Layers: 30, Hidden Size: 576, KV Heads: 3, Head Dim: 64

[2] TOPOLOGY & COMPONENT DISTRIBUTION
--------------------------------------------------------------------------------
  • Local: vithurshan-HP-250-G8-Notebook-PC + NVIDIA GeForce RTX 3060 Laptop GPU:
    Allocated: layers 0-29, embedding, lm_head + norm

[3] GENERATION METADATA
--------------------------------------------------------------------------------
Temperature:         0.0
Prompt Tokens:       84 tokens
Generated Tokens:    120 tokens
Total Sequence:      204 tokens

[4] LATENCY & THROUGHPUT METRICS
--------------------------------------------------------------------------------
Time to First Token (TTFT): 30.6ms (Prefill: 2746.0 tok/s)
Decode Time:                3.321s (Decode: 35.8 tok/s)
Total End-to-End Latency:   3.352s
Per-token Latency (Avg):    27.9ms
Per-token Latency (Min):    23.6ms
Per-token Latency (Max):    39.2ms
Per-token Latency (P50):    27.6ms
Per-token Latency (P90):    32.0ms
Per-token Latency (P99):    38.4ms

[5] NETWORK PAYLOAD & DATA TRANSFER
--------------------------------------------------------------------------------
Total Data Sent:            0.00 B
Total Data Received:        0.00 B
Total Network I/O:          0.00 B
Avg Network Rate:           0.00 MB/s

Node Breakdown:
  • Fully Local Execution (0 network bytes)

[6] HARDWARE & MEMORY FOOTPRINT (PER NODE)
--------------------------------------------------------------------------------
Local Device:               cuda
GPU VRAM Before:            264.72 MB
GPU VRAM After:             784.78 MB
GPU VRAM Delta:             520.06 MB
KV Cache Total (est):       4.48 MB

Node Memory Breakdown (Layer Weights + Active KV Cache):
  • Local: vithurshan-HP-250-G8-Notebook-PC + NVIDIA GeForce RTX 3060 Laptop GPU:
    - Assigned:      layers 0-29, embedding, lm_head + norm
    - Layer Memory:  310.57 MB
    - Active KV:     4.46 MB
    - Total Footprint: 784.78 MB (VRAM)
================================================================================

================================================================================
INFERENCE AUDIT REPORT — 2026-08-29 07:36:46
================================================================================

[1] MODEL INFORMATION
--------------------------------------------------------------------------------
Model ID / Name:     HuggingFaceTB/SmolLM2-135M
Architecture:        Dense Transformer
Quantization Mode:   Full Precision (torch.bfloat16)
Precision Base:      torch.bfloat16
Total Parameters:    134,515,008 (134.52 M)
Total Memory in RAM: 256.57 MB
Dimensions:          Layers: 30, Hidden Size: 576, KV Heads: 3, Head Dim: 64

[2] TOPOLOGY & COMPONENT DISTRIBUTION
--------------------------------------------------------------------------------
  • Worker-Node (192.168.8.130:9900):
    Allocated: layers 0-7
  • Local: vithurshan-HP-250-G8-Notebook-PC + NVIDIA GeForce RTX 3060 Laptop GPU:
    Allocated: layers 8-29, embedding, lm_head + norm

[3] GENERATION METADATA
--------------------------------------------------------------------------------
Temperature:         0.0
Prompt Tokens:       9 tokens
Generated Tokens:    20 tokens
Total Sequence:      29 tokens

[4] LATENCY & THROUGHPUT METRICS
--------------------------------------------------------------------------------
Time to First Token (TTFT): 433.1ms (Prefill: 20.8 tok/s)
Decode Time:                3.636s (Decode: 5.2 tok/s)
Total End-to-End Latency:   4.069s
Per-token Latency (Avg):    191.4ms
Per-token Latency (Min):    142.1ms
Per-token Latency (Max):    334.8ms
Per-token Latency (P50):    176.9ms
Per-token Latency (P90):    266.9ms
Per-token Latency (P99):    334.8ms

[5] NETWORK PAYLOAD & DATA TRANSFER
--------------------------------------------------------------------------------
Total Data Sent:            524.28 KB
Total Data Received:        323.25 KB
Total Network I/O:          847.53 KB
Avg Network Rate:           0.20 MB/s

Node Breakdown:
  • Worker-Node (192.168.8.130:9900): Sent: 524.32 KB, Received: 323.33 KB

[6] HARDWARE & MEMORY FOOTPRINT (PER NODE)
--------------------------------------------------------------------------------
Local Device:               cuda
GPU VRAM Before:            264.72 MB
GPU VRAM After:             286.31 MB
GPU VRAM Delta:             21.59 MB
KV Cache Total (est):       652.50 KB

Node Memory Breakdown (Layer Weights + Active KV Cache):
  • Local: vithurshan-HP-250-G8-Notebook-PC + NVIDIA GeForce RTX 3060 Laptop GPU:
    - Assigned:      layers 8-29, embedding, lm_head + norm
    - Layer Memory:  256.55 MB
    - Active KV:     462.00 KB
    - Total Footprint: 286.31 MB (VRAM)
================================================================================

================================================================================
INFERENCE AUDIT REPORT — 2026-08-29 07:37:02
================================================================================

[1] MODEL INFORMATION
--------------------------------------------------------------------------------
Model ID / Name:     HuggingFaceTB/SmolLM2-135M
Architecture:        Dense Transformer
Quantization Mode:   Full Precision (torch.bfloat16)
Precision Base:      torch.bfloat16
Total Parameters:    134,515,008 (134.52 M)
Total Memory in RAM: 256.57 MB
Dimensions:          Layers: 30, Hidden Size: 576, KV Heads: 3, Head Dim: 64

[2] TOPOLOGY & COMPONENT DISTRIBUTION
--------------------------------------------------------------------------------
  • Worker-Node (192.168.8.130:9900):
    Allocated: layers 0-7
  • Local: vithurshan-HP-250-G8-Notebook-PC + NVIDIA GeForce RTX 3060 Laptop GPU:
    Allocated: layers 8-29, embedding, lm_head + norm

[3] GENERATION METADATA
--------------------------------------------------------------------------------
Temperature:         0.0
Prompt Tokens:       8 tokens
Generated Tokens:    80 tokens
Total Sequence:      88 tokens

[4] LATENCY & THROUGHPUT METRICS
--------------------------------------------------------------------------------
Time to First Token (TTFT): 445.5ms (Prefill: 18.0 tok/s)
Decode Time:                14.934s (Decode: 5.3 tok/s)
Total End-to-End Latency:   15.380s
Per-token Latency (Avg):    189.0ms
Per-token Latency (Min):    137.5ms
Per-token Latency (Max):    405.4ms
Per-token Latency (P50):    178.0ms
Per-token Latency (P90):    242.5ms
Per-token Latency (P99):    405.4ms

[5] NETWORK PAYLOAD & DATA TRANSFER
--------------------------------------------------------------------------------
Total Data Sent:            1.78 MB
Total Data Received:        1.04 MB
Total Network I/O:          2.82 MB
Avg Network Rate:           0.18 MB/s

Node Breakdown:
  • Worker-Node (192.168.8.130:9900): Sent: 1.78 MB, Received: 1.04 MB

[6] HARDWARE & MEMORY FOOTPRINT (PER NODE)
--------------------------------------------------------------------------------
Local Device:               cuda
GPU VRAM Before:            264.72 MB
GPU VRAM After:             374.33 MB
GPU VRAM Delta:             109.62 MB
KV Cache Total (est):       1.93 MB

Node Memory Breakdown (Layer Weights + Active KV Cache):
  • Local: vithurshan-HP-250-G8-Notebook-PC + NVIDIA GeForce RTX 3060 Laptop GPU:
    - Assigned:      layers 8-29, embedding, lm_head + norm
    - Layer Memory:  256.55 MB
    - Active KV:     1.40 MB
    - Total Footprint: 374.33 MB (VRAM)
================================================================================

================================================================================
INFERENCE AUDIT REPORT — 2026-08-29 07:37:18
================================================================================

[1] MODEL INFORMATION
--------------------------------------------------------------------------------
Model ID / Name:     HuggingFaceTB/SmolLM2-135M
Architecture:        Dense Transformer
Quantization Mode:   Full Precision (torch.bfloat16)
Precision Base:      torch.bfloat16
Total Parameters:    134,515,008 (134.52 M)
Total Memory in RAM: 256.57 MB
Dimensions:          Layers: 30, Hidden Size: 576, KV Heads: 3, Head Dim: 64

[2] TOPOLOGY & COMPONENT DISTRIBUTION
--------------------------------------------------------------------------------
  • Worker-Node (192.168.8.130:9900):
    Allocated: layers 0-7
  • Local: vithurshan-HP-250-G8-Notebook-PC + NVIDIA GeForce RTX 3060 Laptop GPU:
    Allocated: layers 8-29, embedding, lm_head + norm

[3] GENERATION METADATA
--------------------------------------------------------------------------------
Temperature:         0.0
Prompt Tokens:       38 tokens
Generated Tokens:    80 tokens
Total Sequence:      118 tokens

[4] LATENCY & THROUGHPUT METRICS
--------------------------------------------------------------------------------
Time to First Token (TTFT): 1.185s (Prefill: 32.1 tok/s)
Decode Time:                13.708s (Decode: 5.8 tok/s)
Total End-to-End Latency:   14.893s
Per-token Latency (Avg):    173.5ms
Per-token Latency (Min):    128.8ms
Per-token Latency (Max):    297.2ms
Per-token Latency (P50):    173.8ms
Per-token Latency (P90):    191.1ms
Per-token Latency (P99):    297.2ms

[5] NETWORK PAYLOAD & DATA TRANSFER
--------------------------------------------------------------------------------
Total Data Sent:            2.10 MB
Total Data Received:        1.31 MB
Total Network I/O:          3.41 MB
Avg Network Rate:           0.23 MB/s

Node Breakdown:
  • Worker-Node (192.168.8.130:9900): Sent: 2.10 MB, Received: 1.31 MB

[6] HARDWARE & MEMORY FOOTPRINT (PER NODE)
--------------------------------------------------------------------------------
Local Device:               cuda
GPU VRAM Before:            264.72 MB
GPU VRAM After:             425.70 MB
GPU VRAM Delta:             160.98 MB
KV Cache Total (est):       2.59 MB

Node Memory Breakdown (Layer Weights + Active KV Cache):
  • Local: vithurshan-HP-250-G8-Notebook-PC + NVIDIA GeForce RTX 3060 Laptop GPU:
    - Assigned:      layers 8-29, embedding, lm_head + norm
    - Layer Memory:  256.55 MB
    - Active KV:     1.89 MB
    - Total Footprint: 425.70 MB (VRAM)
================================================================================

================================================================================
INFERENCE AUDIT REPORT — 2026-08-29 07:37:25
================================================================================

[1] MODEL INFORMATION
--------------------------------------------------------------------------------
Model ID / Name:     HuggingFaceTB/SmolLM2-135M
Architecture:        Dense Transformer
Quantization Mode:   Full Precision (torch.bfloat16)
Precision Base:      torch.bfloat16
Total Parameters:    134,515,008 (134.52 M)
Total Memory in RAM: 256.57 MB
Dimensions:          Layers: 30, Hidden Size: 576, KV Heads: 3, Head Dim: 64

[2] TOPOLOGY & COMPONENT DISTRIBUTION
--------------------------------------------------------------------------------
  • Worker-Node (192.168.8.130:9900):
    Allocated: layers 0-7
  • Local: vithurshan-HP-250-G8-Notebook-PC + NVIDIA GeForce RTX 3060 Laptop GPU:
    Allocated: layers 8-29, embedding, lm_head + norm

[3] GENERATION METADATA
--------------------------------------------------------------------------------
Temperature:         0.0
Prompt Tokens:       83 tokens
Generated Tokens:    25 tokens
Total Sequence:      108 tokens

[4] LATENCY & THROUGHPUT METRICS
--------------------------------------------------------------------------------
Time to First Token (TTFT): 1.917s (Prefill: 43.3 tok/s)
Decode Time:                4.156s (Decode: 5.8 tok/s)
Total End-to-End Latency:   6.073s
Per-token Latency (Avg):    173.2ms
Per-token Latency (Min):    144.3ms
Per-token Latency (Max):    192.3ms
Per-token Latency (P50):    173.1ms
Per-token Latency (P90):    187.8ms
Per-token Latency (P99):    192.3ms

[5] NETWORK PAYLOAD & DATA TRANSFER
--------------------------------------------------------------------------------
Total Data Sent:            1.42 MB
Total Data Received:        1.03 MB
Total Network I/O:          2.45 MB
Avg Network Rate:           0.40 MB/s

Node Breakdown:
  • Worker-Node (192.168.8.130:9900): Sent: 1.42 MB, Received: 1.03 MB

[6] HARDWARE & MEMORY FOOTPRINT (PER NODE)
--------------------------------------------------------------------------------
Local Device:               cuda
GPU VRAM Before:            264.72 MB
GPU VRAM After:             355.68 MB
GPU VRAM Delta:             90.96 MB
KV Cache Total (est):       2.37 MB

Node Memory Breakdown (Layer Weights + Active KV Cache):
  • Local: vithurshan-HP-250-G8-Notebook-PC + NVIDIA GeForce RTX 3060 Laptop GPU:
    - Assigned:      layers 8-29, embedding, lm_head + norm
    - Layer Memory:  256.55 MB
    - Active KV:     1.72 MB
    - Total Footprint: 355.68 MB (VRAM)
================================================================================

================================================================================
INFERENCE AUDIT REPORT — 2026-08-29 07:37:43
================================================================================

[1] MODEL INFORMATION
--------------------------------------------------------------------------------
Model ID / Name:     HuggingFaceTB/SmolLM2-135M
Architecture:        Dense Transformer
Quantization Mode:   Full Precision (torch.bfloat16)
Precision Base:      torch.bfloat16
Total Parameters:    134,515,008 (134.52 M)
Total Memory in RAM: 256.57 MB
Dimensions:          Layers: 30, Hidden Size: 576, KV Heads: 3, Head Dim: 64

[2] TOPOLOGY & COMPONENT DISTRIBUTION
--------------------------------------------------------------------------------
  • Worker-Node (192.168.8.130:9900):
    Allocated: layers 0-7
  • Local: vithurshan-HP-250-G8-Notebook-PC + NVIDIA GeForce RTX 3060 Laptop GPU:
    Allocated: layers 8-29, embedding, lm_head + norm

[3] GENERATION METADATA
--------------------------------------------------------------------------------
Temperature:         0.0
Prompt Tokens:       84 tokens
Generated Tokens:    120 tokens
Total Sequence:      204 tokens

[4] LATENCY & THROUGHPUT METRICS
--------------------------------------------------------------------------------
Time to First Token (TTFT): 1.835s (Prefill: 45.8 tok/s)
Decode Time:                15.020s (Decode: 7.9 tok/s)
Total End-to-End Latency:   16.855s
Per-token Latency (Avg):    126.2ms
Per-token Latency (Min):    100.0ms
Per-token Latency (Max):    181.0ms
Per-token Latency (P50):    123.3ms
Per-token Latency (P90):    151.4ms
Per-token Latency (P99):    178.2ms

[5] NETWORK PAYLOAD & DATA TRANSFER
--------------------------------------------------------------------------------
Total Data Sent:            3.45 MB
Total Data Received:        2.20 MB
Total Network I/O:          5.65 MB
Avg Network Rate:           0.34 MB/s

Node Breakdown:
  • Worker-Node (192.168.8.130:9900): Sent: 3.45 MB, Received: 2.20 MB

[6] HARDWARE & MEMORY FOOTPRINT (PER NODE)
--------------------------------------------------------------------------------
Local Device:               cuda
GPU VRAM Before:            264.72 MB
GPU VRAM After:             641.15 MB
GPU VRAM Delta:             376.43 MB
KV Cache Total (est):       4.48 MB

Node Memory Breakdown (Layer Weights + Active KV Cache):
  • Local: vithurshan-HP-250-G8-Notebook-PC + NVIDIA GeForce RTX 3060 Laptop GPU:
    - Assigned:      layers 8-29, embedding, lm_head + norm
    - Layer Memory:  256.55 MB
    - Active KV:     3.27 MB
    - Total Footprint: 641.15 MB (VRAM)
================================================================================

================================================================================
INFERENCE AUDIT REPORT — 2026-08-29 07:38:00
================================================================================

[1] MODEL INFORMATION
--------------------------------------------------------------------------------
Model ID / Name:     HuggingFaceTB/SmolLM2-135M
Architecture:        Dense Transformer
Quantization Mode:   Full Precision (torch.bfloat16)
Precision Base:      torch.bfloat16
Total Parameters:    134,515,008 (134.52 M)
Total Memory in RAM: 256.57 MB
Dimensions:          Layers: 30, Hidden Size: 576, KV Heads: 3, Head Dim: 64

[2] TOPOLOGY & COMPONENT DISTRIBUTION
--------------------------------------------------------------------------------
  • Worker-Node (192.168.8.130:9900):
    Allocated: layers 0-14
  • Local: vithurshan-HP-250-G8-Notebook-PC + NVIDIA GeForce RTX 3060 Laptop GPU:
    Allocated: layers 15-29, embedding, lm_head + norm

[3] GENERATION METADATA
--------------------------------------------------------------------------------
Temperature:         0.0
Prompt Tokens:       9 tokens
Generated Tokens:    20 tokens
Total Sequence:      29 tokens

[4] LATENCY & THROUGHPUT METRICS
--------------------------------------------------------------------------------
Time to First Token (TTFT): 338.3ms (Prefill: 26.6 tok/s)
Decode Time:                5.548s (Decode: 3.4 tok/s)
Total End-to-End Latency:   5.887s
Per-token Latency (Avg):    292.0ms
Per-token Latency (Min):    205.1ms
Per-token Latency (Max):    391.7ms
Per-token Latency (P50):    294.9ms
Per-token Latency (P90):    369.5ms
Per-token Latency (P99):    391.7ms

[5] NETWORK PAYLOAD & DATA TRANSFER
--------------------------------------------------------------------------------
Total Data Sent:            983.10 KB
Total Data Received:        606.09 KB
Total Network I/O:          1.55 MB
Avg Network Rate:           0.26 MB/s

Node Breakdown:
  • Worker-Node (192.168.8.130:9900): Sent: 983.14 KB, Received: 606.17 KB

[6] HARDWARE & MEMORY FOOTPRINT (PER NODE)
--------------------------------------------------------------------------------
Local Device:               cuda
GPU VRAM Before:            264.72 MB
GPU VRAM After:             279.19 MB
GPU VRAM Delta:             14.47 MB
KV Cache Total (est):       652.50 KB

Node Memory Breakdown (Layer Weights + Active KV Cache):
  • Local: vithurshan-HP-250-G8-Notebook-PC + NVIDIA GeForce RTX 3060 Laptop GPU:
    - Assigned:      layers 15-29, embedding, lm_head + norm
    - Layer Memory:  209.28 MB
    - Active KV:     315.00 KB
    - Total Footprint: 279.19 MB (VRAM)
================================================================================

================================================================================
INFERENCE AUDIT REPORT — 2026-08-29 07:38:25
================================================================================

[1] MODEL INFORMATION
--------------------------------------------------------------------------------
Model ID / Name:     HuggingFaceTB/SmolLM2-135M
Architecture:        Dense Transformer
Quantization Mode:   Full Precision (torch.bfloat16)
Precision Base:      torch.bfloat16
Total Parameters:    134,515,008 (134.52 M)
Total Memory in RAM: 256.57 MB
Dimensions:          Layers: 30, Hidden Size: 576, KV Heads: 3, Head Dim: 64

[2] TOPOLOGY & COMPONENT DISTRIBUTION
--------------------------------------------------------------------------------
  • Worker-Node (192.168.8.130:9900):
    Allocated: layers 0-14
  • Local: vithurshan-HP-250-G8-Notebook-PC + NVIDIA GeForce RTX 3060 Laptop GPU:
    Allocated: layers 15-29, embedding, lm_head + norm

[3] GENERATION METADATA
--------------------------------------------------------------------------------
Temperature:         0.0
Prompt Tokens:       8 tokens
Generated Tokens:    80 tokens
Total Sequence:      88 tokens

[4] LATENCY & THROUGHPUT METRICS
--------------------------------------------------------------------------------
Time to First Token (TTFT): 812.3ms (Prefill: 9.8 tok/s)
Decode Time:                23.149s (Decode: 3.4 tok/s)
Total End-to-End Latency:   23.961s
Per-token Latency (Avg):    293.0ms
Per-token Latency (Min):    220.7ms
Per-token Latency (Max):    376.5ms
Per-token Latency (P50):    288.3ms
Per-token Latency (P90):    340.2ms
Per-token Latency (P99):    376.5ms

[5] NETWORK PAYLOAD & DATA TRANSFER
--------------------------------------------------------------------------------
Total Data Sent:            3.33 MB
Total Data Received:        1.96 MB
Total Network I/O:          5.29 MB
Avg Network Rate:           0.22 MB/s

Node Breakdown:
  • Worker-Node (192.168.8.130:9900): Sent: 3.33 MB, Received: 1.96 MB

[6] HARDWARE & MEMORY FOOTPRINT (PER NODE)
--------------------------------------------------------------------------------
Local Device:               cuda
GPU VRAM Before:            264.72 MB
GPU VRAM After:             337.97 MB
GPU VRAM Delta:             73.25 MB
KV Cache Total (est):       1.93 MB

Node Memory Breakdown (Layer Weights + Active KV Cache):
  • Local: vithurshan-HP-250-G8-Notebook-PC + NVIDIA GeForce RTX 3060 Laptop GPU:
    - Assigned:      layers 15-29, embedding, lm_head + norm
    - Layer Memory:  209.28 MB
    - Active KV:     978.75 KB
    - Total Footprint: 337.97 MB (VRAM)
================================================================================

================================================================================
INFERENCE AUDIT REPORT — 2026-08-29 07:38:50
================================================================================

[1] MODEL INFORMATION
--------------------------------------------------------------------------------
Model ID / Name:     HuggingFaceTB/SmolLM2-135M
Architecture:        Dense Transformer
Quantization Mode:   Full Precision (torch.bfloat16)
Precision Base:      torch.bfloat16
Total Parameters:    134,515,008 (134.52 M)
Total Memory in RAM: 256.57 MB
Dimensions:          Layers: 30, Hidden Size: 576, KV Heads: 3, Head Dim: 64

[2] TOPOLOGY & COMPONENT DISTRIBUTION
--------------------------------------------------------------------------------
  • Worker-Node (192.168.8.130:9900):
    Allocated: layers 0-14
  • Local: vithurshan-HP-250-G8-Notebook-PC + NVIDIA GeForce RTX 3060 Laptop GPU:
    Allocated: layers 15-29, embedding, lm_head + norm

[3] GENERATION METADATA
--------------------------------------------------------------------------------
Temperature:         0.0
Prompt Tokens:       38 tokens
Generated Tokens:    80 tokens
Total Sequence:      118 tokens

[4] LATENCY & THROUGHPUT METRICS
--------------------------------------------------------------------------------
Time to First Token (TTFT): 1.846s (Prefill: 20.6 tok/s)
Decode Time:                22.809s (Decode: 3.5 tok/s)
Total End-to-End Latency:   24.655s
Per-token Latency (Avg):    288.7ms
Per-token Latency (Min):    232.7ms
Per-token Latency (Max):    351.7ms
Per-token Latency (P50):    287.4ms
Per-token Latency (P90):    320.4ms
Per-token Latency (P99):    351.7ms

[5] NETWORK PAYLOAD & DATA TRANSFER
--------------------------------------------------------------------------------
Total Data Sent:            3.94 MB
Total Data Received:        2.45 MB
Total Network I/O:          6.39 MB
Avg Network Rate:           0.26 MB/s

Node Breakdown:
  • Worker-Node (192.168.8.130:9900): Sent: 3.94 MB, Received: 2.45 MB

[6] HARDWARE & MEMORY FOOTPRINT (PER NODE)
--------------------------------------------------------------------------------
Local Device:               cuda
GPU VRAM Before:            264.72 MB
GPU VRAM After:             372.24 MB
GPU VRAM Delta:             107.53 MB
KV Cache Total (est):       2.59 MB

Node Memory Breakdown (Layer Weights + Active KV Cache):
  • Local: vithurshan-HP-250-G8-Notebook-PC + NVIDIA GeForce RTX 3060 Laptop GPU:
    - Assigned:      layers 15-29, embedding, lm_head + norm
    - Layer Memory:  209.28 MB
    - Active KV:     1.29 MB
    - Total Footprint: 372.24 MB (VRAM)
================================================================================

================================================================================
INFERENCE AUDIT REPORT — 2026-08-29 07:39:01
================================================================================

[1] MODEL INFORMATION
--------------------------------------------------------------------------------
Model ID / Name:     HuggingFaceTB/SmolLM2-135M
Architecture:        Dense Transformer
Quantization Mode:   Full Precision (torch.bfloat16)
Precision Base:      torch.bfloat16
Total Parameters:    134,515,008 (134.52 M)
Total Memory in RAM: 256.57 MB
Dimensions:          Layers: 30, Hidden Size: 576, KV Heads: 3, Head Dim: 64

[2] TOPOLOGY & COMPONENT DISTRIBUTION
--------------------------------------------------------------------------------
  • Worker-Node (192.168.8.130:9900):
    Allocated: layers 0-14
  • Local: vithurshan-HP-250-G8-Notebook-PC + NVIDIA GeForce RTX 3060 Laptop GPU:
    Allocated: layers 15-29, embedding, lm_head + norm

[3] GENERATION METADATA
--------------------------------------------------------------------------------
Temperature:         0.0
Prompt Tokens:       83 tokens
Generated Tokens:    25 tokens
Total Sequence:      108 tokens

[4] LATENCY & THROUGHPUT METRICS
--------------------------------------------------------------------------------
Time to First Token (TTFT): 2.762s (Prefill: 30.0 tok/s)
Decode Time:                7.038s (Decode: 3.4 tok/s)
Total End-to-End Latency:   9.801s
Per-token Latency (Avg):    293.3ms
Per-token Latency (Min):    245.8ms
Per-token Latency (Max):    346.0ms
Per-token Latency (P50):    289.7ms
Per-token Latency (P90):    338.9ms
Per-token Latency (P99):    346.0ms

[5] NETWORK PAYLOAD & DATA TRANSFER
--------------------------------------------------------------------------------
Total Data Sent:            2.66 MB
Total Data Received:        1.93 MB
Total Network I/O:          4.59 MB
Avg Network Rate:           0.47 MB/s

Node Breakdown:
  • Worker-Node (192.168.8.130:9900): Sent: 2.66 MB, Received: 1.93 MB

[6] HARDWARE & MEMORY FOOTPRINT (PER NODE)
--------------------------------------------------------------------------------
Local Device:               cuda
GPU VRAM Before:            264.72 MB
GPU VRAM After:             325.52 MB
GPU VRAM Delta:             60.81 MB
KV Cache Total (est):       2.37 MB

Node Memory Breakdown (Layer Weights + Active KV Cache):
  • Local: vithurshan-HP-250-G8-Notebook-PC + NVIDIA GeForce RTX 3060 Laptop GPU:
    - Assigned:      layers 15-29, embedding, lm_head + norm
    - Layer Memory:  209.28 MB
    - Active KV:     1.18 MB
    - Total Footprint: 325.52 MB (VRAM)
================================================================================

================================================================================
INFERENCE AUDIT REPORT — 2026-08-29 07:39:41
================================================================================

[1] MODEL INFORMATION
--------------------------------------------------------------------------------
Model ID / Name:     HuggingFaceTB/SmolLM2-135M
Architecture:        Dense Transformer
Quantization Mode:   Full Precision (torch.bfloat16)
Precision Base:      torch.bfloat16
Total Parameters:    134,515,008 (134.52 M)
Total Memory in RAM: 256.57 MB
Dimensions:          Layers: 30, Hidden Size: 576, KV Heads: 3, Head Dim: 64

[2] TOPOLOGY & COMPONENT DISTRIBUTION
--------------------------------------------------------------------------------
  • Worker-Node (192.168.8.130:9900):
    Allocated: layers 0-14
  • Local: vithurshan-HP-250-G8-Notebook-PC + NVIDIA GeForce RTX 3060 Laptop GPU:
    Allocated: layers 15-29, embedding, lm_head + norm

[3] GENERATION METADATA
--------------------------------------------------------------------------------
Temperature:         0.0
Prompt Tokens:       84 tokens
Generated Tokens:    120 tokens
Total Sequence:      204 tokens

[4] LATENCY & THROUGHPUT METRICS
--------------------------------------------------------------------------------
Time to First Token (TTFT): 3.014s (Prefill: 27.9 tok/s)
Decode Time:                36.206s (Decode: 3.3 tok/s)
Total End-to-End Latency:   39.221s
Per-token Latency (Avg):    304.3ms
Per-token Latency (Min):    241.6ms
Per-token Latency (Max):    749.0ms
Per-token Latency (P50):    299.8ms
Per-token Latency (P90):    330.3ms
Per-token Latency (P99):    592.2ms

[5] NETWORK PAYLOAD & DATA TRANSFER
--------------------------------------------------------------------------------
Total Data Sent:            6.47 MB
Total Data Received:        4.13 MB
Total Network I/O:          10.60 MB
Avg Network Rate:           0.27 MB/s

Node Breakdown:
  • Worker-Node (192.168.8.130:9900): Sent: 6.47 MB, Received: 4.13 MB

[6] HARDWARE & MEMORY FOOTPRINT (PER NODE)
--------------------------------------------------------------------------------
Local Device:               cuda
GPU VRAM Before:            264.72 MB
GPU VRAM After:             515.98 MB
GPU VRAM Delta:             251.27 MB
KV Cache Total (est):       4.48 MB

Node Memory Breakdown (Layer Weights + Active KV Cache):
  • Local: vithurshan-HP-250-G8-Notebook-PC + NVIDIA GeForce RTX 3060 Laptop GPU:
    - Assigned:      layers 15-29, embedding, lm_head + norm
    - Layer Memory:  209.28 MB
    - Active KV:     2.23 MB
    - Total Footprint: 515.98 MB (VRAM)
================================================================================

================================================================================
INFERENCE AUDIT REPORT — 2026-08-29 07:40:15
================================================================================

[1] MODEL INFORMATION
--------------------------------------------------------------------------------
Model ID / Name:     HuggingFaceTB/SmolLM2-135M
Architecture:        Dense Transformer
Quantization Mode:   Full Precision (torch.bfloat16)
Precision Base:      torch.bfloat16
Total Parameters:    134,515,008 (134.52 M)
Total Memory in RAM: 256.57 MB
Dimensions:          Layers: 30, Hidden Size: 576, KV Heads: 3, Head Dim: 64

[2] TOPOLOGY & COMPONENT DISTRIBUTION
--------------------------------------------------------------------------------
  • Worker-Node (192.168.8.130:9900):
    Allocated: layers 0-22
  • Local: vithurshan-HP-250-G8-Notebook-PC + NVIDIA GeForce RTX 3060 Laptop GPU:
    Allocated: layers 23-29, embedding, lm_head + norm

[3] GENERATION METADATA
--------------------------------------------------------------------------------
Temperature:         0.0
Prompt Tokens:       9 tokens
Generated Tokens:    20 tokens
Total Sequence:      29 tokens

[4] LATENCY & THROUGHPUT METRICS
--------------------------------------------------------------------------------
Time to First Token (TTFT): 859.4ms (Prefill: 10.5 tok/s)
Decode Time:                8.355s (Decode: 2.3 tok/s)
Total End-to-End Latency:   9.214s
Per-token Latency (Avg):    439.7ms
Per-token Latency (Min):    399.4ms
Per-token Latency (Max):    569.0ms
Per-token Latency (P50):    429.9ms
Per-token Latency (P90):    505.6ms
Per-token Latency (P99):    569.0ms

[5] NETWORK PAYLOAD & DATA TRANSFER
--------------------------------------------------------------------------------
Total Data Sent:            1.47 MB
Total Data Received:        929.34 KB
Total Network I/O:          2.38 MB
Avg Network Rate:           0.26 MB/s

Node Breakdown:
  • Worker-Node (192.168.8.130:9900): Sent: 1.47 MB, Received: 929.42 KB

[6] HARDWARE & MEMORY FOOTPRINT (PER NODE)
--------------------------------------------------------------------------------
Local Device:               cuda
GPU VRAM Before:            264.72 MB
GPU VRAM After:             271.06 MB
GPU VRAM Delta:             6.34 MB
KV Cache Total (est):       652.50 KB

Node Memory Breakdown (Layer Weights + Active KV Cache):
  • Local: vithurshan-HP-250-G8-Notebook-PC + NVIDIA GeForce RTX 3060 Laptop GPU:
    - Assigned:      layers 23-29, embedding, lm_head + norm
    - Layer Memory:  155.27 MB
    - Active KV:     147.00 KB
    - Total Footprint: 271.06 MB (VRAM)
================================================================================

================================================================================
INFERENCE AUDIT REPORT — 2026-08-29 07:40:53
================================================================================

[1] MODEL INFORMATION
--------------------------------------------------------------------------------
Model ID / Name:     HuggingFaceTB/SmolLM2-135M
Architecture:        Dense Transformer
Quantization Mode:   Full Precision (torch.bfloat16)
Precision Base:      torch.bfloat16
Total Parameters:    134,515,008 (134.52 M)
Total Memory in RAM: 256.57 MB
Dimensions:          Layers: 30, Hidden Size: 576, KV Heads: 3, Head Dim: 64

[2] TOPOLOGY & COMPONENT DISTRIBUTION
--------------------------------------------------------------------------------
  • Worker-Node (192.168.8.130:9900):
    Allocated: layers 0-22
  • Local: vithurshan-HP-250-G8-Notebook-PC + NVIDIA GeForce RTX 3060 Laptop GPU:
    Allocated: layers 23-29, embedding, lm_head + norm

[3] GENERATION METADATA
--------------------------------------------------------------------------------
Temperature:         0.0
Prompt Tokens:       8 tokens
Generated Tokens:    80 tokens
Total Sequence:      88 tokens

[4] LATENCY & THROUGHPUT METRICS
--------------------------------------------------------------------------------
Time to First Token (TTFT): 1.133s (Prefill: 7.1 tok/s)
Decode Time:                35.466s (Decode: 2.2 tok/s)
Total End-to-End Latency:   36.599s
Per-token Latency (Avg):    448.9ms
Per-token Latency (Min):    377.2ms
Per-token Latency (Max):    516.8ms
Per-token Latency (P50):    448.8ms
Per-token Latency (P90):    491.2ms
Per-token Latency (P99):    516.8ms

[5] NETWORK PAYLOAD & DATA TRANSFER
--------------------------------------------------------------------------------
Total Data Sent:            5.11 MB
Total Data Received:        3.00 MB
Total Network I/O:          8.11 MB
Avg Network Rate:           0.22 MB/s

Node Breakdown:
  • Worker-Node (192.168.8.130:9900): Sent: 5.11 MB, Received: 3.00 MB

[6] HARDWARE & MEMORY FOOTPRINT (PER NODE)
--------------------------------------------------------------------------------
Local Device:               cuda
GPU VRAM Before:            264.72 MB
GPU VRAM After:             296.40 MB
GPU VRAM Delta:             31.69 MB
KV Cache Total (est):       1.93 MB

Node Memory Breakdown (Layer Weights + Active KV Cache):
  • Local: vithurshan-HP-250-G8-Notebook-PC + NVIDIA GeForce RTX 3060 Laptop GPU:
    - Assigned:      layers 23-29, embedding, lm_head + norm
    - Layer Memory:  155.27 MB
    - Active KV:     456.75 KB
    - Total Footprint: 296.40 MB (VRAM)
================================================================================

================================================================================
INFERENCE AUDIT REPORT — 2026-08-29 07:41:32
================================================================================

[1] MODEL INFORMATION
--------------------------------------------------------------------------------
Model ID / Name:     HuggingFaceTB/SmolLM2-135M
Architecture:        Dense Transformer
Quantization Mode:   Full Precision (torch.bfloat16)
Precision Base:      torch.bfloat16
Total Parameters:    134,515,008 (134.52 M)
Total Memory in RAM: 256.57 MB
Dimensions:          Layers: 30, Hidden Size: 576, KV Heads: 3, Head Dim: 64

[2] TOPOLOGY & COMPONENT DISTRIBUTION
--------------------------------------------------------------------------------
  • Worker-Node (192.168.8.130:9900):
    Allocated: layers 0-22
  • Local: vithurshan-HP-250-G8-Notebook-PC + NVIDIA GeForce RTX 3060 Laptop GPU:
    Allocated: layers 23-29, embedding, lm_head + norm

[3] GENERATION METADATA
--------------------------------------------------------------------------------
Temperature:         0.0
Prompt Tokens:       38 tokens
Generated Tokens:    80 tokens
Total Sequence:      118 tokens

[4] LATENCY & THROUGHPUT METRICS
--------------------------------------------------------------------------------
Time to First Token (TTFT): 2.659s (Prefill: 14.3 tok/s)
Decode Time:                35.034s (Decode: 2.3 tok/s)
Total End-to-End Latency:   37.692s
Per-token Latency (Avg):    443.5ms
Per-token Latency (Min):    344.4ms
Per-token Latency (Max):    535.0ms
Per-token Latency (P50):    449.4ms
Per-token Latency (P90):    489.6ms
Per-token Latency (P99):    535.0ms

[5] NETWORK PAYLOAD & DATA TRANSFER
--------------------------------------------------------------------------------
Total Data Sent:            6.04 MB
Total Data Received:        3.76 MB
Total Network I/O:          9.80 MB
Avg Network Rate:           0.26 MB/s

Node Breakdown:
  • Worker-Node (192.168.8.130:9900): Sent: 6.04 MB, Received: 3.76 MB

[6] HARDWARE & MEMORY FOOTPRINT (PER NODE)
--------------------------------------------------------------------------------
Local Device:               cuda
GPU VRAM Before:            264.72 MB
GPU VRAM After:             311.15 MB
GPU VRAM Delta:             46.43 MB
KV Cache Total (est):       2.59 MB

Node Memory Breakdown (Layer Weights + Active KV Cache):
  • Local: vithurshan-HP-250-G8-Notebook-PC + NVIDIA GeForce RTX 3060 Laptop GPU:
    - Assigned:      layers 23-29, embedding, lm_head + norm
    - Layer Memory:  155.27 MB
    - Active KV:     614.25 KB
    - Total Footprint: 311.15 MB (VRAM)
================================================================================

================================================================================
INFERENCE AUDIT REPORT — 2026-08-29 07:41:47
================================================================================

[1] MODEL INFORMATION
--------------------------------------------------------------------------------
Model ID / Name:     HuggingFaceTB/SmolLM2-135M
Architecture:        Dense Transformer
Quantization Mode:   Full Precision (torch.bfloat16)
Precision Base:      torch.bfloat16
Total Parameters:    134,515,008 (134.52 M)
Total Memory in RAM: 256.57 MB
Dimensions:          Layers: 30, Hidden Size: 576, KV Heads: 3, Head Dim: 64

[2] TOPOLOGY & COMPONENT DISTRIBUTION
--------------------------------------------------------------------------------
  • Worker-Node (192.168.8.130:9900):
    Allocated: layers 0-22
  • Local: vithurshan-HP-250-G8-Notebook-PC + NVIDIA GeForce RTX 3060 Laptop GPU:
    Allocated: layers 23-29, embedding, lm_head + norm

[3] GENERATION METADATA
--------------------------------------------------------------------------------
Temperature:         0.0
Prompt Tokens:       83 tokens
Generated Tokens:    25 tokens
Total Sequence:      108 tokens

[4] LATENCY & THROUGHPUT METRICS
--------------------------------------------------------------------------------
Time to First Token (TTFT): 3.662s (Prefill: 22.7 tok/s)
Decode Time:                10.609s (Decode: 2.3 tok/s)
Total End-to-End Latency:   14.272s
Per-token Latency (Avg):    442.1ms
Per-token Latency (Min):    392.2ms
Per-token Latency (Max):    489.5ms
Per-token Latency (P50):    443.5ms
Per-token Latency (P90):    479.7ms
Per-token Latency (P99):    489.5ms

[5] NETWORK PAYLOAD & DATA TRANSFER
--------------------------------------------------------------------------------
Total Data Sent:            4.08 MB
Total Data Received:        2.95 MB
Total Network I/O:          7.03 MB
Avg Network Rate:           0.49 MB/s

Node Breakdown:
  • Worker-Node (192.168.8.130:9900): Sent: 4.08 MB, Received: 2.95 MB

[6] HARDWARE & MEMORY FOOTPRINT (PER NODE)
--------------------------------------------------------------------------------
Local Device:               cuda
GPU VRAM Before:            264.72 MB
GPU VRAM After:             291.06 MB
GPU VRAM Delta:             26.34 MB
KV Cache Total (est):       2.37 MB

Node Memory Breakdown (Layer Weights + Active KV Cache):
  • Local: vithurshan-HP-250-G8-Notebook-PC + NVIDIA GeForce RTX 3060 Laptop GPU:
    - Assigned:      layers 23-29, embedding, lm_head + norm
    - Layer Memory:  155.27 MB
    - Active KV:     561.75 KB
    - Total Footprint: 291.06 MB (VRAM)
================================================================================

================================================================================
INFERENCE AUDIT REPORT — 2026-08-29 07:42:47
================================================================================

[1] MODEL INFORMATION
--------------------------------------------------------------------------------
Model ID / Name:     HuggingFaceTB/SmolLM2-135M
Architecture:        Dense Transformer
Quantization Mode:   Full Precision (torch.bfloat16)
Precision Base:      torch.bfloat16
Total Parameters:    134,515,008 (134.52 M)
Total Memory in RAM: 256.57 MB
Dimensions:          Layers: 30, Hidden Size: 576, KV Heads: 3, Head Dim: 64

[2] TOPOLOGY & COMPONENT DISTRIBUTION
--------------------------------------------------------------------------------
  • Worker-Node (192.168.8.130:9900):
    Allocated: layers 0-22
  • Local: vithurshan-HP-250-G8-Notebook-PC + NVIDIA GeForce RTX 3060 Laptop GPU:
    Allocated: layers 23-29, embedding, lm_head + norm

[3] GENERATION METADATA
--------------------------------------------------------------------------------
Temperature:         0.0
Prompt Tokens:       84 tokens
Generated Tokens:    120 tokens
Total Sequence:      204 tokens

[4] LATENCY & THROUGHPUT METRICS
--------------------------------------------------------------------------------
Time to First Token (TTFT): 3.608s (Prefill: 23.3 tok/s)
Decode Time:                54.943s (Decode: 2.2 tok/s)
Total End-to-End Latency:   58.551s
Per-token Latency (Avg):    461.7ms
Per-token Latency (Min):    356.8ms
Per-token Latency (Max):    1.326s
Per-token Latency (P50):    443.5ms
Per-token Latency (P90):    494.2ms
Per-token Latency (P99):    1.020s

[5] NETWORK PAYLOAD & DATA TRANSFER
--------------------------------------------------------------------------------
Total Data Sent:            9.92 MB
Total Data Received:        6.33 MB
Total Network I/O:          16.25 MB
Avg Network Rate:           0.28 MB/s

Node Breakdown:
  • Worker-Node (192.168.8.130:9900): Sent: 9.92 MB, Received: 6.33 MB

[6] HARDWARE & MEMORY FOOTPRINT (PER NODE)
--------------------------------------------------------------------------------
Local Device:               cuda
GPU VRAM Before:            264.72 MB
GPU VRAM After:             372.94 MB
GPU VRAM Delta:             108.22 MB
KV Cache Total (est):       4.48 MB

Node Memory Breakdown (Layer Weights + Active KV Cache):
  • Local: vithurshan-HP-250-G8-Notebook-PC + NVIDIA GeForce RTX 3060 Laptop GPU:
    - Assigned:      layers 23-29, embedding, lm_head + norm
    - Layer Memory:  155.27 MB
    - Active KV:     1.04 MB
    - Total Footprint: 372.94 MB (VRAM)
================================================================================

================================================================================
INFERENCE AUDIT REPORT — 2026-08-29 07:43:19
================================================================================

[1] MODEL INFORMATION
--------------------------------------------------------------------------------
Model ID / Name:     HuggingFaceTB/SmolLM2-135M
Architecture:        Dense Transformer
Quantization Mode:   Full Precision (torch.bfloat16)
Precision Base:      torch.bfloat16
Total Parameters:    134,515,008 (134.52 M)
Total Memory in RAM: 256.57 MB
Dimensions:          Layers: 30, Hidden Size: 576, KV Heads: 3, Head Dim: 64

[2] TOPOLOGY & COMPONENT DISTRIBUTION
--------------------------------------------------------------------------------
  • Worker-Node (192.168.8.130:9900):
    Allocated: layers 0-29
  • Local: vithurshan-HP-250-G8-Notebook-PC + NVIDIA GeForce RTX 3060 Laptop GPU:
    Allocated: embedding, lm_head + norm

[3] GENERATION METADATA
--------------------------------------------------------------------------------
Temperature:         0.0
Prompt Tokens:       9 tokens
Generated Tokens:    20 tokens
Total Sequence:      29 tokens

[4] LATENCY & THROUGHPUT METRICS
--------------------------------------------------------------------------------
Time to First Token (TTFT): 1.095s (Prefill: 8.2 tok/s)
Decode Time:                10.948s (Decode: 1.7 tok/s)
Total End-to-End Latency:   12.043s
Per-token Latency (Avg):    576.2ms
Per-token Latency (Min):    519.1ms
Per-token Latency (Max):    648.8ms
Per-token Latency (P50):    566.8ms
Per-token Latency (P90):    642.3ms
Per-token Latency (P99):    648.8ms

[5] NETWORK PAYLOAD & DATA TRANSFER
--------------------------------------------------------------------------------
Total Data Sent:            1.92 MB
Total Data Received:        1.18 MB
Total Network I/O:          3.10 MB
Avg Network Rate:           0.26 MB/s

Node Breakdown:
  • Worker-Node (192.168.8.130:9900): Sent: 1.92 MB, Received: 1.18 MB

[6] HARDWARE & MEMORY FOOTPRINT (PER NODE)
--------------------------------------------------------------------------------
Local Device:               cuda
GPU VRAM Before:            264.72 MB
GPU VRAM After:             264.81 MB
GPU VRAM Delta:             100.50 KB
KV Cache Total (est):       652.50 KB

Node Memory Breakdown (Layer Weights + Active KV Cache):
  • Local: vithurshan-HP-250-G8-Notebook-PC + NVIDIA GeForce RTX 3060 Laptop GPU:
    - Assigned:      embedding, lm_head + norm
    - Layer Memory:  108.00 MB
    - Active KV:     0.00 B
    - Total Footprint: 264.81 MB (VRAM)
================================================================================

================================================================================
INFERENCE AUDIT REPORT — 2026-08-29 07:44:05
================================================================================

[1] MODEL INFORMATION
--------------------------------------------------------------------------------
Model ID / Name:     HuggingFaceTB/SmolLM2-135M
Architecture:        Dense Transformer
Quantization Mode:   Full Precision (torch.bfloat16)
Precision Base:      torch.bfloat16
Total Parameters:    134,515,008 (134.52 M)
Total Memory in RAM: 256.57 MB
Dimensions:          Layers: 30, Hidden Size: 576, KV Heads: 3, Head Dim: 64

[2] TOPOLOGY & COMPONENT DISTRIBUTION
--------------------------------------------------------------------------------
  • Worker-Node (192.168.8.130:9900):
    Allocated: layers 0-29
  • Local: vithurshan-HP-250-G8-Notebook-PC + NVIDIA GeForce RTX 3060 Laptop GPU:
    Allocated: embedding, lm_head + norm

[3] GENERATION METADATA
--------------------------------------------------------------------------------
Temperature:         0.0
Prompt Tokens:       8 tokens
Generated Tokens:    80 tokens
Total Sequence:      88 tokens

[4] LATENCY & THROUGHPUT METRICS
--------------------------------------------------------------------------------
Time to First Token (TTFT): 1.176s (Prefill: 6.8 tok/s)
Decode Time:                43.223s (Decode: 1.8 tok/s)
Total End-to-End Latency:   44.399s
Per-token Latency (Avg):    547.1ms
Per-token Latency (Min):    473.8ms
Per-token Latency (Max):    665.8ms
Per-token Latency (P50):    549.3ms
Per-token Latency (P90):    596.4ms
Per-token Latency (P99):    665.8ms

[5] NETWORK PAYLOAD & DATA TRANSFER
--------------------------------------------------------------------------------
Total Data Sent:            6.66 MB
Total Data Received:        3.91 MB
Total Network I/O:          10.57 MB
Avg Network Rate:           0.24 MB/s

Node Breakdown:
  • Worker-Node (192.168.8.130:9900): Sent: 6.66 MB, Received: 3.91 MB

[6] HARDWARE & MEMORY FOOTPRINT (PER NODE)
--------------------------------------------------------------------------------
Local Device:               cuda
GPU VRAM Before:            264.72 MB
GPU VRAM After:             264.81 MB
GPU VRAM Delta:             100.50 KB
KV Cache Total (est):       1.93 MB

Node Memory Breakdown (Layer Weights + Active KV Cache):
  • Local: vithurshan-HP-250-G8-Notebook-PC + NVIDIA GeForce RTX 3060 Laptop GPU:
    - Assigned:      embedding, lm_head + norm
    - Layer Memory:  108.00 MB
    - Active KV:     0.00 B
    - Total Footprint: 264.81 MB (VRAM)
================================================================================

================================================================================
INFERENCE AUDIT REPORT — 2026-08-29 07:44:56
================================================================================

[1] MODEL INFORMATION
--------------------------------------------------------------------------------
Model ID / Name:     HuggingFaceTB/SmolLM2-135M
Architecture:        Dense Transformer
Quantization Mode:   Full Precision (torch.bfloat16)
Precision Base:      torch.bfloat16
Total Parameters:    134,515,008 (134.52 M)
Total Memory in RAM: 256.57 MB
Dimensions:          Layers: 30, Hidden Size: 576, KV Heads: 3, Head Dim: 64

[2] TOPOLOGY & COMPONENT DISTRIBUTION
--------------------------------------------------------------------------------
  • Worker-Node (192.168.8.130:9900):
    Allocated: layers 0-29
  • Local: vithurshan-HP-250-G8-Notebook-PC + NVIDIA GeForce RTX 3060 Laptop GPU:
    Allocated: embedding, lm_head + norm

[3] GENERATION METADATA
--------------------------------------------------------------------------------
Temperature:         0.0
Prompt Tokens:       38 tokens
Generated Tokens:    80 tokens
Total Sequence:      118 tokens

[4] LATENCY & THROUGHPUT METRICS
--------------------------------------------------------------------------------
Time to First Token (TTFT): 3.137s (Prefill: 12.1 tok/s)
Decode Time:                47.034s (Decode: 1.7 tok/s)
Total End-to-End Latency:   50.171s
Per-token Latency (Avg):    595.4ms
Per-token Latency (Min):    463.0ms
Per-token Latency (Max):    1.444s
Per-token Latency (P50):    572.9ms
Per-token Latency (P90):    662.6ms
Per-token Latency (P99):    1.444s

[5] NETWORK PAYLOAD & DATA TRANSFER
--------------------------------------------------------------------------------
Total Data Sent:            7.87 MB
Total Data Received:        4.90 MB
Total Network I/O:          12.77 MB
Avg Network Rate:           0.25 MB/s

Node Breakdown:
  • Worker-Node (192.168.8.130:9900): Sent: 7.87 MB, Received: 4.90 MB

[6] HARDWARE & MEMORY FOOTPRINT (PER NODE)
--------------------------------------------------------------------------------
Local Device:               cuda
GPU VRAM Before:            264.72 MB
GPU VRAM After:             264.81 MB
GPU VRAM Delta:             100.50 KB
KV Cache Total (est):       2.59 MB

Node Memory Breakdown (Layer Weights + Active KV Cache):
  • Local: vithurshan-HP-250-G8-Notebook-PC + NVIDIA GeForce RTX 3060 Laptop GPU:
    - Assigned:      embedding, lm_head + norm
    - Layer Memory:  108.00 MB
    - Active KV:     0.00 B
    - Total Footprint: 264.81 MB (VRAM)
================================================================================

================================================================================
INFERENCE AUDIT REPORT — 2026-08-29 07:45:17
================================================================================

[1] MODEL INFORMATION
--------------------------------------------------------------------------------
Model ID / Name:     HuggingFaceTB/SmolLM2-135M
Architecture:        Dense Transformer
Quantization Mode:   Full Precision (torch.bfloat16)
Precision Base:      torch.bfloat16
Total Parameters:    134,515,008 (134.52 M)
Total Memory in RAM: 256.57 MB
Dimensions:          Layers: 30, Hidden Size: 576, KV Heads: 3, Head Dim: 64

[2] TOPOLOGY & COMPONENT DISTRIBUTION
--------------------------------------------------------------------------------
  • Worker-Node (192.168.8.130:9900):
    Allocated: layers 0-29
  • Local: vithurshan-HP-250-G8-Notebook-PC + NVIDIA GeForce RTX 3060 Laptop GPU:
    Allocated: embedding, lm_head + norm

[3] GENERATION METADATA
--------------------------------------------------------------------------------
Temperature:         0.0
Prompt Tokens:       83 tokens
Generated Tokens:    25 tokens
Total Sequence:      108 tokens

[4] LATENCY & THROUGHPUT METRICS
--------------------------------------------------------------------------------
Time to First Token (TTFT): 4.915s (Prefill: 16.9 tok/s)
Decode Time:                14.879s (Decode: 1.6 tok/s)
Total End-to-End Latency:   19.794s
Per-token Latency (Avg):    620.0ms
Per-token Latency (Min):    527.1ms
Per-token Latency (Max):    1.242s
Per-token Latency (P50):    585.2ms
Per-token Latency (P90):    635.1ms
Per-token Latency (P99):    1.242s

[5] NETWORK PAYLOAD & DATA TRANSFER
--------------------------------------------------------------------------------
Total Data Sent:            5.31 MB
Total Data Received:        3.85 MB
Total Network I/O:          9.17 MB
Avg Network Rate:           0.46 MB/s

Node Breakdown:
  • Worker-Node (192.168.8.130:9900): Sent: 5.31 MB, Received: 3.85 MB

[6] HARDWARE & MEMORY FOOTPRINT (PER NODE)
--------------------------------------------------------------------------------
Local Device:               cuda
GPU VRAM Before:            264.72 MB
GPU VRAM After:             264.81 MB
GPU VRAM Delta:             100.50 KB
KV Cache Total (est):       2.37 MB

Node Memory Breakdown (Layer Weights + Active KV Cache):
  • Local: vithurshan-HP-250-G8-Notebook-PC + NVIDIA GeForce RTX 3060 Laptop GPU:
    - Assigned:      embedding, lm_head + norm
    - Layer Memory:  108.00 MB
    - Active KV:     0.00 B
    - Total Footprint: 264.81 MB (VRAM)
================================================================================

================================================================================
INFERENCE AUDIT REPORT — 2026-08-29 07:46:33
================================================================================

[1] MODEL INFORMATION
--------------------------------------------------------------------------------
Model ID / Name:     HuggingFaceTB/SmolLM2-135M
Architecture:        Dense Transformer
Quantization Mode:   Full Precision (torch.bfloat16)
Precision Base:      torch.bfloat16
Total Parameters:    134,515,008 (134.52 M)
Total Memory in RAM: 256.57 MB
Dimensions:          Layers: 30, Hidden Size: 576, KV Heads: 3, Head Dim: 64

[2] TOPOLOGY & COMPONENT DISTRIBUTION
--------------------------------------------------------------------------------
  • Worker-Node (192.168.8.130:9900):
    Allocated: layers 0-29
  • Local: vithurshan-HP-250-G8-Notebook-PC + NVIDIA GeForce RTX 3060 Laptop GPU:
    Allocated: embedding, lm_head + norm

[3] GENERATION METADATA
--------------------------------------------------------------------------------
Temperature:         0.0
Prompt Tokens:       84 tokens
Generated Tokens:    120 tokens
Total Sequence:      204 tokens

[4] LATENCY & THROUGHPUT METRICS
--------------------------------------------------------------------------------
Time to First Token (TTFT): 5.198s (Prefill: 16.2 tok/s)
Decode Time:                69.259s (Decode: 1.7 tok/s)
Total End-to-End Latency:   74.457s
Per-token Latency (Avg):    582.0ms
Per-token Latency (Min):    473.3ms
Per-token Latency (Max):    843.7ms
Per-token Latency (P50):    583.1ms
Per-token Latency (P90):    617.2ms
Per-token Latency (P99):    670.7ms

[5] NETWORK PAYLOAD & DATA TRANSFER
--------------------------------------------------------------------------------
Total Data Sent:            12.93 MB
Total Data Received:        8.26 MB
Total Network I/O:          21.18 MB
Avg Network Rate:           0.28 MB/s

Node Breakdown:
  • Worker-Node (192.168.8.130:9900): Sent: 12.93 MB, Received: 8.26 MB

[6] HARDWARE & MEMORY FOOTPRINT (PER NODE)
--------------------------------------------------------------------------------
Local Device:               cuda
GPU VRAM Before:            264.72 MB
GPU VRAM After:             264.81 MB
GPU VRAM Delta:             100.50 KB
KV Cache Total (est):       4.48 MB

Node Memory Breakdown (Layer Weights + Active KV Cache):
  • Local: vithurshan-HP-250-G8-Notebook-PC + NVIDIA GeForce RTX 3060 Laptop GPU:
    - Assigned:      embedding, lm_head + norm
    - Layer Memory:  108.00 MB
    - Active KV:     0.00 B
    - Total Footprint: 264.81 MB (VRAM)
================================================================================

================================================================================
INFERENCE AUDIT REPORT — 2026-08-29 07:46:39
================================================================================

[1] MODEL INFORMATION
--------------------------------------------------------------------------------
Model ID / Name:     HuggingFaceTB/SmolLM2-135M
Architecture:        Dense Transformer
Quantization Mode:   Full Precision (torch.bfloat16)
Precision Base:      torch.bfloat16
Total Parameters:    134,515,008 (134.52 M)
Total Memory in RAM: 256.57 MB
Dimensions:          Layers: 30, Hidden Size: 576, KV Heads: 3, Head Dim: 64

[2] TOPOLOGY & COMPONENT DISTRIBUTION
--------------------------------------------------------------------------------
  • Worker-Node (192.168.8.130:9900):
    Allocated: attn 0-9
  • Local: vithurshan-HP-250-G8-Notebook-PC + NVIDIA GeForce RTX 3060 Laptop GPU:
    Allocated: layers 10-29, layers 0-9(ffn only), embedding, lm_head + norm

[3] GENERATION METADATA
--------------------------------------------------------------------------------
Temperature:         0.0
Prompt Tokens:       9 tokens
Generated Tokens:    20 tokens
Total Sequence:      29 tokens

[4] LATENCY & THROUGHPUT METRICS
--------------------------------------------------------------------------------
Time to First Token (TTFT): 232.1ms (Prefill: 38.8 tok/s)
Decode Time:                3.352s (Decode: 5.7 tok/s)
Total End-to-End Latency:   3.584s
Per-token Latency (Avg):    176.4ms
Per-token Latency (Min):    155.2ms
Per-token Latency (Max):    196.7ms
Per-token Latency (P50):    176.0ms
Per-token Latency (P90):    191.6ms
Per-token Latency (P99):    196.7ms

[5] NETWORK PAYLOAD & DATA TRANSFER
--------------------------------------------------------------------------------
Total Data Sent:            656.07 KB
Total Data Received:        404.06 KB
Total Network I/O:          1.04 MB
Avg Network Rate:           0.29 MB/s

Node Breakdown:
  • Worker-Node (192.168.8.130:9900): Sent: 656.12 KB, Received: 404.14 KB

[6] HARDWARE & MEMORY FOOTPRINT (PER NODE)
--------------------------------------------------------------------------------
Local Device:               cuda
GPU VRAM Before:            264.72 MB
GPU VRAM After:             289.16 MB
GPU VRAM Delta:             24.45 MB
KV Cache Total (est):       652.50 KB

Node Memory Breakdown (Layer Weights + Active KV Cache):
  • Local: vithurshan-HP-250-G8-Notebook-PC + NVIDIA GeForce RTX 3060 Laptop GPU:
    - Assigned:      layers 10-29, layers 0-9(ffn only), embedding, lm_head + norm
    - Layer Memory:  293.68 MB
    - Active KV:     420.00 KB
    - Total Footprint: 289.16 MB (VRAM)
================================================================================

================================================================================
INFERENCE AUDIT REPORT — 2026-08-29 07:46:55
================================================================================

[1] MODEL INFORMATION
--------------------------------------------------------------------------------
Model ID / Name:     HuggingFaceTB/SmolLM2-135M
Architecture:        Dense Transformer
Quantization Mode:   Full Precision (torch.bfloat16)
Precision Base:      torch.bfloat16
Total Parameters:    134,515,008 (134.52 M)
Total Memory in RAM: 256.57 MB
Dimensions:          Layers: 30, Hidden Size: 576, KV Heads: 3, Head Dim: 64

[2] TOPOLOGY & COMPONENT DISTRIBUTION
--------------------------------------------------------------------------------
  • Worker-Node (192.168.8.130:9900):
    Allocated: attn 0-9
  • Local: vithurshan-HP-250-G8-Notebook-PC + NVIDIA GeForce RTX 3060 Laptop GPU:
    Allocated: layers 10-29, layers 0-9(ffn only), embedding, lm_head + norm

[3] GENERATION METADATA
--------------------------------------------------------------------------------
Temperature:         0.0
Prompt Tokens:       8 tokens
Generated Tokens:    80 tokens
Total Sequence:      88 tokens

[4] LATENCY & THROUGHPUT METRICS
--------------------------------------------------------------------------------
Time to First Token (TTFT): 477.9ms (Prefill: 16.7 tok/s)
Decode Time:                14.334s (Decode: 5.5 tok/s)
Total End-to-End Latency:   14.812s
Per-token Latency (Avg):    181.4ms
Per-token Latency (Min):    153.0ms
Per-token Latency (Max):    239.1ms
Per-token Latency (P50):    177.3ms
Per-token Latency (P90):    204.4ms
Per-token Latency (P99):    239.1ms

[5] NETWORK PAYLOAD & DATA TRANSFER
--------------------------------------------------------------------------------
Total Data Sent:            2.23 MB
Total Data Received:        1.30 MB
Total Network I/O:          3.53 MB
Avg Network Rate:           0.24 MB/s

Node Breakdown:
  • Worker-Node (192.168.8.130:9900): Sent: 2.23 MB, Received: 1.30 MB

[6] HARDWARE & MEMORY FOOTPRINT (PER NODE)
--------------------------------------------------------------------------------
Local Device:               cuda
GPU VRAM Before:            264.72 MB
GPU VRAM After:             379.41 MB
GPU VRAM Delta:             114.69 MB
KV Cache Total (est):       1.93 MB

Node Memory Breakdown (Layer Weights + Active KV Cache):
  • Local: vithurshan-HP-250-G8-Notebook-PC + NVIDIA GeForce RTX 3060 Laptop GPU:
    - Assigned:      layers 10-29, layers 0-9(ffn only), embedding, lm_head + norm
    - Layer Memory:  293.68 MB
    - Active KV:     1.27 MB
    - Total Footprint: 379.41 MB (VRAM)
================================================================================

================================================================================
INFERENCE AUDIT REPORT — 2026-08-29 07:47:12
================================================================================

[1] MODEL INFORMATION
--------------------------------------------------------------------------------
Model ID / Name:     HuggingFaceTB/SmolLM2-135M
Architecture:        Dense Transformer
Quantization Mode:   Full Precision (torch.bfloat16)
Precision Base:      torch.bfloat16
Total Parameters:    134,515,008 (134.52 M)
Total Memory in RAM: 256.57 MB
Dimensions:          Layers: 30, Hidden Size: 576, KV Heads: 3, Head Dim: 64

[2] TOPOLOGY & COMPONENT DISTRIBUTION
--------------------------------------------------------------------------------
  • Worker-Node (192.168.8.130:9900):
    Allocated: attn 0-9
  • Local: vithurshan-HP-250-G8-Notebook-PC + NVIDIA GeForce RTX 3060 Laptop GPU:
    Allocated: layers 10-29, layers 0-9(ffn only), embedding, lm_head + norm

[3] GENERATION METADATA
--------------------------------------------------------------------------------
Temperature:         0.0
Prompt Tokens:       38 tokens
Generated Tokens:    80 tokens
Total Sequence:      118 tokens

[4] LATENCY & THROUGHPUT METRICS
--------------------------------------------------------------------------------
Time to First Token (TTFT): 1.252s (Prefill: 30.3 tok/s)
Decode Time:                15.090s (Decode: 5.2 tok/s)
Total End-to-End Latency:   16.342s
Per-token Latency (Avg):    191.0ms
Per-token Latency (Min):    157.1ms
Per-token Latency (Max):    249.6ms
Per-token Latency (P50):    189.2ms
Per-token Latency (P90):    221.8ms
Per-token Latency (P99):    249.6ms

[5] NETWORK PAYLOAD & DATA TRANSFER
--------------------------------------------------------------------------------
Total Data Sent:            2.63 MB
Total Data Received:        1.63 MB
Total Network I/O:          4.26 MB
Avg Network Rate:           0.26 MB/s

Node Breakdown:
  • Worker-Node (192.168.8.130:9900): Sent: 2.63 MB, Received: 1.63 MB

[6] HARDWARE & MEMORY FOOTPRINT (PER NODE)
--------------------------------------------------------------------------------
Local Device:               cuda
GPU VRAM Before:            264.72 MB
GPU VRAM After:             430.80 MB
GPU VRAM Delta:             166.08 MB
KV Cache Total (est):       2.59 MB

Node Memory Breakdown (Layer Weights + Active KV Cache):
  • Local: vithurshan-HP-250-G8-Notebook-PC + NVIDIA GeForce RTX 3060 Laptop GPU:
    - Assigned:      layers 10-29, layers 0-9(ffn only), embedding, lm_head + norm
    - Layer Memory:  293.68 MB
    - Active KV:     1.71 MB
    - Total Footprint: 430.80 MB (VRAM)
================================================================================

================================================================================
INFERENCE AUDIT REPORT — 2026-08-29 07:47:19
================================================================================

[1] MODEL INFORMATION
--------------------------------------------------------------------------------
Model ID / Name:     HuggingFaceTB/SmolLM2-135M
Architecture:        Dense Transformer
Quantization Mode:   Full Precision (torch.bfloat16)
Precision Base:      torch.bfloat16
Total Parameters:    134,515,008 (134.52 M)
Total Memory in RAM: 256.57 MB
Dimensions:          Layers: 30, Hidden Size: 576, KV Heads: 3, Head Dim: 64

[2] TOPOLOGY & COMPONENT DISTRIBUTION
--------------------------------------------------------------------------------
  • Worker-Node (192.168.8.130:9900):
    Allocated: attn 0-9
  • Local: vithurshan-HP-250-G8-Notebook-PC + NVIDIA GeForce RTX 3060 Laptop GPU:
    Allocated: layers 10-29, layers 0-9(ffn only), embedding, lm_head + norm

[3] GENERATION METADATA
--------------------------------------------------------------------------------
Temperature:         0.0
Prompt Tokens:       83 tokens
Generated Tokens:    25 tokens
Total Sequence:      108 tokens

[4] LATENCY & THROUGHPUT METRICS
--------------------------------------------------------------------------------
Time to First Token (TTFT): 1.932s (Prefill: 43.0 tok/s)
Decode Time:                4.322s (Decode: 5.6 tok/s)
Total End-to-End Latency:   6.254s
Per-token Latency (Avg):    180.1ms
Per-token Latency (Min):    126.1ms
Per-token Latency (Max):    215.0ms
Per-token Latency (P50):    184.3ms
Per-token Latency (P90):    205.1ms
Per-token Latency (P99):    215.0ms

[5] NETWORK PAYLOAD & DATA TRANSFER
--------------------------------------------------------------------------------
Total Data Sent:            1.77 MB
Total Data Received:        1.28 MB
Total Network I/O:          3.06 MB
Avg Network Rate:           0.49 MB/s

Node Breakdown:
  • Worker-Node (192.168.8.130:9900): Sent: 1.77 MB, Received: 1.28 MB

[6] HARDWARE & MEMORY FOOTPRINT (PER NODE)
--------------------------------------------------------------------------------
Local Device:               cuda
GPU VRAM Before:            264.72 MB
GPU VRAM After:             364.93 MB
GPU VRAM Delta:             100.21 MB
KV Cache Total (est):       2.37 MB

Node Memory Breakdown (Layer Weights + Active KV Cache):
  • Local: vithurshan-HP-250-G8-Notebook-PC + NVIDIA GeForce RTX 3060 Laptop GPU:
    - Assigned:      layers 10-29, layers 0-9(ffn only), embedding, lm_head + norm
    - Layer Memory:  293.68 MB
    - Active KV:     1.57 MB
    - Total Footprint: 364.93 MB (VRAM)
================================================================================

================================================================================
INFERENCE AUDIT REPORT — 2026-08-29 07:47:44
================================================================================

[1] MODEL INFORMATION
--------------------------------------------------------------------------------
Model ID / Name:     HuggingFaceTB/SmolLM2-135M
Architecture:        Dense Transformer
Quantization Mode:   Full Precision (torch.bfloat16)
Precision Base:      torch.bfloat16
Total Parameters:    134,515,008 (134.52 M)
Total Memory in RAM: 256.57 MB
Dimensions:          Layers: 30, Hidden Size: 576, KV Heads: 3, Head Dim: 64

[2] TOPOLOGY & COMPONENT DISTRIBUTION
--------------------------------------------------------------------------------
  • Worker-Node (192.168.8.130:9900):
    Allocated: attn 0-9
  • Local: vithurshan-HP-250-G8-Notebook-PC + NVIDIA GeForce RTX 3060 Laptop GPU:
    Allocated: layers 10-29, layers 0-9(ffn only), embedding, lm_head + norm

[3] GENERATION METADATA
--------------------------------------------------------------------------------
Temperature:         0.0
Prompt Tokens:       84 tokens
Generated Tokens:    120 tokens
Total Sequence:      204 tokens

[4] LATENCY & THROUGHPUT METRICS
--------------------------------------------------------------------------------
Time to First Token (TTFT): 1.992s (Prefill: 42.2 tok/s)
Decode Time:                21.911s (Decode: 5.4 tok/s)
Total End-to-End Latency:   23.902s
Per-token Latency (Avg):    184.1ms
Per-token Latency (Min):    153.8ms
Per-token Latency (Max):    240.1ms
Per-token Latency (P50):    180.3ms
Per-token Latency (P90):    209.4ms
Per-token Latency (P99):    236.9ms

[5] NETWORK PAYLOAD & DATA TRANSFER
--------------------------------------------------------------------------------
Total Data Sent:            4.32 MB
Total Data Received:        2.75 MB
Total Network I/O:          7.07 MB
Avg Network Rate:           0.30 MB/s

Node Breakdown:
  • Worker-Node (192.168.8.130:9900): Sent: 4.32 MB, Received: 2.75 MB

[6] HARDWARE & MEMORY FOOTPRINT (PER NODE)
--------------------------------------------------------------------------------
Local Device:               cuda
GPU VRAM Before:            264.72 MB
GPU VRAM After:             640.43 MB
GPU VRAM Delta:             375.72 MB
KV Cache Total (est):       4.48 MB

Node Memory Breakdown (Layer Weights + Active KV Cache):
  • Local: vithurshan-HP-250-G8-Notebook-PC + NVIDIA GeForce RTX 3060 Laptop GPU:
    - Assigned:      layers 10-29, layers 0-9(ffn only), embedding, lm_head + norm
    - Layer Memory:  293.68 MB
    - Active KV:     2.97 MB
    - Total Footprint: 640.43 MB (VRAM)
================================================================================

================================================================================
INFERENCE AUDIT REPORT — 2026-08-29 07:48:11
================================================================================

[1] MODEL INFORMATION
--------------------------------------------------------------------------------
Model ID / Name:     HuggingFaceTB/SmolLM2-135M
Architecture:        Dense Transformer
Quantization Mode:   Full Precision (torch.bfloat16)
Precision Base:      torch.bfloat16
Total Parameters:    134,515,008 (134.52 M)
Total Memory in RAM: 256.57 MB
Dimensions:          Layers: 30, Hidden Size: 576, KV Heads: 3, Head Dim: 64

[2] TOPOLOGY & COMPONENT DISTRIBUTION
--------------------------------------------------------------------------------
  • Worker-Node (192.168.8.130:9900):
    Allocated: ffn 0-9
  • Local: vithurshan-HP-250-G8-Notebook-PC + NVIDIA GeForce RTX 3060 Laptop GPU:
    Allocated: layers 10-29, layers 0-9(attn only), embedding, lm_head + norm

[3] GENERATION METADATA
--------------------------------------------------------------------------------
Temperature:         0.0
Prompt Tokens:       9 tokens
Generated Tokens:    20 tokens
Total Sequence:      29 tokens

[4] LATENCY & THROUGHPUT METRICS
--------------------------------------------------------------------------------
Time to First Token (TTFT): 337.0ms (Prefill: 26.7 tok/s)
Decode Time:                4.020s (Decode: 4.7 tok/s)
Total End-to-End Latency:   4.357s
Per-token Latency (Avg):    211.6ms
Per-token Latency (Min):    141.8ms
Per-token Latency (Max):    495.4ms
Per-token Latency (P50):    173.7ms
Per-token Latency (P90):    449.3ms
Per-token Latency (P99):    495.4ms

[5] NETWORK PAYLOAD & DATA TRANSFER
--------------------------------------------------------------------------------
Total Data Sent:            407.73 KB
Total Data Received:        404.06 KB
Total Network I/O:          811.79 KB
Avg Network Rate:           0.18 MB/s

Node Breakdown:
  • Worker-Node (192.168.8.130:9900): Sent: 407.77 KB, Received: 404.14 KB

[6] HARDWARE & MEMORY FOOTPRINT (PER NODE)
--------------------------------------------------------------------------------
Local Device:               cuda
GPU VRAM Before:            264.72 MB
GPU VRAM After:             289.72 MB
GPU VRAM Delta:             25.00 MB
KV Cache Total (est):       652.50 KB

Node Memory Breakdown (Layer Weights + Active KV Cache):
  • Local: vithurshan-HP-250-G8-Notebook-PC + NVIDIA GeForce RTX 3060 Laptop GPU:
    - Assigned:      layers 10-29, layers 0-9(attn only), embedding, lm_head + norm
    - Layer Memory:  259.93 MB
    - Active KV:     630.00 KB
    - Total Footprint: 289.72 MB (VRAM)
================================================================================

================================================================================
INFERENCE AUDIT REPORT — 2026-08-29 07:48:26
================================================================================

[1] MODEL INFORMATION
--------------------------------------------------------------------------------
Model ID / Name:     HuggingFaceTB/SmolLM2-135M
Architecture:        Dense Transformer
Quantization Mode:   Full Precision (torch.bfloat16)
Precision Base:      torch.bfloat16
Total Parameters:    134,515,008 (134.52 M)
Total Memory in RAM: 256.57 MB
Dimensions:          Layers: 30, Hidden Size: 576, KV Heads: 3, Head Dim: 64

[2] TOPOLOGY & COMPONENT DISTRIBUTION
--------------------------------------------------------------------------------
  • Worker-Node (192.168.8.130:9900):
    Allocated: ffn 0-9
  • Local: vithurshan-HP-250-G8-Notebook-PC + NVIDIA GeForce RTX 3060 Laptop GPU:
    Allocated: layers 10-29, layers 0-9(attn only), embedding, lm_head + norm

[3] GENERATION METADATA
--------------------------------------------------------------------------------
Temperature:         0.0
Prompt Tokens:       8 tokens
Generated Tokens:    80 tokens
Total Sequence:      88 tokens

[4] LATENCY & THROUGHPUT METRICS
--------------------------------------------------------------------------------
Time to First Token (TTFT): 477.2ms (Prefill: 16.8 tok/s)
Decode Time:                12.972s (Decode: 6.1 tok/s)
Total End-to-End Latency:   13.449s
Per-token Latency (Avg):    164.2ms
Per-token Latency (Min):    122.3ms
Per-token Latency (Max):    205.0ms
Per-token Latency (P50):    163.8ms
Per-token Latency (P90):    191.2ms
Per-token Latency (P99):    205.0ms

[5] NETWORK PAYLOAD & DATA TRANSFER
--------------------------------------------------------------------------------
Total Data Sent:            1.32 MB
Total Data Received:        1.30 MB
Total Network I/O:          2.62 MB
Avg Network Rate:           0.19 MB/s

Node Breakdown:
  • Worker-Node (192.168.8.130:9900): Sent: 1.32 MB, Received: 1.30 MB

[6] HARDWARE & MEMORY FOOTPRINT (PER NODE)
--------------------------------------------------------------------------------
Local Device:               cuda
GPU VRAM Before:            264.72 MB
GPU VRAM After:             401.00 MB
GPU VRAM Delta:             136.29 MB
KV Cache Total (est):       1.93 MB

Node Memory Breakdown (Layer Weights + Active KV Cache):
  • Local: vithurshan-HP-250-G8-Notebook-PC + NVIDIA GeForce RTX 3060 Laptop GPU:
    - Assigned:      layers 10-29, layers 0-9(attn only), embedding, lm_head + norm
    - Layer Memory:  259.93 MB
    - Active KV:     1.91 MB
    - Total Footprint: 401.00 MB (VRAM)
================================================================================

================================================================================
INFERENCE AUDIT REPORT — 2026-08-29 07:48:41
================================================================================

[1] MODEL INFORMATION
--------------------------------------------------------------------------------
Model ID / Name:     HuggingFaceTB/SmolLM2-135M
Architecture:        Dense Transformer
Quantization Mode:   Full Precision (torch.bfloat16)
Precision Base:      torch.bfloat16
Total Parameters:    134,515,008 (134.52 M)
Total Memory in RAM: 256.57 MB
Dimensions:          Layers: 30, Hidden Size: 576, KV Heads: 3, Head Dim: 64

[2] TOPOLOGY & COMPONENT DISTRIBUTION
--------------------------------------------------------------------------------
  • Worker-Node (192.168.8.130:9900):
    Allocated: ffn 0-9
  • Local: vithurshan-HP-250-G8-Notebook-PC + NVIDIA GeForce RTX 3060 Laptop GPU:
    Allocated: layers 10-29, layers 0-9(attn only), embedding, lm_head + norm

[3] GENERATION METADATA
--------------------------------------------------------------------------------
Temperature:         0.0
Prompt Tokens:       38 tokens
Generated Tokens:    80 tokens
Total Sequence:      118 tokens

[4] LATENCY & THROUGHPUT METRICS
--------------------------------------------------------------------------------
Time to First Token (TTFT): 1.352s (Prefill: 28.1 tok/s)
Decode Time:                12.876s (Decode: 6.1 tok/s)
Total End-to-End Latency:   14.227s
Per-token Latency (Avg):    163.0ms
Per-token Latency (Min):    127.2ms
Per-token Latency (Max):    216.5ms
Per-token Latency (P50):    161.8ms
Per-token Latency (P90):    193.6ms
Per-token Latency (P99):    216.5ms

[5] NETWORK PAYLOAD & DATA TRANSFER
--------------------------------------------------------------------------------
Total Data Sent:            1.65 MB
Total Data Received:        1.63 MB
Total Network I/O:          3.28 MB
Avg Network Rate:           0.23 MB/s

Node Breakdown:
  • Worker-Node (192.168.8.130:9900): Sent: 1.65 MB, Received: 1.63 MB

[6] HARDWARE & MEMORY FOOTPRINT (PER NODE)
--------------------------------------------------------------------------------
Local Device:               cuda
GPU VRAM Before:            264.72 MB
GPU VRAM After:             467.13 MB
GPU VRAM Delta:             202.41 MB
KV Cache Total (est):       2.59 MB

Node Memory Breakdown (Layer Weights + Active KV Cache):
  • Local: vithurshan-HP-250-G8-Notebook-PC + NVIDIA GeForce RTX 3060 Laptop GPU:
    - Assigned:      layers 10-29, layers 0-9(attn only), embedding, lm_head + norm
    - Layer Memory:  259.93 MB
    - Active KV:     2.57 MB
    - Total Footprint: 467.13 MB (VRAM)
================================================================================

================================================================================
INFERENCE AUDIT REPORT — 2026-08-29 07:48:48
================================================================================

[1] MODEL INFORMATION
--------------------------------------------------------------------------------
Model ID / Name:     HuggingFaceTB/SmolLM2-135M
Architecture:        Dense Transformer
Quantization Mode:   Full Precision (torch.bfloat16)
Precision Base:      torch.bfloat16
Total Parameters:    134,515,008 (134.52 M)
Total Memory in RAM: 256.57 MB
Dimensions:          Layers: 30, Hidden Size: 576, KV Heads: 3, Head Dim: 64

[2] TOPOLOGY & COMPONENT DISTRIBUTION
--------------------------------------------------------------------------------
  • Worker-Node (192.168.8.130:9900):
    Allocated: ffn 0-9
  • Local: vithurshan-HP-250-G8-Notebook-PC + NVIDIA GeForce RTX 3060 Laptop GPU:
    Allocated: layers 10-29, layers 0-9(attn only), embedding, lm_head + norm

[3] GENERATION METADATA
--------------------------------------------------------------------------------
Temperature:         0.0
Prompt Tokens:       83 tokens
Generated Tokens:    25 tokens
Total Sequence:      108 tokens

[4] LATENCY & THROUGHPUT METRICS
--------------------------------------------------------------------------------
Time to First Token (TTFT): 2.015s (Prefill: 41.2 tok/s)
Decode Time:                4.211s (Decode: 5.7 tok/s)
Total End-to-End Latency:   6.227s
Per-token Latency (Avg):    175.5ms
Per-token Latency (Min):    134.9ms
Per-token Latency (Max):    367.9ms
Per-token Latency (P50):    166.7ms
Per-token Latency (P90):    194.1ms
Per-token Latency (P99):    367.9ms

[5] NETWORK PAYLOAD & DATA TRANSFER
--------------------------------------------------------------------------------
Total Data Sent:            1.29 MB
Total Data Received:        1.28 MB
Total Network I/O:          2.57 MB
Avg Network Rate:           0.41 MB/s

Node Breakdown:
  • Worker-Node (192.168.8.130:9900): Sent: 1.29 MB, Received: 1.28 MB

[6] HARDWARE & MEMORY FOOTPRINT (PER NODE)
--------------------------------------------------------------------------------
Local Device:               cuda
GPU VRAM Before:            264.72 MB
GPU VRAM After:             372.80 MB
GPU VRAM Delta:             108.08 MB
KV Cache Total (est):       2.37 MB

Node Memory Breakdown (Layer Weights + Active KV Cache):
  • Local: vithurshan-HP-250-G8-Notebook-PC + NVIDIA GeForce RTX 3060 Laptop GPU:
    - Assigned:      layers 10-29, layers 0-9(attn only), embedding, lm_head + norm
    - Layer Memory:  259.93 MB
    - Active KV:     2.35 MB
    - Total Footprint: 372.80 MB (VRAM)
================================================================================

================================================================================
INFERENCE AUDIT REPORT — 2026-08-29 07:49:10
================================================================================

[1] MODEL INFORMATION
--------------------------------------------------------------------------------
Model ID / Name:     HuggingFaceTB/SmolLM2-135M
Architecture:        Dense Transformer
Quantization Mode:   Full Precision (torch.bfloat16)
Precision Base:      torch.bfloat16
Total Parameters:    134,515,008 (134.52 M)
Total Memory in RAM: 256.57 MB
Dimensions:          Layers: 30, Hidden Size: 576, KV Heads: 3, Head Dim: 64

[2] TOPOLOGY & COMPONENT DISTRIBUTION
--------------------------------------------------------------------------------
  • Worker-Node (192.168.8.130:9900):
    Allocated: ffn 0-9
  • Local: vithurshan-HP-250-G8-Notebook-PC + NVIDIA GeForce RTX 3060 Laptop GPU:
    Allocated: layers 10-29, layers 0-9(attn only), embedding, lm_head + norm

[3] GENERATION METADATA
--------------------------------------------------------------------------------
Temperature:         0.0
Prompt Tokens:       84 tokens
Generated Tokens:    120 tokens
Total Sequence:      204 tokens

[4] LATENCY & THROUGHPUT METRICS
--------------------------------------------------------------------------------
Time to First Token (TTFT): 1.783s (Prefill: 47.1 tok/s)
Decode Time:                19.237s (Decode: 6.2 tok/s)
Total End-to-End Latency:   21.020s
Per-token Latency (Avg):    161.7ms
Per-token Latency (Min):    127.7ms
Per-token Latency (Max):    230.1ms
Per-token Latency (P50):    160.4ms
Per-token Latency (P90):    184.6ms
Per-token Latency (P99):    229.5ms

[5] NETWORK PAYLOAD & DATA TRANSFER
--------------------------------------------------------------------------------
Total Data Sent:            2.77 MB
Total Data Received:        2.75 MB
Total Network I/O:          5.53 MB
Avg Network Rate:           0.26 MB/s

Node Breakdown:
  • Worker-Node (192.168.8.130:9900): Sent: 2.77 MB, Received: 2.75 MB

[6] HARDWARE & MEMORY FOOTPRINT (PER NODE)
--------------------------------------------------------------------------------
Local Device:               cuda
GPU VRAM Before:            264.72 MB
GPU VRAM After:             750.32 MB
GPU VRAM Delta:             485.61 MB
KV Cache Total (est):       4.48 MB

Node Memory Breakdown (Layer Weights + Active KV Cache):
  • Local: vithurshan-HP-250-G8-Notebook-PC + NVIDIA GeForce RTX 3060 Laptop GPU:
    - Assigned:      layers 10-29, layers 0-9(attn only), embedding, lm_head + norm
    - Layer Memory:  259.93 MB
    - Active KV:     4.46 MB
    - Total Footprint: 750.32 MB (VRAM)
================================================================================

================================================================================
INFERENCE AUDIT REPORT — 2026-08-29 07:49:17
================================================================================

[1] MODEL INFORMATION
--------------------------------------------------------------------------------
Model ID / Name:     HuggingFaceTB/SmolLM2-135M
Architecture:        Dense Transformer
Quantization Mode:   Full Precision (torch.bfloat16)
Precision Base:      torch.bfloat16
Total Parameters:    134,515,008 (134.52 M)
Total Memory in RAM: 256.57 MB
Dimensions:          Layers: 30, Hidden Size: 576, KV Heads: 3, Head Dim: 64

[2] TOPOLOGY & COMPONENT DISTRIBUTION
--------------------------------------------------------------------------------
  • Worker-Node (192.168.8.130:9900):
    Allocated: layers 5-11, layers 18-24
  • Local: vithurshan-HP-250-G8-Notebook-PC + NVIDIA GeForce RTX 3060 Laptop GPU:
    Allocated: layers 0-4, layers 12-17, layers 25-29, embedding, lm_head + norm

[3] GENERATION METADATA
--------------------------------------------------------------------------------
Temperature:         0.0
Prompt Tokens:       9 tokens
Generated Tokens:    20 tokens
Total Sequence:      29 tokens

[4] LATENCY & THROUGHPUT METRICS
--------------------------------------------------------------------------------
Time to First Token (TTFT): 836.3ms (Prefill: 10.8 tok/s)
Decode Time:                5.291s (Decode: 3.6 tok/s)
Total End-to-End Latency:   6.128s
Per-token Latency (Avg):    278.5ms
Per-token Latency (Min):    236.6ms
Per-token Latency (Max):    317.3ms
Per-token Latency (P50):    276.3ms
Per-token Latency (P90):    305.0ms
Per-token Latency (P99):    317.3ms

[5] NETWORK PAYLOAD & DATA TRANSFER
--------------------------------------------------------------------------------
Total Data Sent:            917.84 KB
Total Data Received:        565.69 KB
Total Network I/O:          1.45 MB
Avg Network Rate:           0.24 MB/s

Node Breakdown:
  • Worker-Node (192.168.8.130:9900): Sent: 917.88 KB, Received: 565.76 KB

[6] HARDWARE & MEMORY FOOTPRINT (PER NODE)
--------------------------------------------------------------------------------
Local Device:               cuda
GPU VRAM Before:            264.72 MB
GPU VRAM After:             278.45 MB
GPU VRAM Delta:             13.73 MB
KV Cache Total (est):       652.50 KB

Node Memory Breakdown (Layer Weights + Active KV Cache):
  • Local: vithurshan-HP-250-G8-Notebook-PC + NVIDIA GeForce RTX 3060 Laptop GPU:
    - Assigned:      layers 0-4, layers 12-17, layers 25-29, embedding, lm_head + norm
    - Layer Memory:  216.04 MB
    - Active KV:     336.00 KB
    - Total Footprint: 278.45 MB (VRAM)
================================================================================

================================================================================
INFERENCE AUDIT REPORT — 2026-08-29 07:49:41
================================================================================

[1] MODEL INFORMATION
--------------------------------------------------------------------------------
Model ID / Name:     HuggingFaceTB/SmolLM2-135M
Architecture:        Dense Transformer
Quantization Mode:   Full Precision (torch.bfloat16)
Precision Base:      torch.bfloat16
Total Parameters:    134,515,008 (134.52 M)
Total Memory in RAM: 256.57 MB
Dimensions:          Layers: 30, Hidden Size: 576, KV Heads: 3, Head Dim: 64

[2] TOPOLOGY & COMPONENT DISTRIBUTION
--------------------------------------------------------------------------------
  • Worker-Node (192.168.8.130:9900):
    Allocated: layers 5-11, layers 18-24
  • Local: vithurshan-HP-250-G8-Notebook-PC + NVIDIA GeForce RTX 3060 Laptop GPU:
    Allocated: layers 0-4, layers 12-17, layers 25-29, embedding, lm_head + norm

[3] GENERATION METADATA
--------------------------------------------------------------------------------
Temperature:         0.0
Prompt Tokens:       8 tokens
Generated Tokens:    80 tokens
Total Sequence:      88 tokens

[4] LATENCY & THROUGHPUT METRICS
--------------------------------------------------------------------------------
Time to First Token (TTFT): 693.6ms (Prefill: 11.5 tok/s)
Decode Time:                21.980s (Decode: 3.6 tok/s)
Total End-to-End Latency:   22.673s
Per-token Latency (Avg):    278.2ms
Per-token Latency (Min):    223.6ms
Per-token Latency (Max):    352.3ms
Per-token Latency (P50):    279.0ms
Per-token Latency (P90):    300.1ms
Per-token Latency (P99):    352.3ms

[5] NETWORK PAYLOAD & DATA TRANSFER
--------------------------------------------------------------------------------
Total Data Sent:            3.11 MB
Total Data Received:        1.83 MB
Total Network I/O:          4.94 MB
Avg Network Rate:           0.22 MB/s

Node Breakdown:
  • Worker-Node (192.168.8.130:9900): Sent: 3.11 MB, Received: 1.83 MB

[6] HARDWARE & MEMORY FOOTPRINT (PER NODE)
--------------------------------------------------------------------------------
Local Device:               cuda
GPU VRAM Before:            264.72 MB
GPU VRAM After:             333.68 MB
GPU VRAM Delta:             68.97 MB
KV Cache Total (est):       1.93 MB

Node Memory Breakdown (Layer Weights + Active KV Cache):
  • Local: vithurshan-HP-250-G8-Notebook-PC + NVIDIA GeForce RTX 3060 Laptop GPU:
    - Assigned:      layers 0-4, layers 12-17, layers 25-29, embedding, lm_head + norm
    - Layer Memory:  216.04 MB
    - Active KV:     1.02 MB
    - Total Footprint: 333.68 MB (VRAM)
================================================================================

================================================================================
INFERENCE AUDIT REPORT — 2026-08-29 07:50:06
================================================================================

[1] MODEL INFORMATION
--------------------------------------------------------------------------------
Model ID / Name:     HuggingFaceTB/SmolLM2-135M
Architecture:        Dense Transformer
Quantization Mode:   Full Precision (torch.bfloat16)
Precision Base:      torch.bfloat16
Total Parameters:    134,515,008 (134.52 M)
Total Memory in RAM: 256.57 MB
Dimensions:          Layers: 30, Hidden Size: 576, KV Heads: 3, Head Dim: 64

[2] TOPOLOGY & COMPONENT DISTRIBUTION
--------------------------------------------------------------------------------
  • Worker-Node (192.168.8.130:9900):
    Allocated: layers 5-11, layers 18-24
  • Local: vithurshan-HP-250-G8-Notebook-PC + NVIDIA GeForce RTX 3060 Laptop GPU:
    Allocated: layers 0-4, layers 12-17, layers 25-29, embedding, lm_head + norm

[3] GENERATION METADATA
--------------------------------------------------------------------------------
Temperature:         0.0
Prompt Tokens:       38 tokens
Generated Tokens:    80 tokens
Total Sequence:      118 tokens

[4] LATENCY & THROUGHPUT METRICS
--------------------------------------------------------------------------------
Time to First Token (TTFT): 1.899s (Prefill: 20.0 tok/s)
Decode Time:                21.842s (Decode: 3.6 tok/s)
Total End-to-End Latency:   23.741s
Per-token Latency (Avg):    276.5ms
Per-token Latency (Min):    219.4ms
Per-token Latency (Max):    506.4ms
Per-token Latency (P50):    271.5ms
Per-token Latency (P90):    305.4ms
Per-token Latency (P99):    506.4ms

[5] NETWORK PAYLOAD & DATA TRANSFER
--------------------------------------------------------------------------------
Total Data Sent:            3.68 MB
Total Data Received:        2.29 MB
Total Network I/O:          5.97 MB
Avg Network Rate:           0.25 MB/s

Node Breakdown:
  • Worker-Node (192.168.8.130:9900): Sent: 3.68 MB, Received: 2.29 MB

[6] HARDWARE & MEMORY FOOTPRINT (PER NODE)
--------------------------------------------------------------------------------
Local Device:               cuda
GPU VRAM Before:            264.72 MB
GPU VRAM After:             365.76 MB
GPU VRAM Delta:             101.04 MB
KV Cache Total (est):       2.59 MB

Node Memory Breakdown (Layer Weights + Active KV Cache):
  • Local: vithurshan-HP-250-G8-Notebook-PC + NVIDIA GeForce RTX 3060 Laptop GPU:
    - Assigned:      layers 0-4, layers 12-17, layers 25-29, embedding, lm_head + norm
    - Layer Memory:  216.04 MB
    - Active KV:     1.37 MB
    - Total Footprint: 365.76 MB (VRAM)
================================================================================

================================================================================
INFERENCE AUDIT REPORT — 2026-08-29 07:50:16
================================================================================

[1] MODEL INFORMATION
--------------------------------------------------------------------------------
Model ID / Name:     HuggingFaceTB/SmolLM2-135M
Architecture:        Dense Transformer
Quantization Mode:   Full Precision (torch.bfloat16)
Precision Base:      torch.bfloat16
Total Parameters:    134,515,008 (134.52 M)
Total Memory in RAM: 256.57 MB
Dimensions:          Layers: 30, Hidden Size: 576, KV Heads: 3, Head Dim: 64

[2] TOPOLOGY & COMPONENT DISTRIBUTION
--------------------------------------------------------------------------------
  • Worker-Node (192.168.8.130:9900):
    Allocated: layers 5-11, layers 18-24
  • Local: vithurshan-HP-250-G8-Notebook-PC + NVIDIA GeForce RTX 3060 Laptop GPU:
    Allocated: layers 0-4, layers 12-17, layers 25-29, embedding, lm_head + norm

[3] GENERATION METADATA
--------------------------------------------------------------------------------
Temperature:         0.0
Prompt Tokens:       83 tokens
Generated Tokens:    25 tokens
Total Sequence:      108 tokens

[4] LATENCY & THROUGHPUT METRICS
--------------------------------------------------------------------------------
Time to First Token (TTFT): 2.719s (Prefill: 30.5 tok/s)
Decode Time:                6.541s (Decode: 3.7 tok/s)
Total End-to-End Latency:   9.261s
Per-token Latency (Avg):    272.6ms
Per-token Latency (Min):    223.9ms
Per-token Latency (Max):    322.2ms
Per-token Latency (P50):    276.3ms
Per-token Latency (P90):    296.8ms
Per-token Latency (P99):    322.2ms

[5] NETWORK PAYLOAD & DATA TRANSFER
--------------------------------------------------------------------------------
Total Data Sent:            2.48 MB
Total Data Received:        1.80 MB
Total Network I/O:          4.28 MB
Avg Network Rate:           0.46 MB/s

Node Breakdown:
  • Worker-Node (192.168.8.130:9900): Sent: 2.48 MB, Received: 1.80 MB

[6] HARDWARE & MEMORY FOOTPRINT (PER NODE)
--------------------------------------------------------------------------------
Local Device:               cuda
GPU VRAM Before:            264.72 MB
GPU VRAM After:             322.14 MB
GPU VRAM Delta:             57.43 MB
KV Cache Total (est):       2.37 MB

Node Memory Breakdown (Layer Weights + Active KV Cache):
  • Local: vithurshan-HP-250-G8-Notebook-PC + NVIDIA GeForce RTX 3060 Laptop GPU:
    - Assigned:      layers 0-4, layers 12-17, layers 25-29, embedding, lm_head + norm
    - Layer Memory:  216.04 MB
    - Active KV:     1.25 MB
    - Total Footprint: 322.14 MB (VRAM)
================================================================================

================================================================================
INFERENCE AUDIT REPORT — 2026-08-29 07:50:53
================================================================================

[1] MODEL INFORMATION
--------------------------------------------------------------------------------
Model ID / Name:     HuggingFaceTB/SmolLM2-135M
Architecture:        Dense Transformer
Quantization Mode:   Full Precision (torch.bfloat16)
Precision Base:      torch.bfloat16
Total Parameters:    134,515,008 (134.52 M)
Total Memory in RAM: 256.57 MB
Dimensions:          Layers: 30, Hidden Size: 576, KV Heads: 3, Head Dim: 64

[2] TOPOLOGY & COMPONENT DISTRIBUTION
--------------------------------------------------------------------------------
  • Worker-Node (192.168.8.130:9900):
    Allocated: layers 5-11, layers 18-24
  • Local: vithurshan-HP-250-G8-Notebook-PC + NVIDIA GeForce RTX 3060 Laptop GPU:
    Allocated: layers 0-4, layers 12-17, layers 25-29, embedding, lm_head + norm

[3] GENERATION METADATA
--------------------------------------------------------------------------------
Temperature:         0.0
Prompt Tokens:       84 tokens
Generated Tokens:    120 tokens
Total Sequence:      204 tokens

[4] LATENCY & THROUGHPUT METRICS
--------------------------------------------------------------------------------
Time to First Token (TTFT): 2.584s (Prefill: 32.5 tok/s)
Decode Time:                33.552s (Decode: 3.5 tok/s)
Total End-to-End Latency:   36.136s
Per-token Latency (Avg):    281.9ms
Per-token Latency (Min):    208.8ms
Per-token Latency (Max):    337.9ms
Per-token Latency (P50):    282.5ms
Per-token Latency (P90):    310.0ms
Per-token Latency (P99):    329.7ms

[5] NETWORK PAYLOAD & DATA TRANSFER
--------------------------------------------------------------------------------
Total Data Sent:            6.04 MB
Total Data Received:        3.85 MB
Total Network I/O:          9.89 MB
Avg Network Rate:           0.27 MB/s

Node Breakdown:
  • Worker-Node (192.168.8.130:9900): Sent: 6.04 MB, Received: 3.85 MB

[6] HARDWARE & MEMORY FOOTPRINT (PER NODE)
--------------------------------------------------------------------------------
Local Device:               cuda
GPU VRAM Before:            264.72 MB
GPU VRAM After:             500.06 MB
GPU VRAM Delta:             235.34 MB
KV Cache Total (est):       4.48 MB

Node Memory Breakdown (Layer Weights + Active KV Cache):
  • Local: vithurshan-HP-250-G8-Notebook-PC + NVIDIA GeForce RTX 3060 Laptop GPU:
    - Assigned:      layers 0-4, layers 12-17, layers 25-29, embedding, lm_head + norm
    - Layer Memory:  216.04 MB
    - Active KV:     2.38 MB
    - Total Footprint: 500.06 MB (VRAM)
================================================================================

================================================================================
INFERENCE AUDIT REPORT — 2026-08-29 07:50:58
================================================================================

[1] MODEL INFORMATION
--------------------------------------------------------------------------------
Model ID / Name:     HuggingFaceTB/SmolLM2-135M
Architecture:        Dense Transformer
Quantization Mode:   4-bit NF4 Quantization (BitsAndBytes)
Precision Base:      torch.bfloat16
Total Parameters:    81,430,848 (81.43 M)
Total Memory in RAM: 104.69 MB
Dimensions:          Layers: 30, Hidden Size: 576, KV Heads: 3, Head Dim: 64

[2] TOPOLOGY & COMPONENT DISTRIBUTION
--------------------------------------------------------------------------------
  • Local: vithurshan-HP-250-G8-Notebook-PC + NVIDIA GeForce RTX 3060 Laptop GPU:
    Allocated: layers 0-29, embedding, lm_head + norm

[3] GENERATION METADATA
--------------------------------------------------------------------------------
Temperature:         0.0
Prompt Tokens:       9 tokens
Generated Tokens:    20 tokens
Total Sequence:      29 tokens

[4] LATENCY & THROUGHPUT METRICS
--------------------------------------------------------------------------------
Time to First Token (TTFT): 43.4ms (Prefill: 207.6 tok/s)
Decode Time:                779.9ms (Decode: 24.4 tok/s)
Total End-to-End Latency:   823.3ms
Per-token Latency (Avg):    41.0ms
Per-token Latency (Min):    38.0ms
Per-token Latency (Max):    45.0ms
Per-token Latency (P50):    39.8ms
Per-token Latency (P90):    43.7ms
Per-token Latency (P99):    45.0ms

[5] NETWORK PAYLOAD & DATA TRANSFER
--------------------------------------------------------------------------------
Total Data Sent:            0.00 B
Total Data Received:        0.00 B
Total Network I/O:          0.00 B
Avg Network Rate:           0.00 MB/s

Node Breakdown:
  • Fully Local Execution (0 network bytes)

[6] HARDWARE & MEMORY FOOTPRINT (PER NODE)
--------------------------------------------------------------------------------
Local Device:               cuda
GPU VRAM Before:            119.30 MB
GPU VRAM After:             144.48 MB
GPU VRAM Delta:             25.18 MB
KV Cache Total (est):       652.50 KB

Node Memory Breakdown (Layer Weights + Active KV Cache):
  • Local: vithurshan-HP-250-G8-Notebook-PC + NVIDIA GeForce RTX 3060 Laptop GPU:
    - Assigned:      layers 0-29, embedding, lm_head + norm
    - Layer Memory:  158.69 MB
    - Active KV:     630.00 KB
    - Total Footprint: 144.48 MB (VRAM)
================================================================================

================================================================================
INFERENCE AUDIT REPORT — 2026-08-29 07:51:02
================================================================================

[1] MODEL INFORMATION
--------------------------------------------------------------------------------
Model ID / Name:     HuggingFaceTB/SmolLM2-135M
Architecture:        Dense Transformer
Quantization Mode:   4-bit NF4 Quantization (BitsAndBytes)
Precision Base:      torch.bfloat16
Total Parameters:    81,430,848 (81.43 M)
Total Memory in RAM: 104.69 MB
Dimensions:          Layers: 30, Hidden Size: 576, KV Heads: 3, Head Dim: 64

[2] TOPOLOGY & COMPONENT DISTRIBUTION
--------------------------------------------------------------------------------
  • Local: vithurshan-HP-250-G8-Notebook-PC + NVIDIA GeForce RTX 3060 Laptop GPU:
    Allocated: layers 0-29, embedding, lm_head + norm

[3] GENERATION METADATA
--------------------------------------------------------------------------------
Temperature:         0.0
Prompt Tokens:       8 tokens
Generated Tokens:    80 tokens
Total Sequence:      88 tokens

[4] LATENCY & THROUGHPUT METRICS
--------------------------------------------------------------------------------
Time to First Token (TTFT): 39.5ms (Prefill: 202.7 tok/s)
Decode Time:                3.260s (Decode: 24.2 tok/s)
Total End-to-End Latency:   3.300s
Per-token Latency (Avg):    41.3ms
Per-token Latency (Min):    37.7ms
Per-token Latency (Max):    47.6ms
Per-token Latency (P50):    40.3ms
Per-token Latency (P90):    45.2ms
Per-token Latency (P99):    47.6ms

[5] NETWORK PAYLOAD & DATA TRANSFER
--------------------------------------------------------------------------------
Total Data Sent:            0.00 B
Total Data Received:        0.00 B
Total Network I/O:          0.00 B
Avg Network Rate:           0.00 MB/s

Node Breakdown:
  • Fully Local Execution (0 network bytes)

[6] HARDWARE & MEMORY FOOTPRINT (PER NODE)
--------------------------------------------------------------------------------
Local Device:               cuda
GPU VRAM Before:            119.30 MB
GPU VRAM After:             256.03 MB
GPU VRAM Delta:             136.72 MB
KV Cache Total (est):       1.93 MB

Node Memory Breakdown (Layer Weights + Active KV Cache):
  • Local: vithurshan-HP-250-G8-Notebook-PC + NVIDIA GeForce RTX 3060 Laptop GPU:
    - Assigned:      layers 0-29, embedding, lm_head + norm
    - Layer Memory:  158.69 MB
    - Active KV:     1.91 MB
    - Total Footprint: 256.03 MB (VRAM)
================================================================================

================================================================================
INFERENCE AUDIT REPORT — 2026-08-29 07:51:06
================================================================================

[1] MODEL INFORMATION
--------------------------------------------------------------------------------
Model ID / Name:     HuggingFaceTB/SmolLM2-135M
Architecture:        Dense Transformer
Quantization Mode:   4-bit NF4 Quantization (BitsAndBytes)
Precision Base:      torch.bfloat16
Total Parameters:    81,430,848 (81.43 M)
Total Memory in RAM: 104.69 MB
Dimensions:          Layers: 30, Hidden Size: 576, KV Heads: 3, Head Dim: 64

[2] TOPOLOGY & COMPONENT DISTRIBUTION
--------------------------------------------------------------------------------
  • Local: vithurshan-HP-250-G8-Notebook-PC + NVIDIA GeForce RTX 3060 Laptop GPU:
    Allocated: layers 0-29, embedding, lm_head + norm

[3] GENERATION METADATA
--------------------------------------------------------------------------------
Temperature:         0.0
Prompt Tokens:       38 tokens
Generated Tokens:    80 tokens
Total Sequence:      118 tokens

[4] LATENCY & THROUGHPUT METRICS
--------------------------------------------------------------------------------
Time to First Token (TTFT): 46.0ms (Prefill: 825.7 tok/s)
Decode Time:                3.275s (Decode: 24.1 tok/s)
Total End-to-End Latency:   3.321s
Per-token Latency (Avg):    41.5ms
Per-token Latency (Min):    38.2ms
Per-token Latency (Max):    50.6ms
Per-token Latency (P50):    41.4ms
Per-token Latency (P90):    44.7ms
Per-token Latency (P99):    50.6ms

[5] NETWORK PAYLOAD & DATA TRANSFER
--------------------------------------------------------------------------------
Total Data Sent:            0.00 B
Total Data Received:        0.00 B
Total Network I/O:          0.00 B
Avg Network Rate:           0.00 MB/s

Node Breakdown:
  • Fully Local Execution (0 network bytes)

[6] HARDWARE & MEMORY FOOTPRINT (PER NODE)
--------------------------------------------------------------------------------
Local Device:               cuda
GPU VRAM Before:            119.30 MB
GPU VRAM After:             322.48 MB
GPU VRAM Delta:             203.18 MB
KV Cache Total (est):       2.59 MB

Node Memory Breakdown (Layer Weights + Active KV Cache):
  • Local: vithurshan-HP-250-G8-Notebook-PC + NVIDIA GeForce RTX 3060 Laptop GPU:
    - Assigned:      layers 0-29, embedding, lm_head + norm
    - Layer Memory:  158.69 MB
    - Active KV:     2.57 MB
    - Total Footprint: 322.48 MB (VRAM)
================================================================================

================================================================================
INFERENCE AUDIT REPORT — 2026-08-29 07:51:08
================================================================================

[1] MODEL INFORMATION
--------------------------------------------------------------------------------
Model ID / Name:     HuggingFaceTB/SmolLM2-135M
Architecture:        Dense Transformer
Quantization Mode:   4-bit NF4 Quantization (BitsAndBytes)
Precision Base:      torch.bfloat16
Total Parameters:    81,430,848 (81.43 M)
Total Memory in RAM: 104.69 MB
Dimensions:          Layers: 30, Hidden Size: 576, KV Heads: 3, Head Dim: 64

[2] TOPOLOGY & COMPONENT DISTRIBUTION
--------------------------------------------------------------------------------
  • Local: vithurshan-HP-250-G8-Notebook-PC + NVIDIA GeForce RTX 3060 Laptop GPU:
    Allocated: layers 0-29, embedding, lm_head + norm

[3] GENERATION METADATA
--------------------------------------------------------------------------------
Temperature:         0.0
Prompt Tokens:       83 tokens
Generated Tokens:    25 tokens
Total Sequence:      108 tokens

[4] LATENCY & THROUGHPUT METRICS
--------------------------------------------------------------------------------
Time to First Token (TTFT): 52.1ms (Prefill: 1593.5 tok/s)
Decode Time:                984.5ms (Decode: 24.4 tok/s)
Total End-to-End Latency:   1.037s
Per-token Latency (Avg):    41.0ms
Per-token Latency (Min):    37.8ms
Per-token Latency (Max):    45.3ms
Per-token Latency (P50):    41.0ms
Per-token Latency (P90):    43.7ms
Per-token Latency (P99):    45.3ms

[5] NETWORK PAYLOAD & DATA TRANSFER
--------------------------------------------------------------------------------
Total Data Sent:            0.00 B
Total Data Received:        0.00 B
Total Network I/O:          0.00 B
Avg Network Rate:           0.00 MB/s

Node Breakdown:
  • Fully Local Execution (0 network bytes)

[6] HARDWARE & MEMORY FOOTPRINT (PER NODE)
--------------------------------------------------------------------------------
Local Device:               cuda
GPU VRAM Before:            119.30 MB
GPU VRAM After:             228.43 MB
GPU VRAM Delta:             109.13 MB
KV Cache Total (est):       2.37 MB

Node Memory Breakdown (Layer Weights + Active KV Cache):
  • Local: vithurshan-HP-250-G8-Notebook-PC + NVIDIA GeForce RTX 3060 Laptop GPU:
    - Assigned:      layers 0-29, embedding, lm_head + norm
    - Layer Memory:  158.69 MB
    - Active KV:     2.35 MB
    - Total Footprint: 228.43 MB (VRAM)
================================================================================

================================================================================
INFERENCE AUDIT REPORT — 2026-08-29 07:51:14
================================================================================

[1] MODEL INFORMATION
--------------------------------------------------------------------------------
Model ID / Name:     HuggingFaceTB/SmolLM2-135M
Architecture:        Dense Transformer
Quantization Mode:   4-bit NF4 Quantization (BitsAndBytes)
Precision Base:      torch.bfloat16
Total Parameters:    81,430,848 (81.43 M)
Total Memory in RAM: 104.69 MB
Dimensions:          Layers: 30, Hidden Size: 576, KV Heads: 3, Head Dim: 64

[2] TOPOLOGY & COMPONENT DISTRIBUTION
--------------------------------------------------------------------------------
  • Local: vithurshan-HP-250-G8-Notebook-PC + NVIDIA GeForce RTX 3060 Laptop GPU:
    Allocated: layers 0-29, embedding, lm_head + norm

[3] GENERATION METADATA
--------------------------------------------------------------------------------
Temperature:         0.0
Prompt Tokens:       84 tokens
Generated Tokens:    120 tokens
Total Sequence:      204 tokens

[4] LATENCY & THROUGHPUT METRICS
--------------------------------------------------------------------------------
Time to First Token (TTFT): 50.2ms (Prefill: 1672.3 tok/s)
Decode Time:                4.959s (Decode: 24.0 tok/s)
Total End-to-End Latency:   5.009s
Per-token Latency (Avg):    41.7ms
Per-token Latency (Min):    37.9ms
Per-token Latency (Max):    50.8ms
Per-token Latency (P50):    41.2ms
Per-token Latency (P90):    45.2ms
Per-token Latency (P99):    50.8ms

[5] NETWORK PAYLOAD & DATA TRANSFER
--------------------------------------------------------------------------------
Total Data Sent:            0.00 B
Total Data Received:        0.00 B
Total Network I/O:          0.00 B
Avg Network Rate:           0.00 MB/s

Node Breakdown:
  • Fully Local Execution (0 network bytes)

[6] HARDWARE & MEMORY FOOTPRINT (PER NODE)
--------------------------------------------------------------------------------
Local Device:               cuda
GPU VRAM Before:            119.30 MB
GPU VRAM After:             606.38 MB
GPU VRAM Delta:             487.08 MB
KV Cache Total (est):       4.48 MB

Node Memory Breakdown (Layer Weights + Active KV Cache):
  • Local: vithurshan-HP-250-G8-Notebook-PC + NVIDIA GeForce RTX 3060 Laptop GPU:
    - Assigned:      layers 0-29, embedding, lm_head + norm
    - Layer Memory:  158.69 MB
    - Active KV:     4.46 MB
    - Total Footprint: 606.38 MB (VRAM)
================================================================================

================================================================================
INFERENCE AUDIT REPORT — 2026-08-29 07:51:31
================================================================================

[1] MODEL INFORMATION
--------------------------------------------------------------------------------
Model ID / Name:     HuggingFaceTB/SmolLM2-135M
Architecture:        Dense Transformer
Quantization Mode:   4-bit NF4 Quantization (BitsAndBytes)
Precision Base:      torch.bfloat16
Total Parameters:    81,430,848 (81.43 M)
Total Memory in RAM: 104.69 MB
Dimensions:          Layers: 30, Hidden Size: 576, KV Heads: 3, Head Dim: 64

[2] TOPOLOGY & COMPONENT DISTRIBUTION
--------------------------------------------------------------------------------
  • Worker-Node (192.168.8.130:9900):
    Allocated: layers 0-7
  • Local: vithurshan-HP-250-G8-Notebook-PC + NVIDIA GeForce RTX 3060 Laptop GPU:
    Allocated: layers 8-29, embedding, lm_head + norm

[3] GENERATION METADATA
--------------------------------------------------------------------------------
Temperature:         0.0
Prompt Tokens:       9 tokens
Generated Tokens:    20 tokens
Total Sequence:      29 tokens

[4] LATENCY & THROUGHPUT METRICS
--------------------------------------------------------------------------------
Time to First Token (TTFT): 307.0ms (Prefill: 29.3 tok/s)
Decode Time:                4.336s (Decode: 4.4 tok/s)
Total End-to-End Latency:   4.643s
Per-token Latency (Avg):    228.2ms
Per-token Latency (Min):    184.1ms
Per-token Latency (Max):    261.5ms
Per-token Latency (P50):    232.4ms
Per-token Latency (P90):    250.3ms
Per-token Latency (P99):    261.5ms

[5] NETWORK PAYLOAD & DATA TRANSFER
--------------------------------------------------------------------------------
Total Data Sent:            524.48 KB
Total Data Received:        323.25 KB
Total Network I/O:          847.73 KB
Avg Network Rate:           0.18 MB/s

Node Breakdown:
  • Worker-Node (192.168.8.130:9900): Sent: 524.53 KB, Received: 323.33 KB

[6] HARDWARE & MEMORY FOOTPRINT (PER NODE)
--------------------------------------------------------------------------------
Local Device:               cuda
GPU VRAM Before:            119.30 MB
GPU VRAM After:             137.53 MB
GPU VRAM Delta:             18.23 MB
KV Cache Total (est):       652.50 KB

Node Memory Breakdown (Layer Weights + Active KV Cache):
  • Local: vithurshan-HP-250-G8-Notebook-PC + NVIDIA GeForce RTX 3060 Laptop GPU:
    - Assigned:      layers 8-29, embedding, lm_head + norm
    - Layer Memory:  145.17 MB
    - Active KV:     462.00 KB
    - Total Footprint: 137.53 MB (VRAM)
================================================================================

================================================================================
INFERENCE AUDIT REPORT — 2026-08-29 07:51:51
================================================================================

[1] MODEL INFORMATION
--------------------------------------------------------------------------------
Model ID / Name:     HuggingFaceTB/SmolLM2-135M
Architecture:        Dense Transformer
Quantization Mode:   4-bit NF4 Quantization (BitsAndBytes)
Precision Base:      torch.bfloat16
Total Parameters:    81,430,848 (81.43 M)
Total Memory in RAM: 104.69 MB
Dimensions:          Layers: 30, Hidden Size: 576, KV Heads: 3, Head Dim: 64

[2] TOPOLOGY & COMPONENT DISTRIBUTION
--------------------------------------------------------------------------------
  • Worker-Node (192.168.8.130:9900):
    Allocated: layers 0-7
  • Local: vithurshan-HP-250-G8-Notebook-PC + NVIDIA GeForce RTX 3060 Laptop GPU:
    Allocated: layers 8-29, embedding, lm_head + norm

[3] GENERATION METADATA
--------------------------------------------------------------------------------
Temperature:         0.0
Prompt Tokens:       8 tokens
Generated Tokens:    80 tokens
Total Sequence:      88 tokens

[4] LATENCY & THROUGHPUT METRICS
--------------------------------------------------------------------------------
Time to First Token (TTFT): 397.9ms (Prefill: 20.1 tok/s)
Decode Time:                17.969s (Decode: 4.4 tok/s)
Total End-to-End Latency:   18.367s
Per-token Latency (Avg):    227.5ms
Per-token Latency (Min):    193.0ms
Per-token Latency (Max):    267.4ms
Per-token Latency (P50):    229.1ms
Per-token Latency (P90):    250.8ms
Per-token Latency (P99):    267.4ms

[5] NETWORK PAYLOAD & DATA TRANSFER
--------------------------------------------------------------------------------
Total Data Sent:            1.78 MB
Total Data Received:        1.04 MB
Total Network I/O:          2.82 MB
Avg Network Rate:           0.15 MB/s

Node Breakdown:
  • Worker-Node (192.168.8.130:9900): Sent: 1.78 MB, Received: 1.04 MB

[6] HARDWARE & MEMORY FOOTPRINT (PER NODE)
--------------------------------------------------------------------------------
Local Device:               cuda
GPU VRAM Before:            119.30 MB
GPU VRAM After:             218.21 MB
GPU VRAM Delta:             98.91 MB
KV Cache Total (est):       1.93 MB

Node Memory Breakdown (Layer Weights + Active KV Cache):
  • Local: vithurshan-HP-250-G8-Notebook-PC + NVIDIA GeForce RTX 3060 Laptop GPU:
    - Assigned:      layers 8-29, embedding, lm_head + norm
    - Layer Memory:  145.17 MB
    - Active KV:     1.40 MB
    - Total Footprint: 218.21 MB (VRAM)
================================================================================

================================================================================
INFERENCE AUDIT REPORT — 2026-08-29 07:52:10
================================================================================

[1] MODEL INFORMATION
--------------------------------------------------------------------------------
Model ID / Name:     HuggingFaceTB/SmolLM2-135M
Architecture:        Dense Transformer
Quantization Mode:   4-bit NF4 Quantization (BitsAndBytes)
Precision Base:      torch.bfloat16
Total Parameters:    81,430,848 (81.43 M)
Total Memory in RAM: 104.69 MB
Dimensions:          Layers: 30, Hidden Size: 576, KV Heads: 3, Head Dim: 64

[2] TOPOLOGY & COMPONENT DISTRIBUTION
--------------------------------------------------------------------------------
  • Worker-Node (192.168.8.130:9900):
    Allocated: layers 0-7
  • Local: vithurshan-HP-250-G8-Notebook-PC + NVIDIA GeForce RTX 3060 Laptop GPU:
    Allocated: layers 8-29, embedding, lm_head + norm

[3] GENERATION METADATA
--------------------------------------------------------------------------------
Temperature:         0.0
Prompt Tokens:       38 tokens
Generated Tokens:    80 tokens
Total Sequence:      118 tokens

[4] LATENCY & THROUGHPUT METRICS
--------------------------------------------------------------------------------
Time to First Token (TTFT): 1.304s (Prefill: 29.1 tok/s)
Decode Time:                17.233s (Decode: 4.6 tok/s)
Total End-to-End Latency:   18.537s
Per-token Latency (Avg):    218.1ms
Per-token Latency (Min):    182.3ms
Per-token Latency (Max):    471.3ms
Per-token Latency (P50):    216.2ms
Per-token Latency (P90):    235.0ms
Per-token Latency (P99):    471.3ms

[5] NETWORK PAYLOAD & DATA TRANSFER
--------------------------------------------------------------------------------
Total Data Sent:            2.10 MB
Total Data Received:        1.31 MB
Total Network I/O:          3.41 MB
Avg Network Rate:           0.18 MB/s

Node Breakdown:
  • Worker-Node (192.168.8.130:9900): Sent: 2.10 MB, Received: 1.31 MB

[6] HARDWARE & MEMORY FOOTPRINT (PER NODE)
--------------------------------------------------------------------------------
Local Device:               cuda
GPU VRAM Before:            119.30 MB
GPU VRAM After:             266.30 MB
GPU VRAM Delta:             147.00 MB
KV Cache Total (est):       2.59 MB

Node Memory Breakdown (Layer Weights + Active KV Cache):
  • Local: vithurshan-HP-250-G8-Notebook-PC + NVIDIA GeForce RTX 3060 Laptop GPU:
    - Assigned:      layers 8-29, embedding, lm_head + norm
    - Layer Memory:  145.17 MB
    - Active KV:     1.89 MB
    - Total Footprint: 266.30 MB (VRAM)
================================================================================

================================================================================
INFERENCE AUDIT REPORT — 2026-08-29 07:52:18
================================================================================

[1] MODEL INFORMATION
--------------------------------------------------------------------------------
Model ID / Name:     HuggingFaceTB/SmolLM2-135M
Architecture:        Dense Transformer
Quantization Mode:   4-bit NF4 Quantization (BitsAndBytes)
Precision Base:      torch.bfloat16
Total Parameters:    81,430,848 (81.43 M)
Total Memory in RAM: 104.69 MB
Dimensions:          Layers: 30, Hidden Size: 576, KV Heads: 3, Head Dim: 64

[2] TOPOLOGY & COMPONENT DISTRIBUTION
--------------------------------------------------------------------------------
  • Worker-Node (192.168.8.130:9900):
    Allocated: layers 0-7
  • Local: vithurshan-HP-250-G8-Notebook-PC + NVIDIA GeForce RTX 3060 Laptop GPU:
    Allocated: layers 8-29, embedding, lm_head + norm

[3] GENERATION METADATA
--------------------------------------------------------------------------------
Temperature:         0.0
Prompt Tokens:       83 tokens
Generated Tokens:    25 tokens
Total Sequence:      108 tokens

[4] LATENCY & THROUGHPUT METRICS
--------------------------------------------------------------------------------
Time to First Token (TTFT): 1.760s (Prefill: 47.1 tok/s)
Decode Time:                5.175s (Decode: 4.6 tok/s)
Total End-to-End Latency:   6.936s
Per-token Latency (Avg):    215.6ms
Per-token Latency (Min):    177.5ms
Per-token Latency (Max):    271.8ms
Per-token Latency (P50):    212.3ms
Per-token Latency (P90):    244.6ms
Per-token Latency (P99):    271.8ms

[5] NETWORK PAYLOAD & DATA TRANSFER
--------------------------------------------------------------------------------
Total Data Sent:            1.42 MB
Total Data Received:        1.03 MB
Total Network I/O:          2.45 MB
Avg Network Rate:           0.35 MB/s

Node Breakdown:
  • Worker-Node (192.168.8.130:9900): Sent: 1.42 MB, Received: 1.03 MB

[6] HARDWARE & MEMORY FOOTPRINT (PER NODE)
--------------------------------------------------------------------------------
Local Device:               cuda
GPU VRAM Before:            119.30 MB
GPU VRAM After:             198.23 MB
GPU VRAM Delta:             78.93 MB
KV Cache Total (est):       2.37 MB

Node Memory Breakdown (Layer Weights + Active KV Cache):
  • Local: vithurshan-HP-250-G8-Notebook-PC + NVIDIA GeForce RTX 3060 Laptop GPU:
    - Assigned:      layers 8-29, embedding, lm_head + norm
    - Layer Memory:  145.17 MB
    - Active KV:     1.72 MB
    - Total Footprint: 198.23 MB (VRAM)
================================================================================

================================================================================
INFERENCE AUDIT REPORT — 2026-08-29 07:52:47
================================================================================

[1] MODEL INFORMATION
--------------------------------------------------------------------------------
Model ID / Name:     HuggingFaceTB/SmolLM2-135M
Architecture:        Dense Transformer
Quantization Mode:   4-bit NF4 Quantization (BitsAndBytes)
Precision Base:      torch.bfloat16
Total Parameters:    81,430,848 (81.43 M)
Total Memory in RAM: 104.69 MB
Dimensions:          Layers: 30, Hidden Size: 576, KV Heads: 3, Head Dim: 64

[2] TOPOLOGY & COMPONENT DISTRIBUTION
--------------------------------------------------------------------------------
  • Worker-Node (192.168.8.130:9900):
    Allocated: layers 0-7
  • Local: vithurshan-HP-250-G8-Notebook-PC + NVIDIA GeForce RTX 3060 Laptop GPU:
    Allocated: layers 8-29, embedding, lm_head + norm

[3] GENERATION METADATA
--------------------------------------------------------------------------------
Temperature:         0.0
Prompt Tokens:       84 tokens
Generated Tokens:    120 tokens
Total Sequence:      204 tokens

[4] LATENCY & THROUGHPUT METRICS
--------------------------------------------------------------------------------
Time to First Token (TTFT): 1.844s (Prefill: 45.6 tok/s)
Decode Time:                25.972s (Decode: 4.6 tok/s)
Total End-to-End Latency:   27.816s
Per-token Latency (Avg):    218.3ms
Per-token Latency (Min):    153.6ms
Per-token Latency (Max):    278.7ms
Per-token Latency (P50):    217.5ms
Per-token Latency (P90):    238.7ms
Per-token Latency (P99):    255.9ms

[5] NETWORK PAYLOAD & DATA TRANSFER
--------------------------------------------------------------------------------
Total Data Sent:            3.45 MB
Total Data Received:        2.20 MB
Total Network I/O:          5.65 MB
Avg Network Rate:           0.20 MB/s

Node Breakdown:
  • Worker-Node (192.168.8.130:9900): Sent: 3.45 MB, Received: 2.20 MB

[6] HARDWARE & MEMORY FOOTPRINT (PER NODE)
--------------------------------------------------------------------------------
Local Device:               cuda
GPU VRAM Before:            119.30 MB
GPU VRAM After:             471.77 MB
GPU VRAM Delta:             352.47 MB
KV Cache Total (est):       4.48 MB

Node Memory Breakdown (Layer Weights + Active KV Cache):
  • Local: vithurshan-HP-250-G8-Notebook-PC + NVIDIA GeForce RTX 3060 Laptop GPU:
    - Assigned:      layers 8-29, embedding, lm_head + norm
    - Layer Memory:  145.17 MB
    - Active KV:     3.27 MB
    - Total Footprint: 471.77 MB (VRAM)
================================================================================

================================================================================
INFERENCE AUDIT REPORT — 2026-08-29 07:53:09
================================================================================

[1] MODEL INFORMATION
--------------------------------------------------------------------------------
Model ID / Name:     HuggingFaceTB/SmolLM2-135M
Architecture:        Dense Transformer
Quantization Mode:   4-bit NF4 Quantization (BitsAndBytes)
Precision Base:      torch.bfloat16
Total Parameters:    81,430,848 (81.43 M)
Total Memory in RAM: 104.69 MB
Dimensions:          Layers: 30, Hidden Size: 576, KV Heads: 3, Head Dim: 64

[2] TOPOLOGY & COMPONENT DISTRIBUTION
--------------------------------------------------------------------------------
  • Worker-Node (192.168.8.130:9900):
    Allocated: layers 0-14
  • Local: vithurshan-HP-250-G8-Notebook-PC + NVIDIA GeForce RTX 3060 Laptop GPU:
    Allocated: layers 15-29, embedding, lm_head + norm

[3] GENERATION METADATA
--------------------------------------------------------------------------------
Temperature:         0.0
Prompt Tokens:       9 tokens
Generated Tokens:    20 tokens
Total Sequence:      29 tokens

[4] LATENCY & THROUGHPUT METRICS
--------------------------------------------------------------------------------
Time to First Token (TTFT): 574.0ms (Prefill: 15.7 tok/s)
Decode Time:                6.976s (Decode: 2.7 tok/s)
Total End-to-End Latency:   7.550s
Per-token Latency (Avg):    367.2ms
Per-token Latency (Min):    339.4ms
Per-token Latency (Max):    387.9ms
Per-token Latency (P50):    368.4ms
Per-token Latency (P90):    387.6ms
Per-token Latency (P99):    387.9ms

[5] NETWORK PAYLOAD & DATA TRANSFER
--------------------------------------------------------------------------------
Total Data Sent:            983.28 KB
Total Data Received:        606.09 KB
Total Network I/O:          1.55 MB
Avg Network Rate:           0.21 MB/s

Node Breakdown:
  • Worker-Node (192.168.8.130:9900): Sent: 983.32 KB, Received: 606.17 KB

[6] HARDWARE & MEMORY FOOTPRINT (PER NODE)
--------------------------------------------------------------------------------
Local Device:               cuda
GPU VRAM Before:            119.30 MB
GPU VRAM After:             131.52 MB
GPU VRAM Delta:             12.22 MB
KV Cache Total (est):       652.50 KB

Node Memory Breakdown (Layer Weights + Active KV Cache):
  • Local: vithurshan-HP-250-G8-Notebook-PC + NVIDIA GeForce RTX 3060 Laptop GPU:
    - Assigned:      layers 15-29, embedding, lm_head + norm
    - Layer Memory:  133.35 MB
    - Active KV:     315.00 KB
    - Total Footprint: 131.52 MB (VRAM)
================================================================================

================================================================================
INFERENCE AUDIT REPORT — 2026-08-29 07:53:39
================================================================================

[1] MODEL INFORMATION
--------------------------------------------------------------------------------
Model ID / Name:     HuggingFaceTB/SmolLM2-135M
Architecture:        Dense Transformer
Quantization Mode:   4-bit NF4 Quantization (BitsAndBytes)
Precision Base:      torch.bfloat16
Total Parameters:    81,430,848 (81.43 M)
Total Memory in RAM: 104.69 MB
Dimensions:          Layers: 30, Hidden Size: 576, KV Heads: 3, Head Dim: 64

[2] TOPOLOGY & COMPONENT DISTRIBUTION
--------------------------------------------------------------------------------
  • Worker-Node (192.168.8.130:9900):
    Allocated: layers 0-14
  • Local: vithurshan-HP-250-G8-Notebook-PC + NVIDIA GeForce RTX 3060 Laptop GPU:
    Allocated: layers 15-29, embedding, lm_head + norm

[3] GENERATION METADATA
--------------------------------------------------------------------------------
Temperature:         0.0
Prompt Tokens:       8 tokens
Generated Tokens:    80 tokens
Total Sequence:      88 tokens

[4] LATENCY & THROUGHPUT METRICS
--------------------------------------------------------------------------------
Time to First Token (TTFT): 550.4ms (Prefill: 14.5 tok/s)
Decode Time:                28.636s (Decode: 2.8 tok/s)
Total End-to-End Latency:   29.186s
Per-token Latency (Avg):    362.5ms
Per-token Latency (Min):    257.9ms
Per-token Latency (Max):    439.6ms
Per-token Latency (P50):    362.6ms
Per-token Latency (P90):    391.6ms
Per-token Latency (P99):    439.6ms

[5] NETWORK PAYLOAD & DATA TRANSFER
--------------------------------------------------------------------------------
Total Data Sent:            3.33 MB
Total Data Received:        1.96 MB
Total Network I/O:          5.29 MB
Avg Network Rate:           0.18 MB/s

Node Breakdown:
  • Worker-Node (192.168.8.130:9900): Sent: 3.33 MB, Received: 1.96 MB

[6] HARDWARE & MEMORY FOOTPRINT (PER NODE)
--------------------------------------------------------------------------------
Local Device:               cuda
GPU VRAM Before:            119.30 MB
GPU VRAM After:             185.37 MB
GPU VRAM Delta:             66.07 MB
KV Cache Total (est):       1.93 MB

Node Memory Breakdown (Layer Weights + Active KV Cache):
  • Local: vithurshan-HP-250-G8-Notebook-PC + NVIDIA GeForce RTX 3060 Laptop GPU:
    - Assigned:      layers 15-29, embedding, lm_head + norm
    - Layer Memory:  133.35 MB
    - Active KV:     978.75 KB
    - Total Footprint: 185.37 MB (VRAM)
================================================================================

================================================================================
INFERENCE AUDIT REPORT — 2026-08-29 07:54:11
================================================================================

[1] MODEL INFORMATION
--------------------------------------------------------------------------------
Model ID / Name:     HuggingFaceTB/SmolLM2-135M
Architecture:        Dense Transformer
Quantization Mode:   4-bit NF4 Quantization (BitsAndBytes)
Precision Base:      torch.bfloat16
Total Parameters:    81,430,848 (81.43 M)
Total Memory in RAM: 104.69 MB
Dimensions:          Layers: 30, Hidden Size: 576, KV Heads: 3, Head Dim: 64

[2] TOPOLOGY & COMPONENT DISTRIBUTION
--------------------------------------------------------------------------------
  • Worker-Node (192.168.8.130:9900):
    Allocated: layers 0-14
  • Local: vithurshan-HP-250-G8-Notebook-PC + NVIDIA GeForce RTX 3060 Laptop GPU:
    Allocated: layers 15-29, embedding, lm_head + norm

[3] GENERATION METADATA
--------------------------------------------------------------------------------
Temperature:         0.0
Prompt Tokens:       38 tokens
Generated Tokens:    80 tokens
Total Sequence:      118 tokens

[4] LATENCY & THROUGHPUT METRICS
--------------------------------------------------------------------------------
Time to First Token (TTFT): 1.838s (Prefill: 20.7 tok/s)
Decode Time:                29.235s (Decode: 2.7 tok/s)
Total End-to-End Latency:   31.073s
Per-token Latency (Avg):    370.1ms
Per-token Latency (Min):    307.6ms
Per-token Latency (Max):    826.4ms
Per-token Latency (P50):    363.9ms
Per-token Latency (P90):    380.8ms
Per-token Latency (P99):    826.4ms

[5] NETWORK PAYLOAD & DATA TRANSFER
--------------------------------------------------------------------------------
Total Data Sent:            3.94 MB
Total Data Received:        2.45 MB
Total Network I/O:          6.39 MB
Avg Network Rate:           0.21 MB/s

Node Breakdown:
  • Worker-Node (192.168.8.130:9900): Sent: 3.94 MB, Received: 2.45 MB

[6] HARDWARE & MEMORY FOOTPRINT (PER NODE)
--------------------------------------------------------------------------------
Local Device:               cuda
GPU VRAM Before:            119.30 MB
GPU VRAM After:             217.45 MB
GPU VRAM Delta:             98.15 MB
KV Cache Total (est):       2.59 MB

Node Memory Breakdown (Layer Weights + Active KV Cache):
  • Local: vithurshan-HP-250-G8-Notebook-PC + NVIDIA GeForce RTX 3060 Laptop GPU:
    - Assigned:      layers 15-29, embedding, lm_head + norm
    - Layer Memory:  133.35 MB
    - Active KV:     1.29 MB
    - Total Footprint: 217.45 MB (VRAM)
================================================================================

================================================================================
INFERENCE AUDIT REPORT — 2026-08-29 07:54:24
================================================================================

[1] MODEL INFORMATION
--------------------------------------------------------------------------------
Model ID / Name:     HuggingFaceTB/SmolLM2-135M
Architecture:        Dense Transformer
Quantization Mode:   4-bit NF4 Quantization (BitsAndBytes)
Precision Base:      torch.bfloat16
Total Parameters:    81,430,848 (81.43 M)
Total Memory in RAM: 104.69 MB
Dimensions:          Layers: 30, Hidden Size: 576, KV Heads: 3, Head Dim: 64

[2] TOPOLOGY & COMPONENT DISTRIBUTION
--------------------------------------------------------------------------------
  • Worker-Node (192.168.8.130:9900):
    Allocated: layers 0-14
  • Local: vithurshan-HP-250-G8-Notebook-PC + NVIDIA GeForce RTX 3060 Laptop GPU:
    Allocated: layers 15-29, embedding, lm_head + norm

[3] GENERATION METADATA
--------------------------------------------------------------------------------
Temperature:         0.0
Prompt Tokens:       83 tokens
Generated Tokens:    25 tokens
Total Sequence:      108 tokens

[4] LATENCY & THROUGHPUT METRICS
--------------------------------------------------------------------------------
Time to First Token (TTFT): 3.098s (Prefill: 26.8 tok/s)
Decode Time:                8.595s (Decode: 2.8 tok/s)
Total End-to-End Latency:   11.693s
Per-token Latency (Avg):    358.1ms
Per-token Latency (Min):    255.7ms
Per-token Latency (Max):    409.0ms
Per-token Latency (P50):    363.9ms
Per-token Latency (P90):    388.8ms
Per-token Latency (P99):    409.0ms

[5] NETWORK PAYLOAD & DATA TRANSFER
--------------------------------------------------------------------------------
Total Data Sent:            2.66 MB
Total Data Received:        1.93 MB
Total Network I/O:          4.59 MB
Avg Network Rate:           0.39 MB/s

Node Breakdown:
  • Worker-Node (192.168.8.130:9900): Sent: 2.66 MB, Received: 1.93 MB

[6] HARDWARE & MEMORY FOOTPRINT (PER NODE)
--------------------------------------------------------------------------------
Local Device:               cuda
GPU VRAM Before:            119.30 MB
GPU VRAM After:             172.05 MB
GPU VRAM Delta:             52.75 MB
KV Cache Total (est):       2.37 MB

Node Memory Breakdown (Layer Weights + Active KV Cache):
  • Local: vithurshan-HP-250-G8-Notebook-PC + NVIDIA GeForce RTX 3060 Laptop GPU:
    - Assigned:      layers 15-29, embedding, lm_head + norm
    - Layer Memory:  133.35 MB
    - Active KV:     1.18 MB
    - Total Footprint: 172.05 MB (VRAM)
================================================================================

================================================================================
INFERENCE AUDIT REPORT — 2026-08-29 07:55:12
================================================================================

[1] MODEL INFORMATION
--------------------------------------------------------------------------------
Model ID / Name:     HuggingFaceTB/SmolLM2-135M
Architecture:        Dense Transformer
Quantization Mode:   4-bit NF4 Quantization (BitsAndBytes)
Precision Base:      torch.bfloat16
Total Parameters:    81,430,848 (81.43 M)
Total Memory in RAM: 104.69 MB
Dimensions:          Layers: 30, Hidden Size: 576, KV Heads: 3, Head Dim: 64

[2] TOPOLOGY & COMPONENT DISTRIBUTION
--------------------------------------------------------------------------------
  • Worker-Node (192.168.8.130:9900):
    Allocated: layers 0-14
  • Local: vithurshan-HP-250-G8-Notebook-PC + NVIDIA GeForce RTX 3060 Laptop GPU:
    Allocated: layers 15-29, embedding, lm_head + norm

[3] GENERATION METADATA
--------------------------------------------------------------------------------
Temperature:         0.0
Prompt Tokens:       84 tokens
Generated Tokens:    120 tokens
Total Sequence:      204 tokens

[4] LATENCY & THROUGHPUT METRICS
--------------------------------------------------------------------------------
Time to First Token (TTFT): 2.765s (Prefill: 30.4 tok/s)
Decode Time:                44.726s (Decode: 2.7 tok/s)
Total End-to-End Latency:   47.491s
Per-token Latency (Avg):    375.8ms
Per-token Latency (Min):    296.5ms
Per-token Latency (Max):    624.6ms
Per-token Latency (P50):    367.5ms
Per-token Latency (P90):    421.7ms
Per-token Latency (P99):    490.0ms

[5] NETWORK PAYLOAD & DATA TRANSFER
--------------------------------------------------------------------------------
Total Data Sent:            6.47 MB
Total Data Received:        4.13 MB
Total Network I/O:          10.60 MB
Avg Network Rate:           0.22 MB/s

Node Breakdown:
  • Worker-Node (192.168.8.130:9900): Sent: 6.47 MB, Received: 4.13 MB

[6] HARDWARE & MEMORY FOOTPRINT (PER NODE)
--------------------------------------------------------------------------------
Local Device:               cuda
GPU VRAM Before:            119.30 MB
GPU VRAM After:             354.51 MB
GPU VRAM Delta:             235.21 MB
KV Cache Total (est):       4.48 MB

Node Memory Breakdown (Layer Weights + Active KV Cache):
  • Local: vithurshan-HP-250-G8-Notebook-PC + NVIDIA GeForce RTX 3060 Laptop GPU:
    - Assigned:      layers 15-29, embedding, lm_head + norm
    - Layer Memory:  133.35 MB
    - Active KV:     2.23 MB
    - Total Footprint: 354.51 MB (VRAM)
================================================================================

================================================================================
INFERENCE AUDIT REPORT — 2026-08-29 07:55:42
================================================================================

[1] MODEL INFORMATION
--------------------------------------------------------------------------------
Model ID / Name:     HuggingFaceTB/SmolLM2-135M
Architecture:        Dense Transformer
Quantization Mode:   4-bit NF4 Quantization (BitsAndBytes)
Precision Base:      torch.bfloat16
Total Parameters:    81,430,848 (81.43 M)
Total Memory in RAM: 104.69 MB
Dimensions:          Layers: 30, Hidden Size: 576, KV Heads: 3, Head Dim: 64

[2] TOPOLOGY & COMPONENT DISTRIBUTION
--------------------------------------------------------------------------------
  • Worker-Node (192.168.8.130:9900):
    Allocated: layers 0-22
  • Local: vithurshan-HP-250-G8-Notebook-PC + NVIDIA GeForce RTX 3060 Laptop GPU:
    Allocated: layers 23-29, embedding, lm_head + norm

[3] GENERATION METADATA
--------------------------------------------------------------------------------
Temperature:         0.0
Prompt Tokens:       9 tokens
Generated Tokens:    20 tokens
Total Sequence:      29 tokens

[4] LATENCY & THROUGHPUT METRICS
--------------------------------------------------------------------------------
Time to First Token (TTFT): 801.5ms (Prefill: 11.2 tok/s)
Decode Time:                10.518s (Decode: 1.8 tok/s)
Total End-to-End Latency:   11.319s
Per-token Latency (Avg):    553.6ms
Per-token Latency (Min):    506.5ms
Per-token Latency (Max):    765.6ms
Per-token Latency (P50):    539.0ms
Per-token Latency (P90):    590.9ms
Per-token Latency (P99):    765.6ms

[5] NETWORK PAYLOAD & DATA TRANSFER
--------------------------------------------------------------------------------
Total Data Sent:            1.47 MB
Total Data Received:        929.34 KB
Total Network I/O:          2.38 MB
Avg Network Rate:           0.21 MB/s

Node Breakdown:
  • Worker-Node (192.168.8.130:9900): Sent: 1.47 MB, Received: 929.42 KB

[6] HARDWARE & MEMORY FOOTPRINT (PER NODE)
--------------------------------------------------------------------------------
Local Device:               cuda
GPU VRAM Before:            119.30 MB
GPU VRAM After:             124.65 MB
GPU VRAM Delta:             5.35 MB
KV Cache Total (est):       652.50 KB

Node Memory Breakdown (Layer Weights + Active KV Cache):
  • Local: vithurshan-HP-250-G8-Notebook-PC + NVIDIA GeForce RTX 3060 Laptop GPU:
    - Assigned:      layers 23-29, embedding, lm_head + norm
    - Layer Memory:  119.83 MB
    - Active KV:     147.00 KB
    - Total Footprint: 124.65 MB (VRAM)
================================================================================

================================================================================
INFERENCE AUDIT REPORT — 2026-08-29 07:56:28
================================================================================

[1] MODEL INFORMATION
--------------------------------------------------------------------------------
Model ID / Name:     HuggingFaceTB/SmolLM2-135M
Architecture:        Dense Transformer
Quantization Mode:   4-bit NF4 Quantization (BitsAndBytes)
Precision Base:      torch.bfloat16
Total Parameters:    81,430,848 (81.43 M)
Total Memory in RAM: 104.69 MB
Dimensions:          Layers: 30, Hidden Size: 576, KV Heads: 3, Head Dim: 64

[2] TOPOLOGY & COMPONENT DISTRIBUTION
--------------------------------------------------------------------------------
  • Worker-Node (192.168.8.130:9900):
    Allocated: layers 0-22
  • Local: vithurshan-HP-250-G8-Notebook-PC + NVIDIA GeForce RTX 3060 Laptop GPU:
    Allocated: layers 23-29, embedding, lm_head + norm

[3] GENERATION METADATA
--------------------------------------------------------------------------------
Temperature:         0.0
Prompt Tokens:       8 tokens
Generated Tokens:    80 tokens
Total Sequence:      88 tokens

[4] LATENCY & THROUGHPUT METRICS
--------------------------------------------------------------------------------
Time to First Token (TTFT): 1.051s (Prefill: 7.6 tok/s)
Decode Time:                43.695s (Decode: 1.8 tok/s)
Total End-to-End Latency:   44.746s
Per-token Latency (Avg):    553.1ms
Per-token Latency (Min):    458.8ms
Per-token Latency (Max):    784.8ms
Per-token Latency (P50):    545.4ms
Per-token Latency (P90):    588.9ms
Per-token Latency (P99):    784.8ms

[5] NETWORK PAYLOAD & DATA TRANSFER
--------------------------------------------------------------------------------
Total Data Sent:            5.11 MB
Total Data Received:        3.00 MB
Total Network I/O:          8.11 MB
Avg Network Rate:           0.18 MB/s

Node Breakdown:
  • Worker-Node (192.168.8.130:9900): Sent: 5.11 MB, Received: 3.00 MB

[6] HARDWARE & MEMORY FOOTPRINT (PER NODE)
--------------------------------------------------------------------------------
Local Device:               cuda
GPU VRAM Before:            119.30 MB
GPU VRAM After:             147.84 MB
GPU VRAM Delta:             28.54 MB
KV Cache Total (est):       1.93 MB

Node Memory Breakdown (Layer Weights + Active KV Cache):
  • Local: vithurshan-HP-250-G8-Notebook-PC + NVIDIA GeForce RTX 3060 Laptop GPU:
    - Assigned:      layers 23-29, embedding, lm_head + norm
    - Layer Memory:  119.83 MB
    - Active KV:     456.75 KB
    - Total Footprint: 147.84 MB (VRAM)
================================================================================

================================================================================
INFERENCE AUDIT REPORT — 2026-08-29 07:57:15
================================================================================

[1] MODEL INFORMATION
--------------------------------------------------------------------------------
Model ID / Name:     HuggingFaceTB/SmolLM2-135M
Architecture:        Dense Transformer
Quantization Mode:   4-bit NF4 Quantization (BitsAndBytes)
Precision Base:      torch.bfloat16
Total Parameters:    81,430,848 (81.43 M)
Total Memory in RAM: 104.69 MB
Dimensions:          Layers: 30, Hidden Size: 576, KV Heads: 3, Head Dim: 64

[2] TOPOLOGY & COMPONENT DISTRIBUTION
--------------------------------------------------------------------------------
  • Worker-Node (192.168.8.130:9900):
    Allocated: layers 0-22
  • Local: vithurshan-HP-250-G8-Notebook-PC + NVIDIA GeForce RTX 3060 Laptop GPU:
    Allocated: layers 23-29, embedding, lm_head + norm

[3] GENERATION METADATA
--------------------------------------------------------------------------------
Temperature:         0.0
Prompt Tokens:       38 tokens
Generated Tokens:    80 tokens
Total Sequence:      118 tokens

[4] LATENCY & THROUGHPUT METRICS
--------------------------------------------------------------------------------
Time to First Token (TTFT): 2.730s (Prefill: 13.9 tok/s)
Decode Time:                43.668s (Decode: 1.8 tok/s)
Total End-to-End Latency:   46.398s
Per-token Latency (Avg):    552.8ms
Per-token Latency (Min):    452.7ms
Per-token Latency (Max):    1.148s
Per-token Latency (P50):    541.6ms
Per-token Latency (P90):    572.0ms
Per-token Latency (P99):    1.148s

[5] NETWORK PAYLOAD & DATA TRANSFER
--------------------------------------------------------------------------------
Total Data Sent:            6.05 MB
Total Data Received:        3.76 MB
Total Network I/O:          9.80 MB
Avg Network Rate:           0.21 MB/s

Node Breakdown:
  • Worker-Node (192.168.8.130:9900): Sent: 6.05 MB, Received: 3.76 MB

[6] HARDWARE & MEMORY FOOTPRINT (PER NODE)
--------------------------------------------------------------------------------
Local Device:               cuda
GPU VRAM Before:            119.30 MB
GPU VRAM After:             161.62 MB
GPU VRAM Delta:             42.32 MB
KV Cache Total (est):       2.59 MB

Node Memory Breakdown (Layer Weights + Active KV Cache):
  • Local: vithurshan-HP-250-G8-Notebook-PC + NVIDIA GeForce RTX 3060 Laptop GPU:
    - Assigned:      layers 23-29, embedding, lm_head + norm
    - Layer Memory:  119.83 MB
    - Active KV:     614.25 KB
    - Total Footprint: 161.62 MB (VRAM)
================================================================================

================================================================================
INFERENCE AUDIT REPORT — 2026-08-29 07:57:33
================================================================================

[1] MODEL INFORMATION
--------------------------------------------------------------------------------
Model ID / Name:     HuggingFaceTB/SmolLM2-135M
Architecture:        Dense Transformer
Quantization Mode:   4-bit NF4 Quantization (BitsAndBytes)
Precision Base:      torch.bfloat16
Total Parameters:    81,430,848 (81.43 M)
Total Memory in RAM: 104.69 MB
Dimensions:          Layers: 30, Hidden Size: 576, KV Heads: 3, Head Dim: 64

[2] TOPOLOGY & COMPONENT DISTRIBUTION
--------------------------------------------------------------------------------
  • Worker-Node (192.168.8.130:9900):
    Allocated: layers 0-22
  • Local: vithurshan-HP-250-G8-Notebook-PC + NVIDIA GeForce RTX 3060 Laptop GPU:
    Allocated: layers 23-29, embedding, lm_head + norm

[3] GENERATION METADATA
--------------------------------------------------------------------------------
Temperature:         0.0
Prompt Tokens:       83 tokens
Generated Tokens:    25 tokens
Total Sequence:      108 tokens

[4] LATENCY & THROUGHPUT METRICS
--------------------------------------------------------------------------------
Time to First Token (TTFT): 3.957s (Prefill: 21.0 tok/s)
Decode Time:                13.038s (Decode: 1.8 tok/s)
Total End-to-End Latency:   16.995s
Per-token Latency (Avg):    543.2ms
Per-token Latency (Min):    505.4ms
Per-token Latency (Max):    602.7ms
Per-token Latency (P50):    549.9ms
Per-token Latency (P90):    568.1ms
Per-token Latency (P99):    602.7ms

[5] NETWORK PAYLOAD & DATA TRANSFER
--------------------------------------------------------------------------------
Total Data Sent:            4.08 MB
Total Data Received:        2.95 MB
Total Network I/O:          7.03 MB
Avg Network Rate:           0.41 MB/s

Node Breakdown:
  • Worker-Node (192.168.8.130:9900): Sent: 4.08 MB, Received: 2.95 MB

[6] HARDWARE & MEMORY FOOTPRINT (PER NODE)
--------------------------------------------------------------------------------
Local Device:               cuda
GPU VRAM Before:            119.30 MB
GPU VRAM After:             142.12 MB
GPU VRAM Delta:             22.82 MB
KV Cache Total (est):       2.37 MB

Node Memory Breakdown (Layer Weights + Active KV Cache):
  • Local: vithurshan-HP-250-G8-Notebook-PC + NVIDIA GeForce RTX 3060 Laptop GPU:
    - Assigned:      layers 23-29, embedding, lm_head + norm
    - Layer Memory:  119.83 MB
    - Active KV:     561.75 KB
    - Total Footprint: 142.12 MB (VRAM)
================================================================================

================================================================================
INFERENCE AUDIT REPORT — 2026-08-29 07:58:43
================================================================================

[1] MODEL INFORMATION
--------------------------------------------------------------------------------
Model ID / Name:     HuggingFaceTB/SmolLM2-135M
Architecture:        Dense Transformer
Quantization Mode:   4-bit NF4 Quantization (BitsAndBytes)
Precision Base:      torch.bfloat16
Total Parameters:    81,430,848 (81.43 M)
Total Memory in RAM: 104.69 MB
Dimensions:          Layers: 30, Hidden Size: 576, KV Heads: 3, Head Dim: 64

[2] TOPOLOGY & COMPONENT DISTRIBUTION
--------------------------------------------------------------------------------
  • Worker-Node (192.168.8.130:9900):
    Allocated: layers 0-22
  • Local: vithurshan-HP-250-G8-Notebook-PC + NVIDIA GeForce RTX 3060 Laptop GPU:
    Allocated: layers 23-29, embedding, lm_head + norm

[3] GENERATION METADATA
--------------------------------------------------------------------------------
Temperature:         0.0
Prompt Tokens:       84 tokens
Generated Tokens:    120 tokens
Total Sequence:      204 tokens

[4] LATENCY & THROUGHPUT METRICS
--------------------------------------------------------------------------------
Time to First Token (TTFT): 3.461s (Prefill: 24.3 tok/s)
Decode Time:                64.984s (Decode: 1.8 tok/s)
Total End-to-End Latency:   68.445s
Per-token Latency (Avg):    546.1ms
Per-token Latency (Min):    412.5ms
Per-token Latency (Max):    720.3ms
Per-token Latency (P50):    539.8ms
Per-token Latency (P90):    591.5ms
Per-token Latency (P99):    709.7ms

[5] NETWORK PAYLOAD & DATA TRANSFER
--------------------------------------------------------------------------------
Total Data Sent:            9.92 MB
Total Data Received:        6.33 MB
Total Network I/O:          16.25 MB
Avg Network Rate:           0.24 MB/s

Node Breakdown:
  • Worker-Node (192.168.8.130:9900): Sent: 9.92 MB, Received: 6.33 MB

[6] HARDWARE & MEMORY FOOTPRINT (PER NODE)
--------------------------------------------------------------------------------
Local Device:               cuda
GPU VRAM Before:            119.30 MB
GPU VRAM After:             220.49 MB
GPU VRAM Delta:             101.19 MB
KV Cache Total (est):       4.48 MB

Node Memory Breakdown (Layer Weights + Active KV Cache):
  • Local: vithurshan-HP-250-G8-Notebook-PC + NVIDIA GeForce RTX 3060 Laptop GPU:
    - Assigned:      layers 23-29, embedding, lm_head + norm
    - Layer Memory:  119.83 MB
    - Active KV:     1.04 MB
    - Total Footprint: 220.49 MB (VRAM)
================================================================================

================================================================================
INFERENCE AUDIT REPORT — 2026-08-29 07:59:05
================================================================================

[1] MODEL INFORMATION
--------------------------------------------------------------------------------
Model ID / Name:     HuggingFaceTB/SmolLM2-135M
Architecture:        Dense Transformer
Quantization Mode:   4-bit NF4 Quantization (BitsAndBytes)
Precision Base:      torch.bfloat16
Total Parameters:    81,430,848 (81.43 M)
Total Memory in RAM: 104.69 MB
Dimensions:          Layers: 30, Hidden Size: 576, KV Heads: 3, Head Dim: 64

[2] TOPOLOGY & COMPONENT DISTRIBUTION
--------------------------------------------------------------------------------
  • Worker-Node (192.168.8.130:9900):
    Allocated: layers 0-29
  • Local: vithurshan-HP-250-G8-Notebook-PC + NVIDIA GeForce RTX 3060 Laptop GPU:
    Allocated: embedding, lm_head + norm

[3] GENERATION METADATA
--------------------------------------------------------------------------------
Temperature:         0.0
Prompt Tokens:       9 tokens
Generated Tokens:    20 tokens
Total Sequence:      29 tokens

[4] LATENCY & THROUGHPUT METRICS
--------------------------------------------------------------------------------
Time to First Token (TTFT): 1.084s (Prefill: 8.3 tok/s)
Decode Time:                12.529s (Decode: 1.5 tok/s)
Total End-to-End Latency:   13.613s
Per-token Latency (Avg):    659.4ms
Per-token Latency (Min):    576.5ms
Per-token Latency (Max):    701.9ms
Per-token Latency (P50):    659.0ms
Per-token Latency (P90):    695.8ms
Per-token Latency (P99):    701.9ms

[5] NETWORK PAYLOAD & DATA TRANSFER
--------------------------------------------------------------------------------
Total Data Sent:            1.92 MB
Total Data Received:        1.18 MB
Total Network I/O:          3.10 MB
Avg Network Rate:           0.23 MB/s

Node Breakdown:
  • Worker-Node (192.168.8.130:9900): Sent: 1.92 MB, Received: 1.18 MB

[6] HARDWARE & MEMORY FOOTPRINT (PER NODE)
--------------------------------------------------------------------------------
Local Device:               cuda
GPU VRAM Before:            119.30 MB
GPU VRAM After:             119.40 MB
GPU VRAM Delta:             100.50 KB
KV Cache Total (est):       652.50 KB

Node Memory Breakdown (Layer Weights + Active KV Cache):
  • Local: vithurshan-HP-250-G8-Notebook-PC + NVIDIA GeForce RTX 3060 Laptop GPU:
    - Assigned:      embedding, lm_head + norm
    - Layer Memory:  108.00 MB
    - Active KV:     0.00 B
    - Total Footprint: 119.40 MB (VRAM)
================================================================================

================================================================================
INFERENCE AUDIT REPORT — 2026-08-29 08:00:00
================================================================================

[1] MODEL INFORMATION
--------------------------------------------------------------------------------
Model ID / Name:     HuggingFaceTB/SmolLM2-135M
Architecture:        Dense Transformer
Quantization Mode:   4-bit NF4 Quantization (BitsAndBytes)
Precision Base:      torch.bfloat16
Total Parameters:    81,430,848 (81.43 M)
Total Memory in RAM: 104.69 MB
Dimensions:          Layers: 30, Hidden Size: 576, KV Heads: 3, Head Dim: 64

[2] TOPOLOGY & COMPONENT DISTRIBUTION
--------------------------------------------------------------------------------
  • Worker-Node (192.168.8.130:9900):
    Allocated: layers 0-29
  • Local: vithurshan-HP-250-G8-Notebook-PC + NVIDIA GeForce RTX 3060 Laptop GPU:
    Allocated: embedding, lm_head + norm

[3] GENERATION METADATA
--------------------------------------------------------------------------------
Temperature:         0.0
Prompt Tokens:       8 tokens
Generated Tokens:    80 tokens
Total Sequence:      88 tokens

[4] LATENCY & THROUGHPUT METRICS
--------------------------------------------------------------------------------
Time to First Token (TTFT): 1.106s (Prefill: 7.2 tok/s)
Decode Time:                52.149s (Decode: 1.5 tok/s)
Total End-to-End Latency:   53.255s
Per-token Latency (Avg):    660.1ms
Per-token Latency (Min):    542.3ms
Per-token Latency (Max):    753.1ms
Per-token Latency (P50):    662.6ms
Per-token Latency (P90):    705.6ms
Per-token Latency (P99):    753.1ms

[5] NETWORK PAYLOAD & DATA TRANSFER
--------------------------------------------------------------------------------
Total Data Sent:            6.67 MB
Total Data Received:        3.91 MB
Total Network I/O:          10.58 MB
Avg Network Rate:           0.20 MB/s

Node Breakdown:
  • Worker-Node (192.168.8.130:9900): Sent: 6.67 MB, Received: 3.91 MB

[6] HARDWARE & MEMORY FOOTPRINT (PER NODE)
--------------------------------------------------------------------------------
Local Device:               cuda
GPU VRAM Before:            119.30 MB
GPU VRAM After:             119.40 MB
GPU VRAM Delta:             100.50 KB
KV Cache Total (est):       1.93 MB

Node Memory Breakdown (Layer Weights + Active KV Cache):
  • Local: vithurshan-HP-250-G8-Notebook-PC + NVIDIA GeForce RTX 3060 Laptop GPU:
    - Assigned:      embedding, lm_head + norm
    - Layer Memory:  108.00 MB
    - Active KV:     0.00 B
    - Total Footprint: 119.40 MB (VRAM)
================================================================================

================================================================================
INFERENCE AUDIT REPORT — 2026-08-29 08:00:58
================================================================================

[1] MODEL INFORMATION
--------------------------------------------------------------------------------
Model ID / Name:     HuggingFaceTB/SmolLM2-135M
Architecture:        Dense Transformer
Quantization Mode:   4-bit NF4 Quantization (BitsAndBytes)
Precision Base:      torch.bfloat16
Total Parameters:    81,430,848 (81.43 M)
Total Memory in RAM: 104.69 MB
Dimensions:          Layers: 30, Hidden Size: 576, KV Heads: 3, Head Dim: 64

[2] TOPOLOGY & COMPONENT DISTRIBUTION
--------------------------------------------------------------------------------
  • Worker-Node (192.168.8.130:9900):
    Allocated: layers 0-29
  • Local: vithurshan-HP-250-G8-Notebook-PC + NVIDIA GeForce RTX 3060 Laptop GPU:
    Allocated: embedding, lm_head + norm

[3] GENERATION METADATA
--------------------------------------------------------------------------------
Temperature:         0.0
Prompt Tokens:       38 tokens
Generated Tokens:    80 tokens
Total Sequence:      118 tokens

[4] LATENCY & THROUGHPUT METRICS
--------------------------------------------------------------------------------
Time to First Token (TTFT): 3.611s (Prefill: 10.5 tok/s)
Decode Time:                53.745s (Decode: 1.5 tok/s)
Total End-to-End Latency:   57.356s
Per-token Latency (Avg):    680.3ms
Per-token Latency (Min):    530.3ms
Per-token Latency (Max):    1.230s
Per-token Latency (P50):    665.9ms
Per-token Latency (P90):    732.1ms
Per-token Latency (P99):    1.230s

[5] NETWORK PAYLOAD & DATA TRANSFER
--------------------------------------------------------------------------------
Total Data Sent:            7.89 MB
Total Data Received:        4.90 MB
Total Network I/O:          12.79 MB
Avg Network Rate:           0.22 MB/s

Node Breakdown:
  • Worker-Node (192.168.8.130:9900): Sent: 7.89 MB, Received: 4.90 MB

[6] HARDWARE & MEMORY FOOTPRINT (PER NODE)
--------------------------------------------------------------------------------
Local Device:               cuda
GPU VRAM Before:            119.30 MB
GPU VRAM After:             119.40 MB
GPU VRAM Delta:             100.50 KB
KV Cache Total (est):       2.59 MB

Node Memory Breakdown (Layer Weights + Active KV Cache):
  • Local: vithurshan-HP-250-G8-Notebook-PC + NVIDIA GeForce RTX 3060 Laptop GPU:
    - Assigned:      embedding, lm_head + norm
    - Layer Memory:  108.00 MB
    - Active KV:     0.00 B
    - Total Footprint: 119.40 MB (VRAM)
================================================================================

================================================================================
INFERENCE AUDIT REPORT — 2026-08-29 08:01:22
================================================================================

[1] MODEL INFORMATION
--------------------------------------------------------------------------------
Model ID / Name:     HuggingFaceTB/SmolLM2-135M
Architecture:        Dense Transformer
Quantization Mode:   4-bit NF4 Quantization (BitsAndBytes)
Precision Base:      torch.bfloat16
Total Parameters:    81,430,848 (81.43 M)
Total Memory in RAM: 104.69 MB
Dimensions:          Layers: 30, Hidden Size: 576, KV Heads: 3, Head Dim: 64

[2] TOPOLOGY & COMPONENT DISTRIBUTION
--------------------------------------------------------------------------------
  • Worker-Node (192.168.8.130:9900):
    Allocated: layers 0-29
  • Local: vithurshan-HP-250-G8-Notebook-PC + NVIDIA GeForce RTX 3060 Laptop GPU:
    Allocated: embedding, lm_head + norm

[3] GENERATION METADATA
--------------------------------------------------------------------------------
Temperature:         0.0
Prompt Tokens:       83 tokens
Generated Tokens:    25 tokens
Total Sequence:      108 tokens

[4] LATENCY & THROUGHPUT METRICS
--------------------------------------------------------------------------------
Time to First Token (TTFT): 5.296s (Prefill: 15.7 tok/s)
Decode Time:                16.692s (Decode: 1.4 tok/s)
Total End-to-End Latency:   21.988s
Per-token Latency (Avg):    695.5ms
Per-token Latency (Min):    633.0ms
Per-token Latency (Max):    800.3ms
Per-token Latency (P50):    696.0ms
Per-token Latency (P90):    730.3ms
Per-token Latency (P99):    800.3ms

[5] NETWORK PAYLOAD & DATA TRANSFER
--------------------------------------------------------------------------------
Total Data Sent:            5.32 MB
Total Data Received:        3.85 MB
Total Network I/O:          9.17 MB
Avg Network Rate:           0.42 MB/s

Node Breakdown:
  • Worker-Node (192.168.8.130:9900): Sent: 5.32 MB, Received: 3.85 MB

[6] HARDWARE & MEMORY FOOTPRINT (PER NODE)
--------------------------------------------------------------------------------
Local Device:               cuda
GPU VRAM Before:            119.30 MB
GPU VRAM After:             119.40 MB
GPU VRAM Delta:             100.50 KB
KV Cache Total (est):       2.37 MB

Node Memory Breakdown (Layer Weights + Active KV Cache):
  • Local: vithurshan-HP-250-G8-Notebook-PC + NVIDIA GeForce RTX 3060 Laptop GPU:
    - Assigned:      embedding, lm_head + norm
    - Layer Memory:  108.00 MB
    - Active KV:     0.00 B
    - Total Footprint: 119.40 MB (VRAM)
================================================================================

================================================================================
INFERENCE AUDIT REPORT — 2026-08-29 08:02:47
================================================================================

[1] MODEL INFORMATION
--------------------------------------------------------------------------------
Model ID / Name:     HuggingFaceTB/SmolLM2-135M
Architecture:        Dense Transformer
Quantization Mode:   4-bit NF4 Quantization (BitsAndBytes)
Precision Base:      torch.bfloat16
Total Parameters:    81,430,848 (81.43 M)
Total Memory in RAM: 104.69 MB
Dimensions:          Layers: 30, Hidden Size: 576, KV Heads: 3, Head Dim: 64

[2] TOPOLOGY & COMPONENT DISTRIBUTION
--------------------------------------------------------------------------------
  • Worker-Node (192.168.8.130:9900):
    Allocated: layers 0-29
  • Local: vithurshan-HP-250-G8-Notebook-PC + NVIDIA GeForce RTX 3060 Laptop GPU:
    Allocated: embedding, lm_head + norm

[3] GENERATION METADATA
--------------------------------------------------------------------------------
Temperature:         0.0
Prompt Tokens:       84 tokens
Generated Tokens:    120 tokens
Total Sequence:      204 tokens

[4] LATENCY & THROUGHPUT METRICS
--------------------------------------------------------------------------------
Time to First Token (TTFT): 4.872s (Prefill: 17.2 tok/s)
Decode Time:                79.805s (Decode: 1.5 tok/s)
Total End-to-End Latency:   84.677s
Per-token Latency (Avg):    670.6ms
Per-token Latency (Min):    565.0ms
Per-token Latency (Max):    757.9ms
Per-token Latency (P50):    672.0ms
Per-token Latency (P90):    714.5ms
Per-token Latency (P99):    749.1ms

[5] NETWORK PAYLOAD & DATA TRANSFER
--------------------------------------------------------------------------------
Total Data Sent:            12.94 MB
Total Data Received:        8.26 MB
Total Network I/O:          21.20 MB
Avg Network Rate:           0.25 MB/s

Node Breakdown:
  • Worker-Node (192.168.8.130:9900): Sent: 12.94 MB, Received: 8.26 MB

[6] HARDWARE & MEMORY FOOTPRINT (PER NODE)
--------------------------------------------------------------------------------
Local Device:               cuda
GPU VRAM Before:            119.30 MB
GPU VRAM After:             119.40 MB
GPU VRAM Delta:             100.50 KB
KV Cache Total (est):       4.48 MB

Node Memory Breakdown (Layer Weights + Active KV Cache):
  • Local: vithurshan-HP-250-G8-Notebook-PC + NVIDIA GeForce RTX 3060 Laptop GPU:
    - Assigned:      embedding, lm_head + norm
    - Layer Memory:  108.00 MB
    - Active KV:     0.00 B
    - Total Footprint: 119.40 MB (VRAM)
================================================================================

================================================================================
INFERENCE AUDIT REPORT — 2026-08-29 08:02:53
================================================================================

[1] MODEL INFORMATION
--------------------------------------------------------------------------------
Model ID / Name:     HuggingFaceTB/SmolLM2-135M
Architecture:        Dense Transformer
Quantization Mode:   4-bit NF4 Quantization (BitsAndBytes)
Precision Base:      torch.bfloat16
Total Parameters:    81,430,848 (81.43 M)
Total Memory in RAM: 104.69 MB
Dimensions:          Layers: 30, Hidden Size: 576, KV Heads: 3, Head Dim: 64

[2] TOPOLOGY & COMPONENT DISTRIBUTION
--------------------------------------------------------------------------------
  • Worker-Node (192.168.8.130:9900):
    Allocated: attn 0-9
  • Local: vithurshan-HP-250-G8-Notebook-PC + NVIDIA GeForce RTX 3060 Laptop GPU:
    Allocated: layers 10-29, layers 0-9(ffn only), embedding, lm_head + norm

[3] GENERATION METADATA
--------------------------------------------------------------------------------
Temperature:         0.0
Prompt Tokens:       9 tokens
Generated Tokens:    20 tokens
Total Sequence:      29 tokens

[4] LATENCY & THROUGHPUT METRICS
--------------------------------------------------------------------------------
Time to First Token (TTFT): 500.3ms (Prefill: 18.0 tok/s)
Decode Time:                3.654s (Decode: 5.2 tok/s)
Total End-to-End Latency:   4.155s
Per-token Latency (Avg):    192.3ms
Per-token Latency (Min):    157.1ms
Per-token Latency (Max):    239.9ms
Per-token Latency (P50):    191.9ms
Per-token Latency (P90):    219.6ms
Per-token Latency (P99):    239.9ms

[5] NETWORK PAYLOAD & DATA TRANSFER
--------------------------------------------------------------------------------
Total Data Sent:            656.20 KB
Total Data Received:        404.06 KB
Total Network I/O:          1.04 MB
Avg Network Rate:           0.25 MB/s

Node Breakdown:
  • Worker-Node (192.168.8.130:9900): Sent: 656.24 KB, Received: 404.14 KB

[6] HARDWARE & MEMORY FOOTPRINT (PER NODE)
--------------------------------------------------------------------------------
Local Device:               cuda
GPU VRAM Before:            119.30 MB
GPU VRAM After:             139.50 MB
GPU VRAM Delta:             20.20 MB
KV Cache Total (est):       652.50 KB

Node Memory Breakdown (Layer Weights + Active KV Cache):
  • Local: vithurshan-HP-250-G8-Notebook-PC + NVIDIA GeForce RTX 3060 Laptop GPU:
    - Assigned:      layers 10-29, layers 0-9(ffn only), embedding, lm_head + norm
    - Layer Memory:  154.46 MB
    - Active KV:     420.00 KB
    - Total Footprint: 139.50 MB (VRAM)
================================================================================

================================================================================
INFERENCE AUDIT REPORT — 2026-08-29 08:03:09
================================================================================

[1] MODEL INFORMATION
--------------------------------------------------------------------------------
Model ID / Name:     HuggingFaceTB/SmolLM2-135M
Architecture:        Dense Transformer
Quantization Mode:   4-bit NF4 Quantization (BitsAndBytes)
Precision Base:      torch.bfloat16
Total Parameters:    81,430,848 (81.43 M)
Total Memory in RAM: 104.69 MB
Dimensions:          Layers: 30, Hidden Size: 576, KV Heads: 3, Head Dim: 64

[2] TOPOLOGY & COMPONENT DISTRIBUTION
--------------------------------------------------------------------------------
  • Worker-Node (192.168.8.130:9900):
    Allocated: attn 0-9
  • Local: vithurshan-HP-250-G8-Notebook-PC + NVIDIA GeForce RTX 3060 Laptop GPU:
    Allocated: layers 10-29, layers 0-9(ffn only), embedding, lm_head + norm

[3] GENERATION METADATA
--------------------------------------------------------------------------------
Temperature:         0.0
Prompt Tokens:       8 tokens
Generated Tokens:    80 tokens
Total Sequence:      88 tokens

[4] LATENCY & THROUGHPUT METRICS
--------------------------------------------------------------------------------
Time to First Token (TTFT): 460.3ms (Prefill: 17.4 tok/s)
Decode Time:                15.050s (Decode: 5.2 tok/s)
Total End-to-End Latency:   15.510s
Per-token Latency (Avg):    190.5ms
Per-token Latency (Min):    164.4ms
Per-token Latency (Max):    245.7ms
Per-token Latency (P50):    183.9ms
Per-token Latency (P90):    222.1ms
Per-token Latency (P99):    245.7ms

[5] NETWORK PAYLOAD & DATA TRANSFER
--------------------------------------------------------------------------------
Total Data Sent:            2.23 MB
Total Data Received:        1.30 MB
Total Network I/O:          3.53 MB
Avg Network Rate:           0.23 MB/s

Node Breakdown:
  • Worker-Node (192.168.8.130:9900): Sent: 2.23 MB, Received: 1.30 MB

[6] HARDWARE & MEMORY FOOTPRINT (PER NODE)
--------------------------------------------------------------------------------
Local Device:               cuda
GPU VRAM Before:            119.30 MB
GPU VRAM After:             220.50 MB
GPU VRAM Delta:             101.20 MB
KV Cache Total (est):       1.93 MB

Node Memory Breakdown (Layer Weights + Active KV Cache):
  • Local: vithurshan-HP-250-G8-Notebook-PC + NVIDIA GeForce RTX 3060 Laptop GPU:
    - Assigned:      layers 10-29, layers 0-9(ffn only), embedding, lm_head + norm
    - Layer Memory:  154.46 MB
    - Active KV:     1.27 MB
    - Total Footprint: 220.50 MB (VRAM)
================================================================================

================================================================================
INFERENCE AUDIT REPORT — 2026-08-29 08:03:27
================================================================================

[1] MODEL INFORMATION
--------------------------------------------------------------------------------
Model ID / Name:     HuggingFaceTB/SmolLM2-135M
Architecture:        Dense Transformer
Quantization Mode:   4-bit NF4 Quantization (BitsAndBytes)
Precision Base:      torch.bfloat16
Total Parameters:    81,430,848 (81.43 M)
Total Memory in RAM: 104.69 MB
Dimensions:          Layers: 30, Hidden Size: 576, KV Heads: 3, Head Dim: 64

[2] TOPOLOGY & COMPONENT DISTRIBUTION
--------------------------------------------------------------------------------
  • Worker-Node (192.168.8.130:9900):
    Allocated: attn 0-9
  • Local: vithurshan-HP-250-G8-Notebook-PC + NVIDIA GeForce RTX 3060 Laptop GPU:
    Allocated: layers 10-29, layers 0-9(ffn only), embedding, lm_head + norm

[3] GENERATION METADATA
--------------------------------------------------------------------------------
Temperature:         0.0
Prompt Tokens:       38 tokens
Generated Tokens:    80 tokens
Total Sequence:      118 tokens

[4] LATENCY & THROUGHPUT METRICS
--------------------------------------------------------------------------------
Time to First Token (TTFT): 1.607s (Prefill: 23.6 tok/s)
Decode Time:                15.009s (Decode: 5.3 tok/s)
Total End-to-End Latency:   16.616s
Per-token Latency (Avg):    190.0ms
Per-token Latency (Min):    140.1ms
Per-token Latency (Max):    246.2ms
Per-token Latency (P50):    187.0ms
Per-token Latency (P90):    217.1ms
Per-token Latency (P99):    246.2ms

[5] NETWORK PAYLOAD & DATA TRANSFER
--------------------------------------------------------------------------------
Total Data Sent:            2.63 MB
Total Data Received:        1.63 MB
Total Network I/O:          4.26 MB
Avg Network Rate:           0.26 MB/s

Node Breakdown:
  • Worker-Node (192.168.8.130:9900): Sent: 2.63 MB, Received: 1.63 MB

[6] HARDWARE & MEMORY FOOTPRINT (PER NODE)
--------------------------------------------------------------------------------
Local Device:               cuda
GPU VRAM Before:            119.30 MB
GPU VRAM After:             267.71 MB
GPU VRAM Delta:             148.41 MB
KV Cache Total (est):       2.59 MB

Node Memory Breakdown (Layer Weights + Active KV Cache):
  • Local: vithurshan-HP-250-G8-Notebook-PC + NVIDIA GeForce RTX 3060 Laptop GPU:
    - Assigned:      layers 10-29, layers 0-9(ffn only), embedding, lm_head + norm
    - Layer Memory:  154.46 MB
    - Active KV:     1.71 MB
    - Total Footprint: 267.71 MB (VRAM)
================================================================================

================================================================================
INFERENCE AUDIT REPORT — 2026-08-29 08:03:35
================================================================================

[1] MODEL INFORMATION
--------------------------------------------------------------------------------
Model ID / Name:     HuggingFaceTB/SmolLM2-135M
Architecture:        Dense Transformer
Quantization Mode:   4-bit NF4 Quantization (BitsAndBytes)
Precision Base:      torch.bfloat16
Total Parameters:    81,430,848 (81.43 M)
Total Memory in RAM: 104.69 MB
Dimensions:          Layers: 30, Hidden Size: 576, KV Heads: 3, Head Dim: 64

[2] TOPOLOGY & COMPONENT DISTRIBUTION
--------------------------------------------------------------------------------
  • Worker-Node (192.168.8.130:9900):
    Allocated: attn 0-9
  • Local: vithurshan-HP-250-G8-Notebook-PC + NVIDIA GeForce RTX 3060 Laptop GPU:
    Allocated: layers 10-29, layers 0-9(ffn only), embedding, lm_head + norm

[3] GENERATION METADATA
--------------------------------------------------------------------------------
Temperature:         0.0
Prompt Tokens:       83 tokens
Generated Tokens:    25 tokens
Total Sequence:      108 tokens

[4] LATENCY & THROUGHPUT METRICS
--------------------------------------------------------------------------------
Time to First Token (TTFT): 2.435s (Prefill: 34.1 tok/s)
Decode Time:                4.660s (Decode: 5.1 tok/s)
Total End-to-End Latency:   7.095s
Per-token Latency (Avg):    194.2ms
Per-token Latency (Min):    170.2ms
Per-token Latency (Max):    235.2ms
Per-token Latency (P50):    193.5ms
Per-token Latency (P90):    219.2ms
Per-token Latency (P99):    235.2ms

[5] NETWORK PAYLOAD & DATA TRANSFER
--------------------------------------------------------------------------------
Total Data Sent:            1.77 MB
Total Data Received:        1.28 MB
Total Network I/O:          3.06 MB
Avg Network Rate:           0.43 MB/s

Node Breakdown:
  • Worker-Node (192.168.8.130:9900): Sent: 1.77 MB, Received: 1.28 MB

[6] HARDWARE & MEMORY FOOTPRINT (PER NODE)
--------------------------------------------------------------------------------
Local Device:               cuda
GPU VRAM Before:            119.30 MB
GPU VRAM After:             204.22 MB
GPU VRAM Delta:             84.92 MB
KV Cache Total (est):       2.37 MB

Node Memory Breakdown (Layer Weights + Active KV Cache):
  • Local: vithurshan-HP-250-G8-Notebook-PC + NVIDIA GeForce RTX 3060 Laptop GPU:
    - Assigned:      layers 10-29, layers 0-9(ffn only), embedding, lm_head + norm
    - Layer Memory:  154.46 MB
    - Active KV:     1.57 MB
    - Total Footprint: 204.22 MB (VRAM)
================================================================================

================================================================================
INFERENCE AUDIT REPORT — 2026-08-29 08:04:02
================================================================================

[1] MODEL INFORMATION
--------------------------------------------------------------------------------
Model ID / Name:     HuggingFaceTB/SmolLM2-135M
Architecture:        Dense Transformer
Quantization Mode:   4-bit NF4 Quantization (BitsAndBytes)
Precision Base:      torch.bfloat16
Total Parameters:    81,430,848 (81.43 M)
Total Memory in RAM: 104.69 MB
Dimensions:          Layers: 30, Hidden Size: 576, KV Heads: 3, Head Dim: 64

[2] TOPOLOGY & COMPONENT DISTRIBUTION
--------------------------------------------------------------------------------
  • Worker-Node (192.168.8.130:9900):
    Allocated: attn 0-9
  • Local: vithurshan-HP-250-G8-Notebook-PC + NVIDIA GeForce RTX 3060 Laptop GPU:
    Allocated: layers 10-29, layers 0-9(ffn only), embedding, lm_head + norm

[3] GENERATION METADATA
--------------------------------------------------------------------------------
Temperature:         0.0
Prompt Tokens:       84 tokens
Generated Tokens:    120 tokens
Total Sequence:      204 tokens

[4] LATENCY & THROUGHPUT METRICS
--------------------------------------------------------------------------------
Time to First Token (TTFT): 2.131s (Prefill: 39.4 tok/s)
Decode Time:                23.857s (Decode: 5.0 tok/s)
Total End-to-End Latency:   25.988s
Per-token Latency (Avg):    200.5ms
Per-token Latency (Min):    147.5ms
Per-token Latency (Max):    291.3ms
Per-token Latency (P50):    199.2ms
Per-token Latency (P90):    228.5ms
Per-token Latency (P99):    288.1ms

[5] NETWORK PAYLOAD & DATA TRANSFER
--------------------------------------------------------------------------------
Total Data Sent:            4.32 MB
Total Data Received:        2.75 MB
Total Network I/O:          7.07 MB
Avg Network Rate:           0.27 MB/s

Node Breakdown:
  • Worker-Node (192.168.8.130:9900): Sent: 4.32 MB, Received: 2.75 MB

[6] HARDWARE & MEMORY FOOTPRINT (PER NODE)
--------------------------------------------------------------------------------
Local Device:               cuda
GPU VRAM Before:            119.30 MB
GPU VRAM After:             464.70 MB
GPU VRAM Delta:             345.40 MB
KV Cache Total (est):       4.48 MB

Node Memory Breakdown (Layer Weights + Active KV Cache):
  • Local: vithurshan-HP-250-G8-Notebook-PC + NVIDIA GeForce RTX 3060 Laptop GPU:
    - Assigned:      layers 10-29, layers 0-9(ffn only), embedding, lm_head + norm
    - Layer Memory:  154.46 MB
    - Active KV:     2.97 MB
    - Total Footprint: 464.70 MB (VRAM)
================================================================================

================================================================================
INFERENCE AUDIT REPORT — 2026-08-29 08:04:07
================================================================================

[1] MODEL INFORMATION
--------------------------------------------------------------------------------
Model ID / Name:     HuggingFaceTB/SmolLM2-135M
Architecture:        Dense Transformer
Quantization Mode:   4-bit NF4 Quantization (BitsAndBytes)
Precision Base:      torch.bfloat16
Total Parameters:    81,430,848 (81.43 M)
Total Memory in RAM: 104.69 MB
Dimensions:          Layers: 30, Hidden Size: 576, KV Heads: 3, Head Dim: 64

[2] TOPOLOGY & COMPONENT DISTRIBUTION
--------------------------------------------------------------------------------
  • Worker-Node (192.168.8.130:9900):
    Allocated: ffn 0-9
  • Local: vithurshan-HP-250-G8-Notebook-PC + NVIDIA GeForce RTX 3060 Laptop GPU:
    Allocated: layers 10-29, layers 0-9(attn only), embedding, lm_head + norm

[3] GENERATION METADATA
--------------------------------------------------------------------------------
Temperature:         0.0
Prompt Tokens:       9 tokens
Generated Tokens:    20 tokens
Total Sequence:      29 tokens

[4] LATENCY & THROUGHPUT METRICS
--------------------------------------------------------------------------------
Time to First Token (TTFT): 441.8ms (Prefill: 20.4 tok/s)
Decode Time:                3.377s (Decode: 5.6 tok/s)
Total End-to-End Latency:   3.819s
Per-token Latency (Avg):    177.8ms
Per-token Latency (Min):    155.8ms
Per-token Latency (Max):    214.4ms
Per-token Latency (P50):    172.2ms
Per-token Latency (P90):    203.8ms
Per-token Latency (P99):    214.4ms

[5] NETWORK PAYLOAD & DATA TRANSFER
--------------------------------------------------------------------------------
Total Data Sent:            407.74 KB
Total Data Received:        404.06 KB
Total Network I/O:          811.80 KB
Avg Network Rate:           0.21 MB/s

Node Breakdown:
  • Worker-Node (192.168.8.130:9900): Sent: 407.78 KB, Received: 404.14 KB

[6] HARDWARE & MEMORY FOOTPRINT (PER NODE)
--------------------------------------------------------------------------------
Local Device:               cuda
GPU VRAM Before:            119.30 MB
GPU VRAM After:             140.87 MB
GPU VRAM Delta:             21.57 MB
KV Cache Total (est):       652.50 KB

Node Memory Breakdown (Layer Weights + Active KV Cache):
  • Local: vithurshan-HP-250-G8-Notebook-PC + NVIDIA GeForce RTX 3060 Laptop GPU:
    - Assigned:      layers 10-29, layers 0-9(attn only), embedding, lm_head + norm
    - Layer Memory:  146.02 MB
    - Active KV:     630.00 KB
    - Total Footprint: 140.87 MB (VRAM)
================================================================================

================================================================================
INFERENCE AUDIT REPORT — 2026-08-29 08:04:23
================================================================================

[1] MODEL INFORMATION
--------------------------------------------------------------------------------
Model ID / Name:     HuggingFaceTB/SmolLM2-135M
Architecture:        Dense Transformer
Quantization Mode:   4-bit NF4 Quantization (BitsAndBytes)
Precision Base:      torch.bfloat16
Total Parameters:    81,430,848 (81.43 M)
Total Memory in RAM: 104.69 MB
Dimensions:          Layers: 30, Hidden Size: 576, KV Heads: 3, Head Dim: 64

[2] TOPOLOGY & COMPONENT DISTRIBUTION
--------------------------------------------------------------------------------
  • Worker-Node (192.168.8.130:9900):
    Allocated: ffn 0-9
  • Local: vithurshan-HP-250-G8-Notebook-PC + NVIDIA GeForce RTX 3060 Laptop GPU:
    Allocated: layers 10-29, layers 0-9(attn only), embedding, lm_head + norm

[3] GENERATION METADATA
--------------------------------------------------------------------------------
Temperature:         0.0
Prompt Tokens:       8 tokens
Generated Tokens:    80 tokens
Total Sequence:      88 tokens

[4] LATENCY & THROUGHPUT METRICS
--------------------------------------------------------------------------------
Time to First Token (TTFT): 387.7ms (Prefill: 20.6 tok/s)
Decode Time:                14.506s (Decode: 5.4 tok/s)
Total End-to-End Latency:   14.894s
Per-token Latency (Avg):    183.6ms
Per-token Latency (Min):    126.5ms
Per-token Latency (Max):    275.2ms
Per-token Latency (P50):    178.9ms
Per-token Latency (P90):    219.8ms
Per-token Latency (P99):    275.2ms

[5] NETWORK PAYLOAD & DATA TRANSFER
--------------------------------------------------------------------------------
Total Data Sent:            1.32 MB
Total Data Received:        1.30 MB
Total Network I/O:          2.62 MB
Avg Network Rate:           0.18 MB/s

Node Breakdown:
  • Worker-Node (192.168.8.130:9900): Sent: 1.32 MB, Received: 1.30 MB

[6] HARDWARE & MEMORY FOOTPRINT (PER NODE)
--------------------------------------------------------------------------------
Local Device:               cuda
GPU VRAM Before:            119.30 MB
GPU VRAM After:             244.64 MB
GPU VRAM Delta:             125.34 MB
KV Cache Total (est):       1.93 MB

Node Memory Breakdown (Layer Weights + Active KV Cache):
  • Local: vithurshan-HP-250-G8-Notebook-PC + NVIDIA GeForce RTX 3060 Laptop GPU:
    - Assigned:      layers 10-29, layers 0-9(attn only), embedding, lm_head + norm
    - Layer Memory:  146.02 MB
    - Active KV:     1.91 MB
    - Total Footprint: 244.64 MB (VRAM)
================================================================================

================================================================================
INFERENCE AUDIT REPORT — 2026-08-29 08:04:40
================================================================================

[1] MODEL INFORMATION
--------------------------------------------------------------------------------
Model ID / Name:     HuggingFaceTB/SmolLM2-135M
Architecture:        Dense Transformer
Quantization Mode:   4-bit NF4 Quantization (BitsAndBytes)
Precision Base:      torch.bfloat16
Total Parameters:    81,430,848 (81.43 M)
Total Memory in RAM: 104.69 MB
Dimensions:          Layers: 30, Hidden Size: 576, KV Heads: 3, Head Dim: 64

[2] TOPOLOGY & COMPONENT DISTRIBUTION
--------------------------------------------------------------------------------
  • Worker-Node (192.168.8.130:9900):
    Allocated: ffn 0-9
  • Local: vithurshan-HP-250-G8-Notebook-PC + NVIDIA GeForce RTX 3060 Laptop GPU:
    Allocated: layers 10-29, layers 0-9(attn only), embedding, lm_head + norm

[3] GENERATION METADATA
--------------------------------------------------------------------------------
Temperature:         0.0
Prompt Tokens:       38 tokens
Generated Tokens:    80 tokens
Total Sequence:      118 tokens

[4] LATENCY & THROUGHPUT METRICS
--------------------------------------------------------------------------------
Time to First Token (TTFT): 1.273s (Prefill: 29.9 tok/s)
Decode Time:                14.790s (Decode: 5.3 tok/s)
Total End-to-End Latency:   16.063s
Per-token Latency (Avg):    187.2ms
Per-token Latency (Min):    152.2ms
Per-token Latency (Max):    240.8ms
Per-token Latency (P50):    181.9ms
Per-token Latency (P90):    218.4ms
Per-token Latency (P99):    240.8ms

[5] NETWORK PAYLOAD & DATA TRANSFER
--------------------------------------------------------------------------------
Total Data Sent:            1.65 MB
Total Data Received:        1.63 MB
Total Network I/O:          3.28 MB
Avg Network Rate:           0.20 MB/s

Node Breakdown:
  • Worker-Node (192.168.8.130:9900): Sent: 1.65 MB, Received: 1.63 MB

[6] HARDWARE & MEMORY FOOTPRINT (PER NODE)
--------------------------------------------------------------------------------
Local Device:               cuda
GPU VRAM Before:            119.30 MB
GPU VRAM After:             307.47 MB
GPU VRAM Delta:             188.16 MB
KV Cache Total (est):       2.59 MB

Node Memory Breakdown (Layer Weights + Active KV Cache):
  • Local: vithurshan-HP-250-G8-Notebook-PC + NVIDIA GeForce RTX 3060 Laptop GPU:
    - Assigned:      layers 10-29, layers 0-9(attn only), embedding, lm_head + norm
    - Layer Memory:  146.02 MB
    - Active KV:     2.57 MB
    - Total Footprint: 307.47 MB (VRAM)
================================================================================

================================================================================
INFERENCE AUDIT REPORT — 2026-08-29 08:04:47
================================================================================

[1] MODEL INFORMATION
--------------------------------------------------------------------------------
Model ID / Name:     HuggingFaceTB/SmolLM2-135M
Architecture:        Dense Transformer
Quantization Mode:   4-bit NF4 Quantization (BitsAndBytes)
Precision Base:      torch.bfloat16
Total Parameters:    81,430,848 (81.43 M)
Total Memory in RAM: 104.69 MB
Dimensions:          Layers: 30, Hidden Size: 576, KV Heads: 3, Head Dim: 64

[2] TOPOLOGY & COMPONENT DISTRIBUTION
--------------------------------------------------------------------------------
  • Worker-Node (192.168.8.130:9900):
    Allocated: ffn 0-9
  • Local: vithurshan-HP-250-G8-Notebook-PC + NVIDIA GeForce RTX 3060 Laptop GPU:
    Allocated: layers 10-29, layers 0-9(attn only), embedding, lm_head + norm

[3] GENERATION METADATA
--------------------------------------------------------------------------------
Temperature:         0.0
Prompt Tokens:       83 tokens
Generated Tokens:    25 tokens
Total Sequence:      108 tokens

[4] LATENCY & THROUGHPUT METRICS
--------------------------------------------------------------------------------
Time to First Token (TTFT): 1.868s (Prefill: 44.4 tok/s)
Decode Time:                4.072s (Decode: 5.9 tok/s)
Total End-to-End Latency:   5.940s
Per-token Latency (Avg):    169.7ms
Per-token Latency (Min):    137.7ms
Per-token Latency (Max):    210.9ms
Per-token Latency (P50):    171.0ms
Per-token Latency (P90):    192.8ms
Per-token Latency (P99):    210.9ms

[5] NETWORK PAYLOAD & DATA TRANSFER
--------------------------------------------------------------------------------
Total Data Sent:            1.29 MB
Total Data Received:        1.28 MB
Total Network I/O:          2.57 MB
Avg Network Rate:           0.43 MB/s

Node Breakdown:
  • Worker-Node (192.168.8.130:9900): Sent: 1.29 MB, Received: 1.28 MB

[6] HARDWARE & MEMORY FOOTPRINT (PER NODE)
--------------------------------------------------------------------------------
Local Device:               cuda
GPU VRAM Before:            119.30 MB
GPU VRAM After:             215.23 MB
GPU VRAM Delta:             95.92 MB
KV Cache Total (est):       2.37 MB

Node Memory Breakdown (Layer Weights + Active KV Cache):
  • Local: vithurshan-HP-250-G8-Notebook-PC + NVIDIA GeForce RTX 3060 Laptop GPU:
    - Assigned:      layers 10-29, layers 0-9(attn only), embedding, lm_head + norm
    - Layer Memory:  146.02 MB
    - Active KV:     2.35 MB
    - Total Footprint: 215.23 MB (VRAM)
================================================================================

================================================================================
INFERENCE AUDIT REPORT — 2026-08-29 08:05:12
================================================================================

[1] MODEL INFORMATION
--------------------------------------------------------------------------------
Model ID / Name:     HuggingFaceTB/SmolLM2-135M
Architecture:        Dense Transformer
Quantization Mode:   4-bit NF4 Quantization (BitsAndBytes)
Precision Base:      torch.bfloat16
Total Parameters:    81,430,848 (81.43 M)
Total Memory in RAM: 104.69 MB
Dimensions:          Layers: 30, Hidden Size: 576, KV Heads: 3, Head Dim: 64

[2] TOPOLOGY & COMPONENT DISTRIBUTION
--------------------------------------------------------------------------------
  • Worker-Node (192.168.8.130:9900):
    Allocated: ffn 0-9
  • Local: vithurshan-HP-250-G8-Notebook-PC + NVIDIA GeForce RTX 3060 Laptop GPU:
    Allocated: layers 10-29, layers 0-9(attn only), embedding, lm_head + norm

[3] GENERATION METADATA
--------------------------------------------------------------------------------
Temperature:         0.0
Prompt Tokens:       84 tokens
Generated Tokens:    120 tokens
Total Sequence:      204 tokens

[4] LATENCY & THROUGHPUT METRICS
--------------------------------------------------------------------------------
Time to First Token (TTFT): 1.855s (Prefill: 45.3 tok/s)
Decode Time:                21.694s (Decode: 5.5 tok/s)
Total End-to-End Latency:   23.549s
Per-token Latency (Avg):    182.3ms
Per-token Latency (Min):    142.6ms
Per-token Latency (Max):    270.2ms
Per-token Latency (P50):    177.0ms
Per-token Latency (P90):    217.6ms
Per-token Latency (P99):    263.7ms

[5] NETWORK PAYLOAD & DATA TRANSFER
--------------------------------------------------------------------------------
Total Data Sent:            2.77 MB
Total Data Received:        2.75 MB
Total Network I/O:          5.53 MB
Avg Network Rate:           0.23 MB/s

Node Breakdown:
  • Worker-Node (192.168.8.130:9900): Sent: 2.77 MB, Received: 2.75 MB

[6] HARDWARE & MEMORY FOOTPRINT (PER NODE)
--------------------------------------------------------------------------------
Local Device:               cuda
GPU VRAM Before:            119.30 MB
GPU VRAM After:             580.54 MB
GPU VRAM Delta:             461.24 MB
KV Cache Total (est):       4.48 MB

Node Memory Breakdown (Layer Weights + Active KV Cache):
  • Local: vithurshan-HP-250-G8-Notebook-PC + NVIDIA GeForce RTX 3060 Laptop GPU:
    - Assigned:      layers 10-29, layers 0-9(attn only), embedding, lm_head + norm
    - Layer Memory:  146.02 MB
    - Active KV:     4.46 MB
    - Total Footprint: 580.54 MB (VRAM)
================================================================================

================================================================================
INFERENCE AUDIT REPORT — 2026-08-29 08:05:22
================================================================================

[1] MODEL INFORMATION
--------------------------------------------------------------------------------
Model ID / Name:     HuggingFaceTB/SmolLM2-135M
Architecture:        Dense Transformer
Quantization Mode:   4-bit NF4 Quantization (BitsAndBytes)
Precision Base:      torch.bfloat16
Total Parameters:    81,430,848 (81.43 M)
Total Memory in RAM: 104.69 MB
Dimensions:          Layers: 30, Hidden Size: 576, KV Heads: 3, Head Dim: 64

[2] TOPOLOGY & COMPONENT DISTRIBUTION
--------------------------------------------------------------------------------
  • Worker-Node (192.168.8.130:9900):
    Allocated: layers 5-11, layers 18-24
  • Local: vithurshan-HP-250-G8-Notebook-PC + NVIDIA GeForce RTX 3060 Laptop GPU:
    Allocated: layers 0-4, layers 12-17, layers 25-29, embedding, lm_head + norm

[3] GENERATION METADATA
--------------------------------------------------------------------------------
Temperature:         0.0
Prompt Tokens:       9 tokens
Generated Tokens:    20 tokens
Total Sequence:      29 tokens

[4] LATENCY & THROUGHPUT METRICS
--------------------------------------------------------------------------------
Time to First Token (TTFT): 924.1ms (Prefill: 9.7 tok/s)
Decode Time:                7.572s (Decode: 2.5 tok/s)
Total End-to-End Latency:   8.496s
Per-token Latency (Avg):    398.5ms
Per-token Latency (Min):    336.8ms
Per-token Latency (Max):    466.7ms
Per-token Latency (P50):    404.8ms
Per-token Latency (P90):    446.9ms
Per-token Latency (P99):    466.7ms

[5] NETWORK PAYLOAD & DATA TRANSFER
--------------------------------------------------------------------------------
Total Data Sent:            917.85 KB
Total Data Received:        565.69 KB
Total Network I/O:          1.45 MB
Avg Network Rate:           0.17 MB/s

Node Breakdown:
  • Worker-Node (192.168.8.130:9900): Sent: 917.89 KB, Received: 565.76 KB

[6] HARDWARE & MEMORY FOOTPRINT (PER NODE)
--------------------------------------------------------------------------------
Local Device:               cuda
GPU VRAM Before:            119.30 MB
GPU VRAM After:             130.86 MB
GPU VRAM Delta:             11.56 MB
KV Cache Total (est):       652.50 KB

Node Memory Breakdown (Layer Weights + Active KV Cache):
  • Local: vithurshan-HP-250-G8-Notebook-PC + NVIDIA GeForce RTX 3060 Laptop GPU:
    - Assigned:      layers 0-4, layers 12-17, layers 25-29, embedding, lm_head + norm
    - Layer Memory:  135.04 MB
    - Active KV:     336.00 KB
    - Total Footprint: 130.86 MB (VRAM)
================================================================================

================================================================================
INFERENCE AUDIT REPORT — 2026-08-29 08:05:56
================================================================================

[1] MODEL INFORMATION
--------------------------------------------------------------------------------
Model ID / Name:     HuggingFaceTB/SmolLM2-135M
Architecture:        Dense Transformer
Quantization Mode:   4-bit NF4 Quantization (BitsAndBytes)
Precision Base:      torch.bfloat16
Total Parameters:    81,430,848 (81.43 M)
Total Memory in RAM: 104.69 MB
Dimensions:          Layers: 30, Hidden Size: 576, KV Heads: 3, Head Dim: 64

[2] TOPOLOGY & COMPONENT DISTRIBUTION
--------------------------------------------------------------------------------
  • Worker-Node (192.168.8.130:9900):
    Allocated: layers 5-11, layers 18-24
  • Local: vithurshan-HP-250-G8-Notebook-PC + NVIDIA GeForce RTX 3060 Laptop GPU:
    Allocated: layers 0-4, layers 12-17, layers 25-29, embedding, lm_head + norm

[3] GENERATION METADATA
--------------------------------------------------------------------------------
Temperature:         0.0
Prompt Tokens:       8 tokens
Generated Tokens:    80 tokens
Total Sequence:      88 tokens

[4] LATENCY & THROUGHPUT METRICS
--------------------------------------------------------------------------------
Time to First Token (TTFT): 901.1ms (Prefill: 8.9 tok/s)
Decode Time:                31.782s (Decode: 2.5 tok/s)
Total End-to-End Latency:   32.683s
Per-token Latency (Avg):    402.3ms
Per-token Latency (Min):    307.9ms
Per-token Latency (Max):    489.1ms
Per-token Latency (P50):    402.7ms
Per-token Latency (P90):    436.3ms
Per-token Latency (P99):    489.1ms

[5] NETWORK PAYLOAD & DATA TRANSFER
--------------------------------------------------------------------------------
Total Data Sent:            3.11 MB
Total Data Received:        1.83 MB
Total Network I/O:          4.94 MB
Avg Network Rate:           0.15 MB/s

Node Breakdown:
  • Worker-Node (192.168.8.130:9900): Sent: 3.11 MB, Received: 1.83 MB

[6] HARDWARE & MEMORY FOOTPRINT (PER NODE)
--------------------------------------------------------------------------------
Local Device:               cuda
GPU VRAM Before:            119.30 MB
GPU VRAM After:             181.34 MB
GPU VRAM Delta:             62.04 MB
KV Cache Total (est):       1.93 MB

Node Memory Breakdown (Layer Weights + Active KV Cache):
  • Local: vithurshan-HP-250-G8-Notebook-PC + NVIDIA GeForce RTX 3060 Laptop GPU:
    - Assigned:      layers 0-4, layers 12-17, layers 25-29, embedding, lm_head + norm
    - Layer Memory:  135.04 MB
    - Active KV:     1.02 MB
    - Total Footprint: 181.34 MB (VRAM)
================================================================================

================================================================================
INFERENCE AUDIT REPORT — 2026-08-29 08:06:31
================================================================================

[1] MODEL INFORMATION
--------------------------------------------------------------------------------
Model ID / Name:     HuggingFaceTB/SmolLM2-135M
Architecture:        Dense Transformer
Quantization Mode:   4-bit NF4 Quantization (BitsAndBytes)
Precision Base:      torch.bfloat16
Total Parameters:    81,430,848 (81.43 M)
Total Memory in RAM: 104.69 MB
Dimensions:          Layers: 30, Hidden Size: 576, KV Heads: 3, Head Dim: 64

[2] TOPOLOGY & COMPONENT DISTRIBUTION
--------------------------------------------------------------------------------
  • Worker-Node (192.168.8.130:9900):
    Allocated: layers 5-11, layers 18-24
  • Local: vithurshan-HP-250-G8-Notebook-PC + NVIDIA GeForce RTX 3060 Laptop GPU:
    Allocated: layers 0-4, layers 12-17, layers 25-29, embedding, lm_head + norm

[3] GENERATION METADATA
--------------------------------------------------------------------------------
Temperature:         0.0
Prompt Tokens:       38 tokens
Generated Tokens:    80 tokens
Total Sequence:      118 tokens

[4] LATENCY & THROUGHPUT METRICS
--------------------------------------------------------------------------------
Time to First Token (TTFT): 1.423s (Prefill: 26.7 tok/s)
Decode Time:                32.942s (Decode: 2.4 tok/s)
Total End-to-End Latency:   34.365s
Per-token Latency (Avg):    417.0ms
Per-token Latency (Min):    303.4ms
Per-token Latency (Max):    964.7ms
Per-token Latency (P50):    410.3ms
Per-token Latency (P90):    450.2ms
Per-token Latency (P99):    964.7ms

[5] NETWORK PAYLOAD & DATA TRANSFER
--------------------------------------------------------------------------------
Total Data Sent:            3.68 MB
Total Data Received:        2.29 MB
Total Network I/O:          5.97 MB
Avg Network Rate:           0.17 MB/s

Node Breakdown:
  • Worker-Node (192.168.8.130:9900): Sent: 3.68 MB, Received: 2.29 MB

[6] HARDWARE & MEMORY FOOTPRINT (PER NODE)
--------------------------------------------------------------------------------
Local Device:               cuda
GPU VRAM Before:            119.30 MB
GPU VRAM After:             211.31 MB
GPU VRAM Delta:             92.01 MB
KV Cache Total (est):       2.59 MB

Node Memory Breakdown (Layer Weights + Active KV Cache):
  • Local: vithurshan-HP-250-G8-Notebook-PC + NVIDIA GeForce RTX 3060 Laptop GPU:
    - Assigned:      layers 0-4, layers 12-17, layers 25-29, embedding, lm_head + norm
    - Layer Memory:  135.04 MB
    - Active KV:     1.37 MB
    - Total Footprint: 211.31 MB (VRAM)
================================================================================

================================================================================
INFERENCE AUDIT REPORT — 2026-08-29 08:06:45
================================================================================

[1] MODEL INFORMATION
--------------------------------------------------------------------------------
Model ID / Name:     HuggingFaceTB/SmolLM2-135M
Architecture:        Dense Transformer
Quantization Mode:   4-bit NF4 Quantization (BitsAndBytes)
Precision Base:      torch.bfloat16
Total Parameters:    81,430,848 (81.43 M)
Total Memory in RAM: 104.69 MB
Dimensions:          Layers: 30, Hidden Size: 576, KV Heads: 3, Head Dim: 64

[2] TOPOLOGY & COMPONENT DISTRIBUTION
--------------------------------------------------------------------------------
  • Worker-Node (192.168.8.130:9900):
    Allocated: layers 5-11, layers 18-24
  • Local: vithurshan-HP-250-G8-Notebook-PC + NVIDIA GeForce RTX 3060 Laptop GPU:
    Allocated: layers 0-4, layers 12-17, layers 25-29, embedding, lm_head + norm

[3] GENERATION METADATA
--------------------------------------------------------------------------------
Temperature:         0.0
Prompt Tokens:       83 tokens
Generated Tokens:    25 tokens
Total Sequence:      108 tokens

[4] LATENCY & THROUGHPUT METRICS
--------------------------------------------------------------------------------
Time to First Token (TTFT): 3.854s (Prefill: 21.5 tok/s)
Decode Time:                9.435s (Decode: 2.5 tok/s)
Total End-to-End Latency:   13.288s
Per-token Latency (Avg):    393.1ms
Per-token Latency (Min):    342.7ms
Per-token Latency (Max):    444.7ms
Per-token Latency (P50):    385.3ms
Per-token Latency (P90):    434.4ms
Per-token Latency (P99):    444.7ms

[5] NETWORK PAYLOAD & DATA TRANSFER
--------------------------------------------------------------------------------
Total Data Sent:            2.48 MB
Total Data Received:        1.80 MB
Total Network I/O:          4.28 MB
Avg Network Rate:           0.32 MB/s

Node Breakdown:
  • Worker-Node (192.168.8.130:9900): Sent: 2.48 MB, Received: 1.80 MB

[6] HARDWARE & MEMORY FOOTPRINT (PER NODE)
--------------------------------------------------------------------------------
Local Device:               cuda
GPU VRAM Before:            119.30 MB
GPU VRAM After:             168.98 MB
GPU VRAM Delta:             49.68 MB
KV Cache Total (est):       2.37 MB

Node Memory Breakdown (Layer Weights + Active KV Cache):
  • Local: vithurshan-HP-250-G8-Notebook-PC + NVIDIA GeForce RTX 3060 Laptop GPU:
    - Assigned:      layers 0-4, layers 12-17, layers 25-29, embedding, lm_head + norm
    - Layer Memory:  135.04 MB
    - Active KV:     1.25 MB
    - Total Footprint: 168.98 MB (VRAM)
================================================================================

================================================================================
INFERENCE AUDIT REPORT — 2026-08-29 08:07:36
================================================================================

[1] MODEL INFORMATION
--------------------------------------------------------------------------------
Model ID / Name:     HuggingFaceTB/SmolLM2-135M
Architecture:        Dense Transformer
Quantization Mode:   4-bit NF4 Quantization (BitsAndBytes)
Precision Base:      torch.bfloat16
Total Parameters:    81,430,848 (81.43 M)
Total Memory in RAM: 104.69 MB
Dimensions:          Layers: 30, Hidden Size: 576, KV Heads: 3, Head Dim: 64

[2] TOPOLOGY & COMPONENT DISTRIBUTION
--------------------------------------------------------------------------------
  • Worker-Node (192.168.8.130:9900):
    Allocated: layers 5-11, layers 18-24
  • Local: vithurshan-HP-250-G8-Notebook-PC + NVIDIA GeForce RTX 3060 Laptop GPU:
    Allocated: layers 0-4, layers 12-17, layers 25-29, embedding, lm_head + norm

[3] GENERATION METADATA
--------------------------------------------------------------------------------
Temperature:         0.0
Prompt Tokens:       84 tokens
Generated Tokens:    120 tokens
Total Sequence:      204 tokens

[4] LATENCY & THROUGHPUT METRICS
--------------------------------------------------------------------------------
Time to First Token (TTFT): 2.002s (Prefill: 41.9 tok/s)
Decode Time:                47.755s (Decode: 2.5 tok/s)
Total End-to-End Latency:   49.757s
Per-token Latency (Avg):    401.3ms
Per-token Latency (Min):    262.1ms
Per-token Latency (Max):    471.9ms
Per-token Latency (P50):    407.4ms
Per-token Latency (P90):    445.5ms
Per-token Latency (P99):    471.2ms

[5] NETWORK PAYLOAD & DATA TRANSFER
--------------------------------------------------------------------------------
Total Data Sent:            6.04 MB
Total Data Received:        3.85 MB
Total Network I/O:          9.89 MB
Avg Network Rate:           0.20 MB/s

Node Breakdown:
  • Worker-Node (192.168.8.130:9900): Sent: 6.04 MB, Received: 3.85 MB

[6] HARDWARE & MEMORY FOOTPRINT (PER NODE)
--------------------------------------------------------------------------------
Local Device:               cuda
GPU VRAM Before:            119.30 MB
GPU VRAM After:             339.18 MB
GPU VRAM Delta:             219.88 MB
KV Cache Total (est):       4.48 MB

Node Memory Breakdown (Layer Weights + Active KV Cache):
  • Local: vithurshan-HP-250-G8-Notebook-PC + NVIDIA GeForce RTX 3060 Laptop GPU:
    - Assigned:      layers 0-4, layers 12-17, layers 25-29, embedding, lm_head + norm
    - Layer Memory:  135.04 MB
    - Active KV:     2.38 MB
    - Total Footprint: 339.18 MB (VRAM)
================================================================================

================================================================================
INFERENCE AUDIT REPORT — 2026-08-29 08:07:42
================================================================================

[1] MODEL INFORMATION
--------------------------------------------------------------------------------
Model ID / Name:     HuggingFaceTB/SmolLM2-135M
Architecture:        Dense Transformer
Quantization Mode:   8-bit Quantization (BitsAndBytes)
Precision Base:      torch.float16
Total Parameters:    134,515,008 (134.52 M)
Total Memory in RAM: 155.32 MB
Dimensions:          Layers: 30, Hidden Size: 576, KV Heads: 3, Head Dim: 64

[2] TOPOLOGY & COMPONENT DISTRIBUTION
--------------------------------------------------------------------------------
  • Local: vithurshan-HP-250-G8-Notebook-PC + NVIDIA GeForce RTX 3060 Laptop GPU:
    Allocated: layers 0-29, embedding, lm_head + norm

[3] GENERATION METADATA
--------------------------------------------------------------------------------
Temperature:         0.0
Prompt Tokens:       9 tokens
Generated Tokens:    20 tokens
Total Sequence:      29 tokens

[4] LATENCY & THROUGHPUT METRICS
--------------------------------------------------------------------------------
Time to First Token (TTFT): 229.8ms (Prefill: 39.2 tok/s)
Decode Time:                1.577s (Decode: 12.1 tok/s)
Total End-to-End Latency:   1.806s
Per-token Latency (Avg):    83.0ms
Per-token Latency (Min):    73.3ms
Per-token Latency (Max):    100.9ms
Per-token Latency (P50):    82.7ms
Per-token Latency (P90):    88.8ms
Per-token Latency (P99):    100.9ms

[5] NETWORK PAYLOAD & DATA TRANSFER
--------------------------------------------------------------------------------
Total Data Sent:            0.00 B
Total Data Received:        0.00 B
Total Network I/O:          0.00 B
Avg Network Rate:           0.00 MB/s

Node Breakdown:
  • Fully Local Execution (0 network bytes)

[6] HARDWARE & MEMORY FOOTPRINT (PER NODE)
--------------------------------------------------------------------------------
Local Device:               cuda
GPU VRAM Before:            164.10 MB
GPU VRAM After:             195.44 MB
GPU VRAM Delta:             31.34 MB
KV Cache Total (est):       652.50 KB

Node Memory Breakdown (Layer Weights + Active KV Cache):
  • Local: vithurshan-HP-250-G8-Notebook-PC + NVIDIA GeForce RTX 3060 Laptop GPU:
    - Assigned:      layers 0-29, embedding, lm_head + norm
    - Layer Memory:  209.32 MB
    - Active KV:     630.00 KB
    - Total Footprint: 195.44 MB (VRAM)
================================================================================

================================================================================
INFERENCE AUDIT REPORT — 2026-08-29 08:07:49
================================================================================

[1] MODEL INFORMATION
--------------------------------------------------------------------------------
Model ID / Name:     HuggingFaceTB/SmolLM2-135M
Architecture:        Dense Transformer
Quantization Mode:   8-bit Quantization (BitsAndBytes)
Precision Base:      torch.float16
Total Parameters:    134,515,008 (134.52 M)
Total Memory in RAM: 155.32 MB
Dimensions:          Layers: 30, Hidden Size: 576, KV Heads: 3, Head Dim: 64

[2] TOPOLOGY & COMPONENT DISTRIBUTION
--------------------------------------------------------------------------------
  • Local: vithurshan-HP-250-G8-Notebook-PC + NVIDIA GeForce RTX 3060 Laptop GPU:
    Allocated: layers 0-29, embedding, lm_head + norm

[3] GENERATION METADATA
--------------------------------------------------------------------------------
Temperature:         0.0
Prompt Tokens:       8 tokens
Generated Tokens:    80 tokens
Total Sequence:      88 tokens

[4] LATENCY & THROUGHPUT METRICS
--------------------------------------------------------------------------------
Time to First Token (TTFT): 103.9ms (Prefill: 77.0 tok/s)
Decode Time:                6.643s (Decode: 11.9 tok/s)
Total End-to-End Latency:   6.747s
Per-token Latency (Avg):    84.1ms
Per-token Latency (Min):    73.8ms
Per-token Latency (Max):    346.6ms
Per-token Latency (P50):    80.6ms
Per-token Latency (P90):    85.7ms
Per-token Latency (P99):    346.6ms

[5] NETWORK PAYLOAD & DATA TRANSFER
--------------------------------------------------------------------------------
Total Data Sent:            0.00 B
Total Data Received:        0.00 B
Total Network I/O:          0.00 B
Avg Network Rate:           0.00 MB/s

Node Breakdown:
  • Fully Local Execution (0 network bytes)

[6] HARDWARE & MEMORY FOOTPRINT (PER NODE)
--------------------------------------------------------------------------------
Local Device:               cuda
GPU VRAM Before:            165.12 MB
GPU VRAM After:             318.97 MB
GPU VRAM Delta:             153.85 MB
KV Cache Total (est):       1.93 MB

Node Memory Breakdown (Layer Weights + Active KV Cache):
  • Local: vithurshan-HP-250-G8-Notebook-PC + NVIDIA GeForce RTX 3060 Laptop GPU:
    - Assigned:      layers 0-29, embedding, lm_head + norm
    - Layer Memory:  209.32 MB
    - Active KV:     1.91 MB
    - Total Footprint: 318.97 MB (VRAM)
================================================================================

================================================================================
INFERENCE AUDIT REPORT — 2026-08-29 08:07:58
================================================================================

[1] MODEL INFORMATION
--------------------------------------------------------------------------------
Model ID / Name:     HuggingFaceTB/SmolLM2-135M
Architecture:        Dense Transformer
Quantization Mode:   8-bit Quantization (BitsAndBytes)
Precision Base:      torch.float16
Total Parameters:    134,515,008 (134.52 M)
Total Memory in RAM: 155.32 MB
Dimensions:          Layers: 30, Hidden Size: 576, KV Heads: 3, Head Dim: 64

[2] TOPOLOGY & COMPONENT DISTRIBUTION
--------------------------------------------------------------------------------
  • Local: vithurshan-HP-250-G8-Notebook-PC + NVIDIA GeForce RTX 3060 Laptop GPU:
    Allocated: layers 0-29, embedding, lm_head + norm

[3] GENERATION METADATA
--------------------------------------------------------------------------------
Temperature:         0.0
Prompt Tokens:       38 tokens
Generated Tokens:    80 tokens
Total Sequence:      118 tokens

[4] LATENCY & THROUGHPUT METRICS
--------------------------------------------------------------------------------
Time to First Token (TTFT): 116.7ms (Prefill: 325.5 tok/s)
Decode Time:                7.480s (Decode: 10.6 tok/s)
Total End-to-End Latency:   7.597s
Per-token Latency (Avg):    94.7ms
Per-token Latency (Min):    71.8ms
Per-token Latency (Max):    136.7ms
Per-token Latency (P50):    97.0ms
Per-token Latency (P90):    106.2ms
Per-token Latency (P99):    136.7ms

[5] NETWORK PAYLOAD & DATA TRANSFER
--------------------------------------------------------------------------------
Total Data Sent:            0.00 B
Total Data Received:        0.00 B
Total Network I/O:          0.00 B
Avg Network Rate:           0.00 MB/s

Node Breakdown:
  • Fully Local Execution (0 network bytes)

[6] HARDWARE & MEMORY FOOTPRINT (PER NODE)
--------------------------------------------------------------------------------
Local Device:               cuda
GPU VRAM Before:            165.11 MB
GPU VRAM After:             390.18 MB
GPU VRAM Delta:             225.07 MB
KV Cache Total (est):       2.59 MB

Node Memory Breakdown (Layer Weights + Active KV Cache):
  • Local: vithurshan-HP-250-G8-Notebook-PC + NVIDIA GeForce RTX 3060 Laptop GPU:
    - Assigned:      layers 0-29, embedding, lm_head + norm
    - Layer Memory:  209.32 MB
    - Active KV:     2.57 MB
    - Total Footprint: 390.18 MB (VRAM)
================================================================================

================================================================================
INFERENCE AUDIT REPORT — 2026-08-29 08:08:02
================================================================================

[1] MODEL INFORMATION
--------------------------------------------------------------------------------
Model ID / Name:     HuggingFaceTB/SmolLM2-135M
Architecture:        Dense Transformer
Quantization Mode:   8-bit Quantization (BitsAndBytes)
Precision Base:      torch.float16
Total Parameters:    134,515,008 (134.52 M)
Total Memory in RAM: 155.32 MB
Dimensions:          Layers: 30, Hidden Size: 576, KV Heads: 3, Head Dim: 64

[2] TOPOLOGY & COMPONENT DISTRIBUTION
--------------------------------------------------------------------------------
  • Local: vithurshan-HP-250-G8-Notebook-PC + NVIDIA GeForce RTX 3060 Laptop GPU:
    Allocated: layers 0-29, embedding, lm_head + norm

[3] GENERATION METADATA
--------------------------------------------------------------------------------
Temperature:         0.0
Prompt Tokens:       83 tokens
Generated Tokens:    25 tokens
Total Sequence:      108 tokens

[4] LATENCY & THROUGHPUT METRICS
--------------------------------------------------------------------------------
Time to First Token (TTFT): 140.3ms (Prefill: 591.5 tok/s)
Decode Time:                2.065s (Decode: 11.6 tok/s)
Total End-to-End Latency:   2.205s
Per-token Latency (Avg):    86.0ms
Per-token Latency (Min):    77.5ms
Per-token Latency (Max):    99.1ms
Per-token Latency (P50):    86.6ms
Per-token Latency (P90):    90.8ms
Per-token Latency (P99):    99.1ms

[5] NETWORK PAYLOAD & DATA TRANSFER
--------------------------------------------------------------------------------
Total Data Sent:            0.00 B
Total Data Received:        0.00 B
Total Network I/O:          0.00 B
Avg Network Rate:           0.00 MB/s

Node Breakdown:
  • Fully Local Execution (0 network bytes)

[6] HARDWARE & MEMORY FOOTPRINT (PER NODE)
--------------------------------------------------------------------------------
Local Device:               cuda
GPU VRAM Before:            165.11 MB
GPU VRAM After:             291.60 MB
GPU VRAM Delta:             126.49 MB
KV Cache Total (est):       2.37 MB

Node Memory Breakdown (Layer Weights + Active KV Cache):
  • Local: vithurshan-HP-250-G8-Notebook-PC + NVIDIA GeForce RTX 3060 Laptop GPU:
    - Assigned:      layers 0-29, embedding, lm_head + norm
    - Layer Memory:  209.32 MB
    - Active KV:     2.35 MB
    - Total Footprint: 291.60 MB (VRAM)
================================================================================

================================================================================
INFERENCE AUDIT REPORT — 2026-08-29 08:08:13
================================================================================

[1] MODEL INFORMATION
--------------------------------------------------------------------------------
Model ID / Name:     HuggingFaceTB/SmolLM2-135M
Architecture:        Dense Transformer
Quantization Mode:   8-bit Quantization (BitsAndBytes)
Precision Base:      torch.float16
Total Parameters:    134,515,008 (134.52 M)
Total Memory in RAM: 155.32 MB
Dimensions:          Layers: 30, Hidden Size: 576, KV Heads: 3, Head Dim: 64

[2] TOPOLOGY & COMPONENT DISTRIBUTION
--------------------------------------------------------------------------------
  • Local: vithurshan-HP-250-G8-Notebook-PC + NVIDIA GeForce RTX 3060 Laptop GPU:
    Allocated: layers 0-29, embedding, lm_head + norm

[3] GENERATION METADATA
--------------------------------------------------------------------------------
Temperature:         0.0
Prompt Tokens:       84 tokens
Generated Tokens:    120 tokens
Total Sequence:      204 tokens

[4] LATENCY & THROUGHPUT METRICS
--------------------------------------------------------------------------------
Time to First Token (TTFT): 105.4ms (Prefill: 797.3 tok/s)
Decode Time:                10.131s (Decode: 11.7 tok/s)
Total End-to-End Latency:   10.237s
Per-token Latency (Avg):    85.1ms
Per-token Latency (Min):    72.7ms
Per-token Latency (Max):    383.0ms
Per-token Latency (P50):    82.1ms
Per-token Latency (P90):    89.6ms
Per-token Latency (P99):    98.6ms

[5] NETWORK PAYLOAD & DATA TRANSFER
--------------------------------------------------------------------------------
Total Data Sent:            0.00 B
Total Data Received:        0.00 B
Total Network I/O:          0.00 B
Avg Network Rate:           0.00 MB/s

Node Breakdown:
  • Fully Local Execution (0 network bytes)

[6] HARDWARE & MEMORY FOOTPRINT (PER NODE)
--------------------------------------------------------------------------------
Local Device:               cuda
GPU VRAM Before:            165.10 MB
GPU VRAM After:             688.98 MB
GPU VRAM Delta:             523.87 MB
KV Cache Total (est):       4.48 MB

Node Memory Breakdown (Layer Weights + Active KV Cache):
  • Local: vithurshan-HP-250-G8-Notebook-PC + NVIDIA GeForce RTX 3060 Laptop GPU:
    - Assigned:      layers 0-29, embedding, lm_head + norm
    - Layer Memory:  209.32 MB
    - Active KV:     4.46 MB
    - Total Footprint: 688.98 MB (VRAM)
================================================================================

================================================================================
INFERENCE AUDIT REPORT — 2026-08-29 08:09:35
================================================================================

[1] MODEL INFORMATION
--------------------------------------------------------------------------------
Model ID / Name:     HuggingFaceTB/SmolLM2-135M
Architecture:        Dense Transformer
Quantization Mode:   8-bit Quantization (BitsAndBytes)
Precision Base:      torch.float16
Total Parameters:    134,515,008 (134.52 M)
Total Memory in RAM: 155.32 MB
Dimensions:          Layers: 30, Hidden Size: 576, KV Heads: 3, Head Dim: 64

[2] TOPOLOGY & COMPONENT DISTRIBUTION
--------------------------------------------------------------------------------
  • Worker-Node (192.168.8.130:9900):
    Allocated: layers 5-11, layers 18-24
  • Local: vithurshan-HP-250-G8-Notebook-PC + NVIDIA GeForce RTX 3060 Laptop GPU:
    Allocated: layers 0-4, layers 12-17, layers 25-29, embedding, lm_head + norm

[3] GENERATION METADATA
--------------------------------------------------------------------------------
Temperature:         0.0
Prompt Tokens:       9 tokens
Generated Tokens:    20 tokens
Total Sequence:      29 tokens

[4] LATENCY & THROUGHPUT METRICS
--------------------------------------------------------------------------------
Time to First Token (TTFT): 580.7ms (Prefill: 15.5 tok/s)
Decode Time:                8.362s (Decode: 2.3 tok/s)
Total End-to-End Latency:   8.942s
Per-token Latency (Avg):    440.1ms
Per-token Latency (Min):    365.2ms
Per-token Latency (Max):    489.5ms
Per-token Latency (P50):    445.8ms
Per-token Latency (P90):    473.6ms
Per-token Latency (P99):    489.5ms

[5] NETWORK PAYLOAD & DATA TRANSFER
--------------------------------------------------------------------------------
Total Data Sent:            914.76 KB
Total Data Received:        564.59 KB
Total Network I/O:          1.44 MB
Avg Network Rate:           0.16 MB/s

Node Breakdown:
  • Worker-Node (192.168.8.130:9900): Sent: 914.80 KB, Received: 564.67 KB

[6] HARDWARE & MEMORY FOOTPRINT (PER NODE)
--------------------------------------------------------------------------------
Local Device:               cuda
GPU VRAM Before:            165.11 MB
GPU VRAM After:             179.17 MB
GPU VRAM Delta:             14.06 MB
KV Cache Total (est):       652.50 KB

Node Memory Breakdown (Layer Weights + Active KV Cache):
  • Local: vithurshan-HP-250-G8-Notebook-PC + NVIDIA GeForce RTX 3060 Laptop GPU:
    - Assigned:      layers 0-4, layers 12-17, layers 25-29, embedding, lm_head + norm
    - Layer Memory:  162.04 MB
    - Active KV:     336.00 KB
    - Total Footprint: 179.17 MB (VRAM)
================================================================================

================================================================================
INFERENCE AUDIT REPORT — 2026-08-29 08:10:12
================================================================================

[1] MODEL INFORMATION
--------------------------------------------------------------------------------
Model ID / Name:     HuggingFaceTB/SmolLM2-135M
Architecture:        Dense Transformer
Quantization Mode:   8-bit Quantization (BitsAndBytes)
Precision Base:      torch.float16
Total Parameters:    134,515,008 (134.52 M)
Total Memory in RAM: 155.32 MB
Dimensions:          Layers: 30, Hidden Size: 576, KV Heads: 3, Head Dim: 64

[2] TOPOLOGY & COMPONENT DISTRIBUTION
--------------------------------------------------------------------------------
  • Worker-Node (192.168.8.130:9900):
    Allocated: layers 5-11, layers 18-24
  • Local: vithurshan-HP-250-G8-Notebook-PC + NVIDIA GeForce RTX 3060 Laptop GPU:
    Allocated: layers 0-4, layers 12-17, layers 25-29, embedding, lm_head + norm

[3] GENERATION METADATA
--------------------------------------------------------------------------------
Temperature:         0.0
Prompt Tokens:       8 tokens
Generated Tokens:    80 tokens
Total Sequence:      88 tokens

[4] LATENCY & THROUGHPUT METRICS
--------------------------------------------------------------------------------
Time to First Token (TTFT): 674.7ms (Prefill: 11.9 tok/s)
Decode Time:                35.376s (Decode: 2.2 tok/s)
Total End-to-End Latency:   36.051s
Per-token Latency (Avg):    447.8ms
Per-token Latency (Min):    343.1ms
Per-token Latency (Max):    516.8ms
Per-token Latency (P50):    453.2ms
Per-token Latency (P90):    476.9ms
Per-token Latency (P99):    516.8ms

[5] NETWORK PAYLOAD & DATA TRANSFER
--------------------------------------------------------------------------------
Total Data Sent:            3.10 MB
Total Data Received:        1.82 MB
Total Network I/O:          4.92 MB
Avg Network Rate:           0.14 MB/s

Node Breakdown:
  • Worker-Node (192.168.8.130:9900): Sent: 3.10 MB, Received: 1.82 MB

[6] HARDWARE & MEMORY FOOTPRINT (PER NODE)
--------------------------------------------------------------------------------
Local Device:               cuda
GPU VRAM Before:            165.11 MB
GPU VRAM After:             235.52 MB
GPU VRAM Delta:             70.41 MB
KV Cache Total (est):       1.93 MB

Node Memory Breakdown (Layer Weights + Active KV Cache):
  • Local: vithurshan-HP-250-G8-Notebook-PC + NVIDIA GeForce RTX 3060 Laptop GPU:
    - Assigned:      layers 0-4, layers 12-17, layers 25-29, embedding, lm_head + norm
    - Layer Memory:  162.04 MB
    - Active KV:     1.02 MB
    - Total Footprint: 235.52 MB (VRAM)
================================================================================

================================================================================
INFERENCE AUDIT REPORT — 2026-08-29 08:10:52
================================================================================

[1] MODEL INFORMATION
--------------------------------------------------------------------------------
Model ID / Name:     HuggingFaceTB/SmolLM2-135M
Architecture:        Dense Transformer
Quantization Mode:   8-bit Quantization (BitsAndBytes)
Precision Base:      torch.float16
Total Parameters:    134,515,008 (134.52 M)
Total Memory in RAM: 155.32 MB
Dimensions:          Layers: 30, Hidden Size: 576, KV Heads: 3, Head Dim: 64

[2] TOPOLOGY & COMPONENT DISTRIBUTION
--------------------------------------------------------------------------------
  • Worker-Node (192.168.8.130:9900):
    Allocated: layers 5-11, layers 18-24
  • Local: vithurshan-HP-250-G8-Notebook-PC + NVIDIA GeForce RTX 3060 Laptop GPU:
    Allocated: layers 0-4, layers 12-17, layers 25-29, embedding, lm_head + norm

[3] GENERATION METADATA
--------------------------------------------------------------------------------
Temperature:         0.0
Prompt Tokens:       38 tokens
Generated Tokens:    80 tokens
Total Sequence:      118 tokens

[4] LATENCY & THROUGHPUT METRICS
--------------------------------------------------------------------------------
Time to First Token (TTFT): 1.785s (Prefill: 21.3 tok/s)
Decode Time:                36.510s (Decode: 2.2 tok/s)
Total End-to-End Latency:   38.296s
Per-token Latency (Avg):    462.2ms
Per-token Latency (Min):    353.2ms
Per-token Latency (Max):    748.5ms
Per-token Latency (P50):    459.3ms
Per-token Latency (P90):    496.2ms
Per-token Latency (P99):    748.5ms

[5] NETWORK PAYLOAD & DATA TRANSFER
--------------------------------------------------------------------------------
Total Data Sent:            3.67 MB
Total Data Received:        2.28 MB
Total Network I/O:          5.95 MB
Avg Network Rate:           0.16 MB/s

Node Breakdown:
  • Worker-Node (192.168.8.130:9900): Sent: 3.67 MB, Received: 2.28 MB

[6] HARDWARE & MEMORY FOOTPRINT (PER NODE)
--------------------------------------------------------------------------------
Local Device:               cuda
GPU VRAM Before:            165.11 MB
GPU VRAM After:             267.64 MB
GPU VRAM Delta:             102.52 MB
KV Cache Total (est):       2.59 MB

Node Memory Breakdown (Layer Weights + Active KV Cache):
  • Local: vithurshan-HP-250-G8-Notebook-PC + NVIDIA GeForce RTX 3060 Laptop GPU:
    - Assigned:      layers 0-4, layers 12-17, layers 25-29, embedding, lm_head + norm
    - Layer Memory:  162.04 MB
    - Active KV:     1.37 MB
    - Total Footprint: 267.64 MB (VRAM)
================================================================================

================================================================================
INFERENCE AUDIT REPORT — 2026-08-29 08:11:07
================================================================================

[1] MODEL INFORMATION
--------------------------------------------------------------------------------
Model ID / Name:     HuggingFaceTB/SmolLM2-135M
Architecture:        Dense Transformer
Quantization Mode:   8-bit Quantization (BitsAndBytes)
Precision Base:      torch.float16
Total Parameters:    134,515,008 (134.52 M)
Total Memory in RAM: 155.32 MB
Dimensions:          Layers: 30, Hidden Size: 576, KV Heads: 3, Head Dim: 64

[2] TOPOLOGY & COMPONENT DISTRIBUTION
--------------------------------------------------------------------------------
  • Worker-Node (192.168.8.130:9900):
    Allocated: layers 5-11, layers 18-24
  • Local: vithurshan-HP-250-G8-Notebook-PC + NVIDIA GeForce RTX 3060 Laptop GPU:
    Allocated: layers 0-4, layers 12-17, layers 25-29, embedding, lm_head + norm

[3] GENERATION METADATA
--------------------------------------------------------------------------------
Temperature:         0.0
Prompt Tokens:       83 tokens
Generated Tokens:    25 tokens
Total Sequence:      108 tokens

[4] LATENCY & THROUGHPUT METRICS
--------------------------------------------------------------------------------
Time to First Token (TTFT): 2.384s (Prefill: 34.8 tok/s)
Decode Time:                11.956s (Decode: 2.0 tok/s)
Total End-to-End Latency:   14.340s
Per-token Latency (Avg):    498.2ms
Per-token Latency (Min):    422.6ms
Per-token Latency (Max):    650.7ms
Per-token Latency (P50):    495.1ms
Per-token Latency (P90):    615.2ms
Per-token Latency (P99):    650.7ms

[5] NETWORK PAYLOAD & DATA TRANSFER
--------------------------------------------------------------------------------
Total Data Sent:            2.48 MB
Total Data Received:        1.80 MB
Total Network I/O:          4.27 MB
Avg Network Rate:           0.30 MB/s

Node Breakdown:
  • Worker-Node (192.168.8.130:9900): Sent: 2.48 MB, Received: 1.80 MB

[6] HARDWARE & MEMORY FOOTPRINT (PER NODE)
--------------------------------------------------------------------------------
Local Device:               cuda
GPU VRAM Before:            165.11 MB
GPU VRAM After:             223.03 MB
GPU VRAM Delta:             57.92 MB
KV Cache Total (est):       2.37 MB

Node Memory Breakdown (Layer Weights + Active KV Cache):
  • Local: vithurshan-HP-250-G8-Notebook-PC + NVIDIA GeForce RTX 3060 Laptop GPU:
    - Assigned:      layers 0-4, layers 12-17, layers 25-29, embedding, lm_head + norm
    - Layer Memory:  162.04 MB
    - Active KV:     1.25 MB
    - Total Footprint: 223.03 MB (VRAM)
================================================================================

================================================================================
INFERENCE AUDIT REPORT — 2026-08-29 08:12:05
================================================================================

[1] MODEL INFORMATION
--------------------------------------------------------------------------------
Model ID / Name:     HuggingFaceTB/SmolLM2-135M
Architecture:        Dense Transformer
Quantization Mode:   8-bit Quantization (BitsAndBytes)
Precision Base:      torch.float16
Total Parameters:    134,515,008 (134.52 M)
Total Memory in RAM: 155.32 MB
Dimensions:          Layers: 30, Hidden Size: 576, KV Heads: 3, Head Dim: 64

[2] TOPOLOGY & COMPONENT DISTRIBUTION
--------------------------------------------------------------------------------
  • Worker-Node (192.168.8.130:9900):
    Allocated: layers 5-11, layers 18-24
  • Local: vithurshan-HP-250-G8-Notebook-PC + NVIDIA GeForce RTX 3060 Laptop GPU:
    Allocated: layers 0-4, layers 12-17, layers 25-29, embedding, lm_head + norm

[3] GENERATION METADATA
--------------------------------------------------------------------------------
Temperature:         0.0
Prompt Tokens:       84 tokens
Generated Tokens:    120 tokens
Total Sequence:      204 tokens

[4] LATENCY & THROUGHPUT METRICS
--------------------------------------------------------------------------------
Time to First Token (TTFT): 1.962s (Prefill: 42.8 tok/s)
Decode Time:                54.677s (Decode: 2.2 tok/s)
Total End-to-End Latency:   56.639s
Per-token Latency (Avg):    459.5ms
Per-token Latency (Min):    310.8ms
Per-token Latency (Max):    681.5ms
Per-token Latency (P50):    462.1ms
Per-token Latency (P90):    511.3ms
Per-token Latency (P99):    655.8ms

[5] NETWORK PAYLOAD & DATA TRANSFER
--------------------------------------------------------------------------------
Total Data Sent:            6.02 MB
Total Data Received:        3.85 MB
Total Network I/O:          9.87 MB
Avg Network Rate:           0.17 MB/s

Node Breakdown:
  • Worker-Node (192.168.8.130:9900): Sent: 6.02 MB, Received: 3.85 MB

[6] HARDWARE & MEMORY FOOTPRINT (PER NODE)
--------------------------------------------------------------------------------
Local Device:               cuda
GPU VRAM Before:            165.11 MB
GPU VRAM After:             403.02 MB
GPU VRAM Delta:             237.91 MB
KV Cache Total (est):       4.48 MB

Node Memory Breakdown (Layer Weights + Active KV Cache):
  • Local: vithurshan-HP-250-G8-Notebook-PC + NVIDIA GeForce RTX 3060 Laptop GPU:
    - Assigned:      layers 0-4, layers 12-17, layers 25-29, embedding, lm_head + norm
    - Layer Memory:  162.04 MB
    - Active KV:     2.38 MB
    - Total Footprint: 403.02 MB (VRAM)
================================================================================

================================================================================
INFERENCE AUDIT REPORT — 2026-08-29 08:12:23
================================================================================

[1] MODEL INFORMATION
--------------------------------------------------------------------------------
Model ID / Name:     Qwen/Qwen2.5-3B
Architecture:        Dense Transformer
Quantization Mode:   4-bit NF4 Quantization (BitsAndBytes)
Precision Base:      torch.bfloat16
Total Parameters:    1,698,672,640 (1.70 B)
Total Memory in RAM: 1.87 GB
Dimensions:          Layers: 36, Hidden Size: 2048, KV Heads: 2, Head Dim: 128

[2] TOPOLOGY & COMPONENT DISTRIBUTION
--------------------------------------------------------------------------------
  • Local: vithurshan-HP-250-G8-Notebook-PC + NVIDIA GeForce RTX 3060 Laptop GPU:
    Allocated: layers 0-35, embedding, lm_head + norm

[3] GENERATION METADATA
--------------------------------------------------------------------------------
Temperature:         0.0
Prompt Tokens:       10 tokens
Generated Tokens:    20 tokens
Total Sequence:      30 tokens

[4] LATENCY & THROUGHPUT METRICS
--------------------------------------------------------------------------------
Time to First Token (TTFT): 143.8ms (Prefill: 69.6 tok/s)
Decode Time:                1.417s (Decode: 13.4 tok/s)
Total End-to-End Latency:   1.560s
Per-token Latency (Avg):    74.6ms
Per-token Latency (Min):    60.9ms
Per-token Latency (Max):    128.7ms
Per-token Latency (P50):    69.9ms
Per-token Latency (P90):    115.1ms
Per-token Latency (P99):    128.7ms

[5] NETWORK PAYLOAD & DATA TRANSFER
--------------------------------------------------------------------------------
Total Data Sent:            0.00 B
Total Data Received:        0.00 B
Total Network I/O:          0.00 B
Avg Network Rate:           0.00 MB/s

Node Breakdown:
  • Fully Local Execution (0 network bytes)

[6] HARDWARE & MEMORY FOOTPRINT (PER NODE)
--------------------------------------------------------------------------------
Local Device:               cuda
GPU VRAM Before:            2.06 GB
GPU VRAM After:             2.17 GB
GPU VRAM Delta:             111.51 MB
KV Cache Total (est):       1.05 MB

Node Memory Breakdown (Layer Weights + Active KV Cache):
  • Local: vithurshan-HP-250-G8-Notebook-PC + NVIDIA GeForce RTX 3060 Laptop GPU:
    - Assigned:      layers 0-35, embedding, lm_head + norm
    - Layer Memory:  2.45 GB
    - Active KV:     1.02 MB
    - Total Footprint: 2.17 GB (VRAM)
================================================================================

================================================================================
INFERENCE AUDIT REPORT — 2026-08-29 08:12:29
================================================================================

[1] MODEL INFORMATION
--------------------------------------------------------------------------------
Model ID / Name:     Qwen/Qwen2.5-3B
Architecture:        Dense Transformer
Quantization Mode:   4-bit NF4 Quantization (BitsAndBytes)
Precision Base:      torch.bfloat16
Total Parameters:    1,698,672,640 (1.70 B)
Total Memory in RAM: 1.87 GB
Dimensions:          Layers: 36, Hidden Size: 2048, KV Heads: 2, Head Dim: 128

[2] TOPOLOGY & COMPONENT DISTRIBUTION
--------------------------------------------------------------------------------
  • Local: vithurshan-HP-250-G8-Notebook-PC + NVIDIA GeForce RTX 3060 Laptop GPU:
    Allocated: layers 0-35, embedding, lm_head + norm

[3] GENERATION METADATA
--------------------------------------------------------------------------------
Temperature:         0.0
Prompt Tokens:       8 tokens
Generated Tokens:    80 tokens
Total Sequence:      88 tokens

[4] LATENCY & THROUGHPUT METRICS
--------------------------------------------------------------------------------
Time to First Token (TTFT): 67.8ms (Prefill: 118.0 tok/s)
Decode Time:                5.533s (Decode: 14.3 tok/s)
Total End-to-End Latency:   5.601s
Per-token Latency (Avg):    70.0ms
Per-token Latency (Min):    51.5ms
Per-token Latency (Max):    121.5ms
Per-token Latency (P50):    67.6ms
Per-token Latency (P90):    87.5ms
Per-token Latency (P99):    121.5ms

[5] NETWORK PAYLOAD & DATA TRANSFER
--------------------------------------------------------------------------------
Total Data Sent:            0.00 B
Total Data Received:        0.00 B
Total Network I/O:          0.00 B
Avg Network Rate:           0.00 MB/s

Node Breakdown:
  • Fully Local Execution (0 network bytes)

[6] HARDWARE & MEMORY FOOTPRINT (PER NODE)
--------------------------------------------------------------------------------
Local Device:               cuda
GPU VRAM Before:            2.06 GB
GPU VRAM After:             2.47 GB
GPU VRAM Delta:             425.33 MB
KV Cache Total (est):       3.09 MB

Node Memory Breakdown (Layer Weights + Active KV Cache):
  • Local: vithurshan-HP-250-G8-Notebook-PC + NVIDIA GeForce RTX 3060 Laptop GPU:
    - Assigned:      layers 0-35, embedding, lm_head + norm
    - Layer Memory:  2.45 GB
    - Active KV:     3.06 MB
    - Total Footprint: 2.47 GB (VRAM)
================================================================================

================================================================================
INFERENCE AUDIT REPORT — 2026-08-29 08:12:35
================================================================================

[1] MODEL INFORMATION
--------------------------------------------------------------------------------
Model ID / Name:     Qwen/Qwen2.5-3B
Architecture:        Dense Transformer
Quantization Mode:   4-bit NF4 Quantization (BitsAndBytes)
Precision Base:      torch.bfloat16
Total Parameters:    1,698,672,640 (1.70 B)
Total Memory in RAM: 1.87 GB
Dimensions:          Layers: 36, Hidden Size: 2048, KV Heads: 2, Head Dim: 128

[2] TOPOLOGY & COMPONENT DISTRIBUTION
--------------------------------------------------------------------------------
  • Local: vithurshan-HP-250-G8-Notebook-PC + NVIDIA GeForce RTX 3060 Laptop GPU:
    Allocated: layers 0-35, embedding, lm_head + norm

[3] GENERATION METADATA
--------------------------------------------------------------------------------
Temperature:         0.0
Prompt Tokens:       39 tokens
Generated Tokens:    80 tokens
Total Sequence:      119 tokens

[4] LATENCY & THROUGHPUT METRICS
--------------------------------------------------------------------------------
Time to First Token (TTFT): 83.8ms (Prefill: 465.6 tok/s)
Decode Time:                4.692s (Decode: 16.8 tok/s)
Total End-to-End Latency:   4.776s
Per-token Latency (Avg):    59.4ms
Per-token Latency (Min):    50.4ms
Per-token Latency (Max):    107.3ms
Per-token Latency (P50):    57.2ms
Per-token Latency (P90):    66.2ms
Per-token Latency (P99):    107.3ms

[5] NETWORK PAYLOAD & DATA TRANSFER
--------------------------------------------------------------------------------
Total Data Sent:            0.00 B
Total Data Received:        0.00 B
Total Network I/O:          0.00 B
Avg Network Rate:           0.00 MB/s

Node Breakdown:
  • Fully Local Execution (0 network bytes)

[6] HARDWARE & MEMORY FOOTPRINT (PER NODE)
--------------------------------------------------------------------------------
Local Device:               cuda
GPU VRAM Before:            2.06 GB
GPU VRAM After:             2.65 GB
GPU VRAM Delta:             612.82 MB
KV Cache Total (est):       4.18 MB

Node Memory Breakdown (Layer Weights + Active KV Cache):
  • Local: vithurshan-HP-250-G8-Notebook-PC + NVIDIA GeForce RTX 3060 Laptop GPU:
    - Assigned:      layers 0-35, embedding, lm_head + norm
    - Layer Memory:  2.45 GB
    - Active KV:     4.15 MB
    - Total Footprint: 2.65 GB (VRAM)
================================================================================

================================================================================
INFERENCE AUDIT REPORT — 2026-08-29 08:12:38
================================================================================

[1] MODEL INFORMATION
--------------------------------------------------------------------------------
Model ID / Name:     Qwen/Qwen2.5-3B
Architecture:        Dense Transformer
Quantization Mode:   4-bit NF4 Quantization (BitsAndBytes)
Precision Base:      torch.bfloat16
Total Parameters:    1,698,672,640 (1.70 B)
Total Memory in RAM: 1.87 GB
Dimensions:          Layers: 36, Hidden Size: 2048, KV Heads: 2, Head Dim: 128

[2] TOPOLOGY & COMPONENT DISTRIBUTION
--------------------------------------------------------------------------------
  • Local: vithurshan-HP-250-G8-Notebook-PC + NVIDIA GeForce RTX 3060 Laptop GPU:
    Allocated: layers 0-35, embedding, lm_head + norm

[3] GENERATION METADATA
--------------------------------------------------------------------------------
Temperature:         0.0
Prompt Tokens:       85 tokens
Generated Tokens:    25 tokens
Total Sequence:      110 tokens

[4] LATENCY & THROUGHPUT METRICS
--------------------------------------------------------------------------------
Time to First Token (TTFT): 80.9ms (Prefill: 1050.6 tok/s)
Decode Time:                1.286s (Decode: 18.7 tok/s)
Total End-to-End Latency:   1.367s
Per-token Latency (Avg):    53.6ms
Per-token Latency (Min):    49.6ms
Per-token Latency (Max):    61.2ms
Per-token Latency (P50):    53.1ms
Per-token Latency (P90):    57.6ms
Per-token Latency (P99):    61.2ms

[5] NETWORK PAYLOAD & DATA TRANSFER
--------------------------------------------------------------------------------
Total Data Sent:            0.00 B
Total Data Received:        0.00 B
Total Network I/O:          0.00 B
Avg Network Rate:           0.00 MB/s

Node Breakdown:
  • Fully Local Execution (0 network bytes)

[6] HARDWARE & MEMORY FOOTPRINT (PER NODE)
--------------------------------------------------------------------------------
Local Device:               cuda
GPU VRAM Before:            2.06 GB
GPU VRAM After:             2.50 GB
GPU VRAM Delta:             450.10 MB
KV Cache Total (est):       3.87 MB

Node Memory Breakdown (Layer Weights + Active KV Cache):
  • Local: vithurshan-HP-250-G8-Notebook-PC + NVIDIA GeForce RTX 3060 Laptop GPU:
    - Assigned:      layers 0-35, embedding, lm_head + norm
    - Layer Memory:  2.45 GB
    - Active KV:     3.83 MB
    - Total Footprint: 2.50 GB (VRAM)
================================================================================

================================================================================
INFERENCE AUDIT REPORT — 2026-08-29 08:12:46
================================================================================

[1] MODEL INFORMATION
--------------------------------------------------------------------------------
Model ID / Name:     Qwen/Qwen2.5-3B
Architecture:        Dense Transformer
Quantization Mode:   4-bit NF4 Quantization (BitsAndBytes)
Precision Base:      torch.bfloat16
Total Parameters:    1,698,672,640 (1.70 B)
Total Memory in RAM: 1.87 GB
Dimensions:          Layers: 36, Hidden Size: 2048, KV Heads: 2, Head Dim: 128

[2] TOPOLOGY & COMPONENT DISTRIBUTION
--------------------------------------------------------------------------------
  • Local: vithurshan-HP-250-G8-Notebook-PC + NVIDIA GeForce RTX 3060 Laptop GPU:
    Allocated: layers 0-35, embedding, lm_head + norm

[3] GENERATION METADATA
--------------------------------------------------------------------------------
Temperature:         0.0
Prompt Tokens:       85 tokens
Generated Tokens:    120 tokens
Total Sequence:      205 tokens

[4] LATENCY & THROUGHPUT METRICS
--------------------------------------------------------------------------------
Time to First Token (TTFT): 71.7ms (Prefill: 1185.1 tok/s)
Decode Time:                7.375s (Decode: 16.1 tok/s)
Total End-to-End Latency:   7.447s
Per-token Latency (Avg):    62.0ms
Per-token Latency (Min):    51.7ms
Per-token Latency (Max):    363.1ms
Per-token Latency (P50):    58.3ms
Per-token Latency (P90):    66.4ms
Per-token Latency (P99):    94.8ms

[5] NETWORK PAYLOAD & DATA TRANSFER
--------------------------------------------------------------------------------
Total Data Sent:            0.00 B
Total Data Received:        0.00 B
Total Network I/O:          0.00 B
Avg Network Rate:           0.00 MB/s

Node Breakdown:
  • Fully Local Execution (0 network bytes)

[6] HARDWARE & MEMORY FOOTPRINT (PER NODE)
--------------------------------------------------------------------------------
Local Device:               cuda
GPU VRAM Before:            2.06 GB
GPU VRAM After:             3.31 GB
GPU VRAM Delta:             1.25 GB
KV Cache Total (est):       7.21 MB

Node Memory Breakdown (Layer Weights + Active KV Cache):
  • Local: vithurshan-HP-250-G8-Notebook-PC + NVIDIA GeForce RTX 3060 Laptop GPU:
    - Assigned:      layers 0-35, embedding, lm_head + norm
    - Layer Memory:  2.45 GB
    - Active KV:     7.17 MB
    - Total Footprint: 3.31 GB (VRAM)
================================================================================

================================================================================
INFERENCE AUDIT REPORT — 2026-08-29 08:18:20
================================================================================

[1] MODEL INFORMATION
--------------------------------------------------------------------------------
Model ID / Name:     Qwen/Qwen2.5-3B
Architecture:        Dense Transformer
Quantization Mode:   4-bit NF4 Quantization (BitsAndBytes)
Precision Base:      torch.bfloat16
Total Parameters:    1,698,672,640 (1.70 B)
Total Memory in RAM: 1.87 GB
Dimensions:          Layers: 36, Hidden Size: 2048, KV Heads: 2, Head Dim: 128

[2] TOPOLOGY & COMPONENT DISTRIBUTION
--------------------------------------------------------------------------------
  • Worker-Node (192.168.8.130:9900):
    Allocated: layers 0-8
  • Local: vithurshan-HP-250-G8-Notebook-PC + NVIDIA GeForce RTX 3060 Laptop GPU:
    Allocated: layers 9-35, embedding, lm_head + norm

[3] GENERATION METADATA
--------------------------------------------------------------------------------
Temperature:         0.0
Prompt Tokens:       10 tokens
Generated Tokens:    20 tokens
Total Sequence:      30 tokens

[4] LATENCY & THROUGHPUT METRICS
--------------------------------------------------------------------------------
Time to First Token (TTFT): 1.581s (Prefill: 6.3 tok/s)
Decode Time:                18.635s (Decode: 1.0 tok/s)
Total End-to-End Latency:   20.216s
Per-token Latency (Avg):    980.8ms
Per-token Latency (Min):    901.9ms
Per-token Latency (Max):    1.537s
Per-token Latency (P50):    953.2ms
Per-token Latency (P90):    1.066s
Per-token Latency (P99):    1.537s

[5] NETWORK PAYLOAD & DATA TRANSFER
--------------------------------------------------------------------------------
Total Data Sent:            1.38 MB
Total Data Received:        1.10 MB
Total Network I/O:          2.48 MB
Avg Network Rate:           0.12 MB/s

Node Breakdown:
  • Worker-Node (192.168.8.130:9900): Sent: 1.38 MB, Received: 1.10 MB

[6] HARDWARE & MEMORY FOOTPRINT (PER NODE)
--------------------------------------------------------------------------------
Local Device:               cuda
GPU VRAM Before:            2.06 GB
GPU VRAM After:             2.14 GB
GPU VRAM Delta:             82.80 MB
KV Cache Total (est):       1.05 MB

Node Memory Breakdown (Layer Weights + Active KV Cache):
  • Local: vithurshan-HP-250-G8-Notebook-PC + NVIDIA GeForce RTX 3060 Laptop GPU:
    - Assigned:      layers 9-35, embedding, lm_head + norm
    - Layer Memory:  2.13 GB
    - Active KV:     783.00 KB
    - Total Footprint: 2.14 GB (VRAM)
================================================================================

================================================================================
INFERENCE AUDIT REPORT — 2026-08-29 08:19:37
================================================================================

[1] MODEL INFORMATION
--------------------------------------------------------------------------------
Model ID / Name:     Qwen/Qwen2.5-3B
Architecture:        Dense Transformer
Quantization Mode:   4-bit NF4 Quantization (BitsAndBytes)
Precision Base:      torch.bfloat16
Total Parameters:    1,698,672,640 (1.70 B)
Total Memory in RAM: 1.87 GB
Dimensions:          Layers: 36, Hidden Size: 2048, KV Heads: 2, Head Dim: 128

[2] TOPOLOGY & COMPONENT DISTRIBUTION
--------------------------------------------------------------------------------
  • Worker-Node (192.168.8.130:9900):
    Allocated: layers 0-8
  • Local: vithurshan-HP-250-G8-Notebook-PC + NVIDIA GeForce RTX 3060 Laptop GPU:
    Allocated: layers 9-35, embedding, lm_head + norm

[3] GENERATION METADATA
--------------------------------------------------------------------------------
Temperature:         0.0
Prompt Tokens:       8 tokens
Generated Tokens:    80 tokens
Total Sequence:      88 tokens

[4] LATENCY & THROUGHPUT METRICS
--------------------------------------------------------------------------------
Time to First Token (TTFT): 1.496s (Prefill: 5.3 tok/s)
Decode Time:                75.449s (Decode: 1.0 tok/s)
Total End-to-End Latency:   76.945s
Per-token Latency (Avg):    955.0ms
Per-token Latency (Min):    896.3ms
Per-token Latency (Max):    1.038s
Per-token Latency (P50):    951.5ms
Per-token Latency (P90):    1.010s
Per-token Latency (P99):    1.038s

[5] NETWORK PAYLOAD & DATA TRANSFER
--------------------------------------------------------------------------------
Total Data Sent:            4.39 MB
Total Data Received:        3.37 MB
Total Network I/O:          7.76 MB
Avg Network Rate:           0.10 MB/s

Node Breakdown:
  • Worker-Node (192.168.8.130:9900): Sent: 4.39 MB, Received: 3.37 MB

[6] HARDWARE & MEMORY FOOTPRINT (PER NODE)
--------------------------------------------------------------------------------
Local Device:               cuda
GPU VRAM Before:            2.06 GB
GPU VRAM After:             2.36 GB
GPU VRAM Delta:             315.63 MB
KV Cache Total (est):       3.09 MB

Node Memory Breakdown (Layer Weights + Active KV Cache):
  • Local: vithurshan-HP-250-G8-Notebook-PC + NVIDIA GeForce RTX 3060 Laptop GPU:
    - Assigned:      layers 9-35, embedding, lm_head + norm
    - Layer Memory:  2.13 GB
    - Active KV:     2.29 MB
    - Total Footprint: 2.36 GB (VRAM)
================================================================================

================================================================================
INFERENCE AUDIT REPORT — 2026-08-29 08:20:57
================================================================================

[1] MODEL INFORMATION
--------------------------------------------------------------------------------
Model ID / Name:     Qwen/Qwen2.5-3B
Architecture:        Dense Transformer
Quantization Mode:   4-bit NF4 Quantization (BitsAndBytes)
Precision Base:      torch.bfloat16
Total Parameters:    1,698,672,640 (1.70 B)
Total Memory in RAM: 1.87 GB
Dimensions:          Layers: 36, Hidden Size: 2048, KV Heads: 2, Head Dim: 128

[2] TOPOLOGY & COMPONENT DISTRIBUTION
--------------------------------------------------------------------------------
  • Worker-Node (192.168.8.130:9900):
    Allocated: layers 0-8
  • Local: vithurshan-HP-250-G8-Notebook-PC + NVIDIA GeForce RTX 3060 Laptop GPU:
    Allocated: layers 9-35, embedding, lm_head + norm

[3] GENERATION METADATA
--------------------------------------------------------------------------------
Temperature:         0.0
Prompt Tokens:       39 tokens
Generated Tokens:    80 tokens
Total Sequence:      119 tokens

[4] LATENCY & THROUGHPUT METRICS
--------------------------------------------------------------------------------
Time to First Token (TTFT): 4.254s (Prefill: 9.2 tok/s)
Decode Time:                74.252s (Decode: 1.1 tok/s)
Total End-to-End Latency:   78.506s
Per-token Latency (Avg):    939.9ms
Per-token Latency (Min):    893.6ms
Per-token Latency (Max):    1.010s
Per-token Latency (P50):    932.8ms
Per-token Latency (P90):    988.0ms
Per-token Latency (P99):    1.010s

[5] NETWORK PAYLOAD & DATA TRANSFER
--------------------------------------------------------------------------------
Total Data Sent:            5.62 MB
Total Data Received:        4.46 MB
Total Network I/O:          10.08 MB
Avg Network Rate:           0.13 MB/s

Node Breakdown:
  • Worker-Node (192.168.8.130:9900): Sent: 5.62 MB, Received: 4.46 MB

[6] HARDWARE & MEMORY FOOTPRINT (PER NODE)
--------------------------------------------------------------------------------
Local Device:               cuda
GPU VRAM Before:            2.06 GB
GPU VRAM After:             2.50 GB
GPU VRAM Delta:             454.77 MB
KV Cache Total (est):       4.18 MB

Node Memory Breakdown (Layer Weights + Active KV Cache):
  • Local: vithurshan-HP-250-G8-Notebook-PC + NVIDIA GeForce RTX 3060 Laptop GPU:
    - Assigned:      layers 9-35, embedding, lm_head + norm
    - Layer Memory:  2.13 GB
    - Active KV:     3.11 MB
    - Total Footprint: 2.50 GB (VRAM)
================================================================================

================================================================================
INFERENCE AUDIT REPORT — 2026-08-29 08:21:29
================================================================================

[1] MODEL INFORMATION
--------------------------------------------------------------------------------
Model ID / Name:     Qwen/Qwen2.5-3B
Architecture:        Dense Transformer
Quantization Mode:   4-bit NF4 Quantization (BitsAndBytes)
Precision Base:      torch.bfloat16
Total Parameters:    1,698,672,640 (1.70 B)
Total Memory in RAM: 1.87 GB
Dimensions:          Layers: 36, Hidden Size: 2048, KV Heads: 2, Head Dim: 128

[2] TOPOLOGY & COMPONENT DISTRIBUTION
--------------------------------------------------------------------------------
  • Worker-Node (192.168.8.130:9900):
    Allocated: layers 0-8
  • Local: vithurshan-HP-250-G8-Notebook-PC + NVIDIA GeForce RTX 3060 Laptop GPU:
    Allocated: layers 9-35, embedding, lm_head + norm

[3] GENERATION METADATA
--------------------------------------------------------------------------------
Temperature:         0.0
Prompt Tokens:       85 tokens
Generated Tokens:    25 tokens
Total Sequence:      110 tokens

[4] LATENCY & THROUGHPUT METRICS
--------------------------------------------------------------------------------
Time to First Token (TTFT): 7.711s (Prefill: 11.0 tok/s)
Decode Time:                23.106s (Decode: 1.0 tok/s)
Total End-to-End Latency:   30.817s
Per-token Latency (Avg):    962.8ms
Per-token Latency (Min):    884.5ms
Per-token Latency (Max):    1.262s
Per-token Latency (P50):    946.9ms
Per-token Latency (P90):    1.023s
Per-token Latency (P99):    1.262s

[5] NETWORK PAYLOAD & DATA TRANSFER
--------------------------------------------------------------------------------
Total Data Sent:            4.61 MB
Total Data Received:        3.93 MB
Total Network I/O:          8.54 MB
Avg Network Rate:           0.28 MB/s

Node Breakdown:
  • Worker-Node (192.168.8.130:9900): Sent: 4.61 MB, Received: 3.93 MB

[6] HARDWARE & MEMORY FOOTPRINT (PER NODE)
--------------------------------------------------------------------------------
Local Device:               cuda
GPU VRAM Before:            2.06 GB
GPU VRAM After:             2.38 GB
GPU VRAM Delta:             333.77 MB
KV Cache Total (est):       3.87 MB

Node Memory Breakdown (Layer Weights + Active KV Cache):
  • Local: vithurshan-HP-250-G8-Notebook-PC + NVIDIA GeForce RTX 3060 Laptop GPU:
    - Assigned:      layers 9-35, embedding, lm_head + norm
    - Layer Memory:  2.13 GB
    - Active KV:     2.87 MB
    - Total Footprint: 2.38 GB (VRAM)
================================================================================

================================================================================
INFERENCE AUDIT REPORT — 2026-08-29 08:23:31
================================================================================

[1] MODEL INFORMATION
--------------------------------------------------------------------------------
Model ID / Name:     Qwen/Qwen2.5-3B
Architecture:        Dense Transformer
Quantization Mode:   4-bit NF4 Quantization (BitsAndBytes)
Precision Base:      torch.bfloat16
Total Parameters:    1,698,672,640 (1.70 B)
Total Memory in RAM: 1.87 GB
Dimensions:          Layers: 36, Hidden Size: 2048, KV Heads: 2, Head Dim: 128

[2] TOPOLOGY & COMPONENT DISTRIBUTION
--------------------------------------------------------------------------------
  • Worker-Node (192.168.8.130:9900):
    Allocated: layers 0-8
  • Local: vithurshan-HP-250-G8-Notebook-PC + NVIDIA GeForce RTX 3060 Laptop GPU:
    Allocated: layers 9-35, embedding, lm_head + norm

[3] GENERATION METADATA
--------------------------------------------------------------------------------
Temperature:         0.0
Prompt Tokens:       85 tokens
Generated Tokens:    120 tokens
Total Sequence:      205 tokens

[4] LATENCY & THROUGHPUT METRICS
--------------------------------------------------------------------------------
Time to First Token (TTFT): 8.490s (Prefill: 10.0 tok/s)
Decode Time:                112.486s (Decode: 1.1 tok/s)
Total End-to-End Latency:   120.975s
Per-token Latency (Avg):    945.3ms
Per-token Latency (Min):    892.1ms
Per-token Latency (Max):    1.051s
Per-token Latency (P50):    945.6ms
Per-token Latency (P90):    979.4ms
Per-token Latency (P99):    1.037s

[5] NETWORK PAYLOAD & DATA TRANSFER
--------------------------------------------------------------------------------
Total Data Sent:            9.50 MB
Total Data Received:        7.64 MB
Total Network I/O:          17.14 MB
Avg Network Rate:           0.14 MB/s

Node Breakdown:
  • Worker-Node (192.168.8.130:9900): Sent: 9.50 MB, Received: 7.64 MB

[6] HARDWARE & MEMORY FOOTPRINT (PER NODE)
--------------------------------------------------------------------------------
Local Device:               cuda
GPU VRAM Before:            2.06 GB
GPU VRAM After:             2.99 GB
GPU VRAM Delta:             952.02 MB
KV Cache Total (est):       7.21 MB

Node Memory Breakdown (Layer Weights + Active KV Cache):
  • Local: vithurshan-HP-250-G8-Notebook-PC + NVIDIA GeForce RTX 3060 Laptop GPU:
    - Assigned:      layers 9-35, embedding, lm_head + norm
    - Layer Memory:  2.13 GB
    - Active KV:     5.38 MB
    - Total Footprint: 2.99 GB (VRAM)
================================================================================

================================================================================
INFERENCE AUDIT REPORT — 2026-08-29 08:25:27
================================================================================

[1] MODEL INFORMATION
--------------------------------------------------------------------------------
Model ID / Name:     Qwen/Qwen2.5-3B
Architecture:        Dense Transformer
Quantization Mode:   4-bit NF4 Quantization (BitsAndBytes)
Precision Base:      torch.bfloat16
Total Parameters:    1,698,672,640 (1.70 B)
Total Memory in RAM: 1.87 GB
Dimensions:          Layers: 36, Hidden Size: 2048, KV Heads: 2, Head Dim: 128

[2] TOPOLOGY & COMPONENT DISTRIBUTION
--------------------------------------------------------------------------------
  • Worker-Node (192.168.8.130:9900):
    Allocated: layers 0-17
  • Local: vithurshan-HP-250-G8-Notebook-PC + NVIDIA GeForce RTX 3060 Laptop GPU:
    Allocated: layers 18-35, embedding, lm_head + norm

[3] GENERATION METADATA
--------------------------------------------------------------------------------
Temperature:         0.0
Prompt Tokens:       10 tokens
Generated Tokens:    20 tokens
Total Sequence:      30 tokens

[4] LATENCY & THROUGHPUT METRICS
--------------------------------------------------------------------------------
Time to First Token (TTFT): 3.912s (Prefill: 2.6 tok/s)
Decode Time:                46.777s (Decode: 0.4 tok/s)
Total End-to-End Latency:   50.689s
Per-token Latency (Avg):    2.462s
Per-token Latency (Min):    2.412s
Per-token Latency (Max):    2.532s
Per-token Latency (P50):    2.455s
Per-token Latency (P90):    2.530s
Per-token Latency (P99):    2.532s

[5] NETWORK PAYLOAD & DATA TRANSFER
--------------------------------------------------------------------------------
Total Data Sent:            3.56 MB
Total Data Received:        3.10 MB
Total Network I/O:          6.66 MB
Avg Network Rate:           0.13 MB/s

Node Breakdown:
  • Worker-Node (192.168.8.130:9900): Sent: 3.56 MB, Received: 3.10 MB

[6] HARDWARE & MEMORY FOOTPRINT (PER NODE)
--------------------------------------------------------------------------------
Local Device:               cuda
GPU VRAM Before:            2.06 GB
GPU VRAM After:             2.11 GB
GPU VRAM Delta:             54.33 MB
KV Cache Total (est):       1.05 MB

Node Memory Breakdown (Layer Weights + Active KV Cache):
  • Local: vithurshan-HP-250-G8-Notebook-PC + NVIDIA GeForce RTX 3060 Laptop GPU:
    - Assigned:      layers 18-35, embedding, lm_head + norm
    - Layer Memory:  1.81 GB
    - Active KV:     522.00 KB
    - Total Footprint: 2.11 GB (VRAM)
================================================================================

================================================================================
INFERENCE AUDIT REPORT — 2026-08-29 08:28:51
================================================================================

[1] MODEL INFORMATION
--------------------------------------------------------------------------------
Model ID / Name:     Qwen/Qwen2.5-3B
Architecture:        Dense Transformer
Quantization Mode:   4-bit NF4 Quantization (BitsAndBytes)
Precision Base:      torch.bfloat16
Total Parameters:    1,698,672,640 (1.70 B)
Total Memory in RAM: 1.87 GB
Dimensions:          Layers: 36, Hidden Size: 2048, KV Heads: 2, Head Dim: 128

[2] TOPOLOGY & COMPONENT DISTRIBUTION
--------------------------------------------------------------------------------
  • Worker-Node (192.168.8.130:9900):
    Allocated: layers 0-17
  • Local: vithurshan-HP-250-G8-Notebook-PC + NVIDIA GeForce RTX 3060 Laptop GPU:
    Allocated: layers 18-35, embedding, lm_head + norm

[3] GENERATION METADATA
--------------------------------------------------------------------------------
Temperature:         0.0
Prompt Tokens:       8 tokens
Generated Tokens:    80 tokens
Total Sequence:      88 tokens

[4] LATENCY & THROUGHPUT METRICS
--------------------------------------------------------------------------------
Time to First Token (TTFT): 4.194s (Prefill: 1.9 tok/s)
Decode Time:                199.288s (Decode: 0.4 tok/s)
Total End-to-End Latency:   203.482s
Per-token Latency (Avg):    2.523s
Per-token Latency (Min):    2.401s
Per-token Latency (Max):    3.117s
Per-token Latency (P50):    2.490s
Per-token Latency (P90):    2.656s
Per-token Latency (P99):    3.117s

[5] NETWORK PAYLOAD & DATA TRANSFER
--------------------------------------------------------------------------------
Total Data Sent:            11.16 MB
Total Data Received:        9.46 MB
Total Network I/O:          20.62 MB
Avg Network Rate:           0.10 MB/s

Node Breakdown:
  • Worker-Node (192.168.8.130:9900): Sent: 11.16 MB, Received: 9.46 MB

[6] HARDWARE & MEMORY FOOTPRINT (PER NODE)
--------------------------------------------------------------------------------
Local Device:               cuda
GPU VRAM Before:            2.06 GB
GPU VRAM After:             2.26 GB
GPU VRAM Delta:             206.68 MB
KV Cache Total (est):       3.09 MB

Node Memory Breakdown (Layer Weights + Active KV Cache):
  • Local: vithurshan-HP-250-G8-Notebook-PC + NVIDIA GeForce RTX 3060 Laptop GPU:
    - Assigned:      layers 18-35, embedding, lm_head + norm
    - Layer Memory:  1.81 GB
    - Active KV:     1.53 MB
    - Total Footprint: 2.26 GB (VRAM)
================================================================================

================================================================================
INFERENCE AUDIT REPORT — 2026-08-29 08:32:18
================================================================================

[1] MODEL INFORMATION
--------------------------------------------------------------------------------
Model ID / Name:     Qwen/Qwen2.5-3B
Architecture:        Dense Transformer
Quantization Mode:   4-bit NF4 Quantization (BitsAndBytes)
Precision Base:      torch.bfloat16
Total Parameters:    1,698,672,640 (1.70 B)
Total Memory in RAM: 1.87 GB
Dimensions:          Layers: 36, Hidden Size: 2048, KV Heads: 2, Head Dim: 128

[2] TOPOLOGY & COMPONENT DISTRIBUTION
--------------------------------------------------------------------------------
  • Worker-Node (192.168.8.130:9900):
    Allocated: layers 0-17
  • Local: vithurshan-HP-250-G8-Notebook-PC + NVIDIA GeForce RTX 3060 Laptop GPU:
    Allocated: layers 18-35, embedding, lm_head + norm

[3] GENERATION METADATA
--------------------------------------------------------------------------------
Temperature:         0.0
Prompt Tokens:       39 tokens
Generated Tokens:    80 tokens
Total Sequence:      119 tokens

[4] LATENCY & THROUGHPUT METRICS
--------------------------------------------------------------------------------
Time to First Token (TTFT): 8.358s (Prefill: 4.7 tok/s)
Decode Time:                197.319s (Decode: 0.4 tok/s)
Total End-to-End Latency:   205.678s
Per-token Latency (Avg):    2.498s
Per-token Latency (Min):    2.373s
Per-token Latency (Max):    3.146s
Per-token Latency (P50):    2.471s
Per-token Latency (P90):    2.614s
Per-token Latency (P99):    3.146s

[5] NETWORK PAYLOAD & DATA TRANSFER
--------------------------------------------------------------------------------
Total Data Sent:            14.46 MB
Total Data Received:        12.61 MB
Total Network I/O:          27.07 MB
Avg Network Rate:           0.13 MB/s

Node Breakdown:
  • Worker-Node (192.168.8.130:9900): Sent: 14.46 MB, Received: 12.61 MB

[6] HARDWARE & MEMORY FOOTPRINT (PER NODE)
--------------------------------------------------------------------------------
Local Device:               cuda
GPU VRAM Before:            2.06 GB
GPU VRAM After:             2.35 GB
GPU VRAM Delta:             297.72 MB
KV Cache Total (est):       4.18 MB

Node Memory Breakdown (Layer Weights + Active KV Cache):
  • Local: vithurshan-HP-250-G8-Notebook-PC + NVIDIA GeForce RTX 3060 Laptop GPU:
    - Assigned:      layers 18-35, embedding, lm_head + norm
    - Layer Memory:  1.81 GB
    - Active KV:     2.07 MB
    - Total Footprint: 2.35 GB (VRAM)
================================================================================

================================================================================
INFERENCE AUDIT REPORT — 2026-08-29 08:33:36
================================================================================

[1] MODEL INFORMATION
--------------------------------------------------------------------------------
Model ID / Name:     Qwen/Qwen2.5-3B
Architecture:        Dense Transformer
Quantization Mode:   4-bit NF4 Quantization (BitsAndBytes)
Precision Base:      torch.bfloat16
Total Parameters:    1,698,672,640 (1.70 B)
Total Memory in RAM: 1.87 GB
Dimensions:          Layers: 36, Hidden Size: 2048, KV Heads: 2, Head Dim: 128

[2] TOPOLOGY & COMPONENT DISTRIBUTION
--------------------------------------------------------------------------------
  • Worker-Node (192.168.8.130:9900):
    Allocated: layers 0-17
  • Local: vithurshan-HP-250-G8-Notebook-PC + NVIDIA GeForce RTX 3060 Laptop GPU:
    Allocated: layers 18-35, embedding, lm_head + norm

[3] GENERATION METADATA
--------------------------------------------------------------------------------
Temperature:         0.0
Prompt Tokens:       85 tokens
Generated Tokens:    25 tokens
Total Sequence:      110 tokens

[4] LATENCY & THROUGHPUT METRICS
--------------------------------------------------------------------------------
Time to First Token (TTFT): 15.820s (Prefill: 5.4 tok/s)
Decode Time:                60.420s (Decode: 0.4 tok/s)
Total End-to-End Latency:   76.240s
Per-token Latency (Avg):    2.518s
Per-token Latency (Min):    2.404s
Per-token Latency (Max):    2.839s
Per-token Latency (P50):    2.480s
Per-token Latency (P90):    2.676s
Per-token Latency (P99):    2.839s

[5] NETWORK PAYLOAD & DATA TRANSFER
--------------------------------------------------------------------------------
Total Data Sent:            12.21 MB
Total Data Received:        11.27 MB
Total Network I/O:          23.47 MB
Avg Network Rate:           0.31 MB/s

Node Breakdown:
  • Worker-Node (192.168.8.130:9900): Sent: 12.21 MB, Received: 11.27 MB

[6] HARDWARE & MEMORY FOOTPRINT (PER NODE)
--------------------------------------------------------------------------------
Local Device:               cuda
GPU VRAM Before:            2.06 GB
GPU VRAM After:             2.27 GB
GPU VRAM Delta:             218.68 MB
KV Cache Total (est):       3.87 MB

Node Memory Breakdown (Layer Weights + Active KV Cache):
  • Local: vithurshan-HP-250-G8-Notebook-PC + NVIDIA GeForce RTX 3060 Laptop GPU:
    - Assigned:      layers 18-35, embedding, lm_head + norm
    - Layer Memory:  1.81 GB
    - Active KV:     1.92 MB
    - Total Footprint: 2.27 GB (VRAM)
================================================================================

================================================================================
INFERENCE AUDIT REPORT — 2026-08-29 08:38:51
================================================================================

[1] MODEL INFORMATION
--------------------------------------------------------------------------------
Model ID / Name:     Qwen/Qwen2.5-3B
Architecture:        Dense Transformer
Quantization Mode:   4-bit NF4 Quantization (BitsAndBytes)
Precision Base:      torch.bfloat16
Total Parameters:    1,698,672,640 (1.70 B)
Total Memory in RAM: 1.87 GB
Dimensions:          Layers: 36, Hidden Size: 2048, KV Heads: 2, Head Dim: 128

[2] TOPOLOGY & COMPONENT DISTRIBUTION
--------------------------------------------------------------------------------
  • Worker-Node (192.168.8.130:9900):
    Allocated: layers 0-17
  • Local: vithurshan-HP-250-G8-Notebook-PC + NVIDIA GeForce RTX 3060 Laptop GPU:
    Allocated: layers 18-35, embedding, lm_head + norm

[3] GENERATION METADATA
--------------------------------------------------------------------------------
Temperature:         0.0
Prompt Tokens:       85 tokens
Generated Tokens:    120 tokens
Total Sequence:      205 tokens

[4] LATENCY & THROUGHPUT METRICS
--------------------------------------------------------------------------------
Time to First Token (TTFT): 15.192s (Prefill: 5.6 tok/s)
Decode Time:                298.768s (Decode: 0.4 tok/s)
Total End-to-End Latency:   313.960s
Per-token Latency (Avg):    2.511s
Per-token Latency (Min):    2.386s
Per-token Latency (Max):    2.885s
Per-token Latency (P50):    2.487s
Per-token Latency (P90):    2.634s
Per-token Latency (P99):    2.730s

[5] NETWORK PAYLOAD & DATA TRANSFER
--------------------------------------------------------------------------------
Total Data Sent:            24.57 MB
Total Data Received:        21.66 MB
Total Network I/O:          46.23 MB
Avg Network Rate:           0.15 MB/s

Node Breakdown:
  • Worker-Node (192.168.8.130:9900): Sent: 24.57 MB, Received: 21.66 MB

[6] HARDWARE & MEMORY FOOTPRINT (PER NODE)
--------------------------------------------------------------------------------
Local Device:               cuda
GPU VRAM Before:            2.06 GB
GPU VRAM After:             2.66 GB
GPU VRAM Delta:             623.18 MB
KV Cache Total (est):       7.21 MB

Node Memory Breakdown (Layer Weights + Active KV Cache):
  • Local: vithurshan-HP-250-G8-Notebook-PC + NVIDIA GeForce RTX 3060 Laptop GPU:
    - Assigned:      layers 18-35, embedding, lm_head + norm
    - Layer Memory:  1.81 GB
    - Active KV:     3.59 MB
    - Total Footprint: 2.66 GB (VRAM)
================================================================================

================================================================================
INFERENCE AUDIT REPORT — 2026-08-29 09:22:31
================================================================================

[1] MODEL INFORMATION
--------------------------------------------------------------------------------
Model ID / Name:     HuggingFaceTB/SmolLM2-135M
Architecture:        Dense Transformer
Quantization Mode:   8-bit Quantization (BitsAndBytes)
Precision Base:      torch.float16
Total Parameters:    134,515,008 (134.52 M)
Total Memory in RAM: 155.32 MB
Dimensions:          Layers: 30, Hidden Size: 576, KV Heads: 3, Head Dim: 64

[2] TOPOLOGY & COMPONENT DISTRIBUTION
--------------------------------------------------------------------------------
  • Worker-Node (192.168.8.130:9900):
    Allocated: layers 0-7
  • Local: vithurshan-HP-250-G8-Notebook-PC + NVIDIA GeForce RTX 3060 Laptop GPU:
    Allocated: layers 8-29, embedding, lm_head + norm

[3] GENERATION METADATA
--------------------------------------------------------------------------------
Temperature:         0.0
Prompt Tokens:       9 tokens
Generated Tokens:    20 tokens
Total Sequence:      29 tokens

[4] LATENCY & THROUGHPUT METRICS
--------------------------------------------------------------------------------
Time to First Token (TTFT): 944.2ms (Prefill: 9.5 tok/s)
Decode Time:                4.969s (Decode: 3.8 tok/s)
Total End-to-End Latency:   5.914s
Per-token Latency (Avg):    261.5ms
Per-token Latency (Min):    231.6ms
Per-token Latency (Max):    295.2ms
Per-token Latency (P50):    262.5ms
Per-token Latency (P90):    284.1ms
Per-token Latency (P99):    295.2ms

[5] NETWORK PAYLOAD & DATA TRANSFER
--------------------------------------------------------------------------------
Total Data Sent:            524.49 KB
Total Data Received:        417.57 KB
Total Network I/O:          942.07 KB
Avg Network Rate:           0.16 MB/s

Node Breakdown:
  • Worker-Node (192.168.8.130:9900): Sent: 524.57 KB, Received: 420.50 KB

[6] HARDWARE & MEMORY FOOTPRINT (PER NODE)
--------------------------------------------------------------------------------
Local Device:               cuda
GPU VRAM Before:            155.97 MB
GPU VRAM After:             187.21 MB
GPU VRAM Delta:             31.24 MB
KV Cache Total (est):       652.50 KB

Node Memory Breakdown (Layer Weights + Active KV Cache):
  • Local: vithurshan-HP-250-G8-Notebook-PC + NVIDIA GeForce RTX 3060 Laptop GPU:
    - Assigned:      layers 8-29, embedding, lm_head + norm
    - Layer Memory:  182.30 MB
    - Active KV:     462.00 KB
    - Total Footprint: 187.21 MB (VRAM)
  • Worker-Node (192.168.8.130:9900):
    - Assigned:      layers 0-7
    - Layer Memory:  254.88 MB
    - Active KV:     174.00 KB
    - Total Footprint: 0.00 B (Process RAM)
================================================================================

================================================================================
INFERENCE AUDIT REPORT — 2026-08-29 09:22:53
================================================================================

[1] MODEL INFORMATION
--------------------------------------------------------------------------------
Model ID / Name:     HuggingFaceTB/SmolLM2-135M
Architecture:        Dense Transformer
Quantization Mode:   8-bit Quantization (BitsAndBytes)
Precision Base:      torch.float16
Total Parameters:    134,515,008 (134.52 M)
Total Memory in RAM: 155.32 MB
Dimensions:          Layers: 30, Hidden Size: 576, KV Heads: 3, Head Dim: 64

[2] TOPOLOGY & COMPONENT DISTRIBUTION
--------------------------------------------------------------------------------
  • Worker-Node (192.168.8.130:9900):
    Allocated: layers 0-7
  • Local: vithurshan-HP-250-G8-Notebook-PC + NVIDIA GeForce RTX 3060 Laptop GPU:
    Allocated: layers 8-29, embedding, lm_head + norm

[3] GENERATION METADATA
--------------------------------------------------------------------------------
Temperature:         0.0
Prompt Tokens:       8 tokens
Generated Tokens:    80 tokens
Total Sequence:      88 tokens

[4] LATENCY & THROUGHPUT METRICS
--------------------------------------------------------------------------------
Time to First Token (TTFT): 454.1ms (Prefill: 17.6 tok/s)
Decode Time:                21.243s (Decode: 3.7 tok/s)
Total End-to-End Latency:   21.697s
Per-token Latency (Avg):    268.9ms
Per-token Latency (Min):    226.8ms
Per-token Latency (Max):    511.5ms
Per-token Latency (P50):    264.7ms
Per-token Latency (P90):    298.9ms
Per-token Latency (P99):    511.5ms

[5] NETWORK PAYLOAD & DATA TRANSFER
--------------------------------------------------------------------------------
Total Data Sent:            1.78 MB
Total Data Received:        1.33 MB
Total Network I/O:          3.11 MB
Avg Network Rate:           0.14 MB/s

Node Breakdown:
  • Worker-Node (192.168.8.130:9900): Sent: 1.78 MB, Received: 1.33 MB

[6] HARDWARE & MEMORY FOOTPRINT (PER NODE)
--------------------------------------------------------------------------------
Local Device:               cuda
GPU VRAM Before:            165.12 MB
GPU VRAM After:             277.57 MB
GPU VRAM Delta:             112.45 MB
KV Cache Total (est):       1.93 MB

Node Memory Breakdown (Layer Weights + Active KV Cache):
  • Local: vithurshan-HP-250-G8-Notebook-PC + NVIDIA GeForce RTX 3060 Laptop GPU:
    - Assigned:      layers 8-29, embedding, lm_head + norm
    - Layer Memory:  182.30 MB
    - Active KV:     1.40 MB
    - Total Footprint: 277.57 MB (VRAM)
  • Worker-Node (192.168.8.130:9900):
    - Assigned:      layers 0-7
    - Layer Memory:  254.88 MB
    - Active KV:     528.00 KB
    - Total Footprint: 0.00 B (Process RAM)
================================================================================

================================================================================
INFERENCE AUDIT REPORT — 2026-08-29 09:23:16
================================================================================

[1] MODEL INFORMATION
--------------------------------------------------------------------------------
Model ID / Name:     HuggingFaceTB/SmolLM2-135M
Architecture:        Dense Transformer
Quantization Mode:   8-bit Quantization (BitsAndBytes)
Precision Base:      torch.float16
Total Parameters:    134,515,008 (134.52 M)
Total Memory in RAM: 155.32 MB
Dimensions:          Layers: 30, Hidden Size: 576, KV Heads: 3, Head Dim: 64

[2] TOPOLOGY & COMPONENT DISTRIBUTION
--------------------------------------------------------------------------------
  • Worker-Node (192.168.8.130:9900):
    Allocated: layers 0-7
  • Local: vithurshan-HP-250-G8-Notebook-PC + NVIDIA GeForce RTX 3060 Laptop GPU:
    Allocated: layers 8-29, embedding, lm_head + norm

[3] GENERATION METADATA
--------------------------------------------------------------------------------
Temperature:         0.0
Prompt Tokens:       38 tokens
Generated Tokens:    80 tokens
Total Sequence:      118 tokens

[4] LATENCY & THROUGHPUT METRICS
--------------------------------------------------------------------------------
Time to First Token (TTFT): 1.285s (Prefill: 29.6 tok/s)
Decode Time:                21.194s (Decode: 3.7 tok/s)
Total End-to-End Latency:   22.479s
Per-token Latency (Avg):    268.3ms
Per-token Latency (Min):    203.1ms
Per-token Latency (Max):    778.5ms
Per-token Latency (P50):    258.2ms
Per-token Latency (P90):    287.2ms
Per-token Latency (P99):    778.5ms

[5] NETWORK PAYLOAD & DATA TRANSFER
--------------------------------------------------------------------------------
Total Data Sent:            2.10 MB
Total Data Received:        1.69 MB
Total Network I/O:          3.79 MB
Avg Network Rate:           0.17 MB/s

Node Breakdown:
  • Worker-Node (192.168.8.130:9900): Sent: 2.10 MB, Received: 1.69 MB

[6] HARDWARE & MEMORY FOOTPRINT (PER NODE)
--------------------------------------------------------------------------------
Local Device:               cuda
GPU VRAM Before:            165.12 MB
GPU VRAM After:             328.65 MB
GPU VRAM Delta:             163.53 MB
KV Cache Total (est):       2.59 MB

Node Memory Breakdown (Layer Weights + Active KV Cache):
  • Local: vithurshan-HP-250-G8-Notebook-PC + NVIDIA GeForce RTX 3060 Laptop GPU:
    - Assigned:      layers 8-29, embedding, lm_head + norm
    - Layer Memory:  182.30 MB
    - Active KV:     1.89 MB
    - Total Footprint: 328.65 MB (VRAM)
  • Worker-Node (192.168.8.130:9900):
    - Assigned:      layers 0-7
    - Layer Memory:  254.88 MB
    - Active KV:     708.00 KB
    - Total Footprint: 0.00 B (Process RAM)
================================================================================

================================================================================
INFERENCE AUDIT REPORT — 2026-08-29 09:23:25
================================================================================

[1] MODEL INFORMATION
--------------------------------------------------------------------------------
Model ID / Name:     HuggingFaceTB/SmolLM2-135M
Architecture:        Dense Transformer
Quantization Mode:   8-bit Quantization (BitsAndBytes)
Precision Base:      torch.float16
Total Parameters:    134,515,008 (134.52 M)
Total Memory in RAM: 155.32 MB
Dimensions:          Layers: 30, Hidden Size: 576, KV Heads: 3, Head Dim: 64

[2] TOPOLOGY & COMPONENT DISTRIBUTION
--------------------------------------------------------------------------------
  • Worker-Node (192.168.8.130:9900):
    Allocated: layers 0-7
  • Local: vithurshan-HP-250-G8-Notebook-PC + NVIDIA GeForce RTX 3060 Laptop GPU:
    Allocated: layers 8-29, embedding, lm_head + norm

[3] GENERATION METADATA
--------------------------------------------------------------------------------
Temperature:         0.0
Prompt Tokens:       83 tokens
Generated Tokens:    25 tokens
Total Sequence:      108 tokens

[4] LATENCY & THROUGHPUT METRICS
--------------------------------------------------------------------------------
Time to First Token (TTFT): 2.188s (Prefill: 37.9 tok/s)
Decode Time:                6.102s (Decode: 3.9 tok/s)
Total End-to-End Latency:   8.290s
Per-token Latency (Avg):    254.3ms
Per-token Latency (Min):    203.6ms
Per-token Latency (Max):    389.2ms
Per-token Latency (P50):    252.5ms
Per-token Latency (P90):    276.9ms
Per-token Latency (P99):    389.2ms

[5] NETWORK PAYLOAD & DATA TRANSFER
--------------------------------------------------------------------------------
Total Data Sent:            1.42 MB
Total Data Received:        1.38 MB
Total Network I/O:          2.80 MB
Avg Network Rate:           0.34 MB/s

Node Breakdown:
  • Worker-Node (192.168.8.130:9900): Sent: 1.42 MB, Received: 1.38 MB

[6] HARDWARE & MEMORY FOOTPRINT (PER NODE)
--------------------------------------------------------------------------------
Local Device:               cuda
GPU VRAM Before:            165.12 MB
GPU VRAM After:             256.82 MB
GPU VRAM Delta:             91.70 MB
KV Cache Total (est):       2.37 MB

Node Memory Breakdown (Layer Weights + Active KV Cache):
  • Local: vithurshan-HP-250-G8-Notebook-PC + NVIDIA GeForce RTX 3060 Laptop GPU:
    - Assigned:      layers 8-29, embedding, lm_head + norm
    - Layer Memory:  182.30 MB
    - Active KV:     1.72 MB
    - Total Footprint: 256.82 MB (VRAM)
  • Worker-Node (192.168.8.130:9900):
    - Assigned:      layers 0-7
    - Layer Memory:  254.88 MB
    - Active KV:     648.00 KB
    - Total Footprint: 0.00 B (Process RAM)
================================================================================

================================================================================
INFERENCE AUDIT REPORT — 2026-08-29 09:23:58
================================================================================

[1] MODEL INFORMATION
--------------------------------------------------------------------------------
Model ID / Name:     HuggingFaceTB/SmolLM2-135M
Architecture:        Dense Transformer
Quantization Mode:   8-bit Quantization (BitsAndBytes)
Precision Base:      torch.float16
Total Parameters:    134,515,008 (134.52 M)
Total Memory in RAM: 155.32 MB
Dimensions:          Layers: 30, Hidden Size: 576, KV Heads: 3, Head Dim: 64

[2] TOPOLOGY & COMPONENT DISTRIBUTION
--------------------------------------------------------------------------------
  • Worker-Node (192.168.8.130:9900):
    Allocated: layers 0-7
  • Local: vithurshan-HP-250-G8-Notebook-PC + NVIDIA GeForce RTX 3060 Laptop GPU:
    Allocated: layers 8-29, embedding, lm_head + norm

[3] GENERATION METADATA
--------------------------------------------------------------------------------
Temperature:         0.0
Prompt Tokens:       84 tokens
Generated Tokens:    120 tokens
Total Sequence:      204 tokens

[4] LATENCY & THROUGHPUT METRICS
--------------------------------------------------------------------------------
Time to First Token (TTFT): 1.765s (Prefill: 47.6 tok/s)
Decode Time:                30.830s (Decode: 3.9 tok/s)
Total End-to-End Latency:   32.595s
Per-token Latency (Avg):    259.1ms
Per-token Latency (Min):    207.3ms
Per-token Latency (Max):    810.7ms
Per-token Latency (P50):    248.0ms
Per-token Latency (P90):    275.5ms
Per-token Latency (P99):    521.9ms

[5] NETWORK PAYLOAD & DATA TRANSFER
--------------------------------------------------------------------------------
Total Data Sent:            3.45 MB
Total Data Received:        2.87 MB
Total Network I/O:          6.32 MB
Avg Network Rate:           0.19 MB/s

Node Breakdown:
  • Worker-Node (192.168.8.130:9900): Sent: 3.45 MB, Received: 2.87 MB

[6] HARDWARE & MEMORY FOOTPRINT (PER NODE)
--------------------------------------------------------------------------------
Local Device:               cuda
GPU VRAM Before:            165.10 MB
GPU VRAM After:             545.58 MB
GPU VRAM Delta:             380.47 MB
KV Cache Total (est):       4.48 MB

Node Memory Breakdown (Layer Weights + Active KV Cache):
  • Local: vithurshan-HP-250-G8-Notebook-PC + NVIDIA GeForce RTX 3060 Laptop GPU:
    - Assigned:      layers 8-29, embedding, lm_head + norm
    - Layer Memory:  182.30 MB
    - Active KV:     3.27 MB
    - Total Footprint: 545.58 MB (VRAM)
  • Worker-Node (192.168.8.130:9900):
    - Assigned:      layers 0-7
    - Layer Memory:  254.88 MB
    - Active KV:     1.20 MB
    - Total Footprint: 0.00 B (Process RAM)
================================================================================

================================================================================
INFERENCE AUDIT REPORT — 2026-08-29 09:24:08
================================================================================

[1] MODEL INFORMATION
--------------------------------------------------------------------------------
Model ID / Name:     HuggingFaceTB/SmolLM2-135M
Architecture:        Dense Transformer
Quantization Mode:   8-bit Quantization (BitsAndBytes)
Precision Base:      torch.float16
Total Parameters:    134,515,008 (134.52 M)
Total Memory in RAM: 155.32 MB
Dimensions:          Layers: 30, Hidden Size: 576, KV Heads: 3, Head Dim: 64

[2] TOPOLOGY & COMPONENT DISTRIBUTION
--------------------------------------------------------------------------------
  • Worker-Node (192.168.8.130:9900):
    Allocated: layers 0-14
  • Local: vithurshan-HP-250-G8-Notebook-PC + NVIDIA GeForce RTX 3060 Laptop GPU:
    Allocated: layers 15-29, embedding, lm_head + norm

[3] GENERATION METADATA
--------------------------------------------------------------------------------
Temperature:         0.0
Prompt Tokens:       9 tokens
Generated Tokens:    20 tokens
Total Sequence:      29 tokens

[4] LATENCY & THROUGHPUT METRICS
--------------------------------------------------------------------------------
Time to First Token (TTFT): 781.3ms (Prefill: 11.5 tok/s)
Decode Time:                7.533s (Decode: 2.5 tok/s)
Total End-to-End Latency:   8.315s
Per-token Latency (Avg):    396.5ms
Per-token Latency (Min):    354.0ms
Per-token Latency (Max):    440.1ms
Per-token Latency (P50):    395.9ms
Per-token Latency (P90):    425.3ms
Per-token Latency (P99):    440.1ms

[5] NETWORK PAYLOAD & DATA TRANSFER
--------------------------------------------------------------------------------
Total Data Sent:            983.52 KB
Total Data Received:        826.18 KB
Total Network I/O:          1.77 MB
Avg Network Rate:           0.21 MB/s

Node Breakdown:
  • Worker-Node (192.168.8.130:9900): Sent: 983.60 KB, Received: 829.11 KB

[6] HARDWARE & MEMORY FOOTPRINT (PER NODE)
--------------------------------------------------------------------------------
Local Device:               cuda
GPU VRAM Before:            165.11 MB
GPU VRAM After:             179.98 MB
GPU VRAM Delta:             14.87 MB
KV Cache Total (est):       652.50 KB

Node Memory Breakdown (Layer Weights + Active KV Cache):
  • Local: vithurshan-HP-250-G8-Notebook-PC + NVIDIA GeForce RTX 3060 Laptop GPU:
    - Assigned:      layers 15-29, embedding, lm_head + norm
    - Layer Memory:  158.66 MB
    - Active KV:     315.00 KB
    - Total Footprint: 179.98 MB (VRAM)
  • Worker-Node (192.168.8.130:9900):
    - Assigned:      layers 0-14
    - Layer Memory:  254.88 MB
    - Active KV:     326.25 KB
    - Total Footprint: 0.00 B (Process RAM)
================================================================================

================================================================================
INFERENCE AUDIT REPORT — 2026-08-29 09:24:40
================================================================================

[1] MODEL INFORMATION
--------------------------------------------------------------------------------
Model ID / Name:     HuggingFaceTB/SmolLM2-135M
Architecture:        Dense Transformer
Quantization Mode:   8-bit Quantization (BitsAndBytes)
Precision Base:      torch.float16
Total Parameters:    134,515,008 (134.52 M)
Total Memory in RAM: 155.32 MB
Dimensions:          Layers: 30, Hidden Size: 576, KV Heads: 3, Head Dim: 64

[2] TOPOLOGY & COMPONENT DISTRIBUTION
--------------------------------------------------------------------------------
  • Worker-Node (192.168.8.130:9900):
    Allocated: layers 0-14
  • Local: vithurshan-HP-250-G8-Notebook-PC + NVIDIA GeForce RTX 3060 Laptop GPU:
    Allocated: layers 15-29, embedding, lm_head + norm

[3] GENERATION METADATA
--------------------------------------------------------------------------------
Temperature:         0.0
Prompt Tokens:       8 tokens
Generated Tokens:    80 tokens
Total Sequence:      88 tokens

[4] LATENCY & THROUGHPUT METRICS
--------------------------------------------------------------------------------
Time to First Token (TTFT): 727.9ms (Prefill: 11.0 tok/s)
Decode Time:                31.238s (Decode: 2.5 tok/s)
Total End-to-End Latency:   31.966s
Per-token Latency (Avg):    395.4ms
Per-token Latency (Min):    318.6ms
Per-token Latency (Max):    950.5ms
Per-token Latency (P50):    383.3ms
Per-token Latency (P90):    425.3ms
Per-token Latency (P99):    950.5ms

[5] NETWORK PAYLOAD & DATA TRANSFER
--------------------------------------------------------------------------------
Total Data Sent:            3.34 MB
Total Data Received:        2.62 MB
Total Network I/O:          5.96 MB
Avg Network Rate:           0.19 MB/s

Node Breakdown:
  • Worker-Node (192.168.8.130:9900): Sent: 3.34 MB, Received: 2.63 MB

[6] HARDWARE & MEMORY FOOTPRINT (PER NODE)
--------------------------------------------------------------------------------
Local Device:               cuda
GPU VRAM Before:            165.12 MB
GPU VRAM After:             240.46 MB
GPU VRAM Delta:             75.34 MB
KV Cache Total (est):       1.93 MB

Node Memory Breakdown (Layer Weights + Active KV Cache):
  • Local: vithurshan-HP-250-G8-Notebook-PC + NVIDIA GeForce RTX 3060 Laptop GPU:
    - Assigned:      layers 15-29, embedding, lm_head + norm
    - Layer Memory:  158.66 MB
    - Active KV:     978.75 KB
    - Total Footprint: 240.46 MB (VRAM)
  • Worker-Node (192.168.8.130:9900):
    - Assigned:      layers 0-14
    - Layer Memory:  254.88 MB
    - Active KV:     990.00 KB
    - Total Footprint: 0.00 B (Process RAM)
================================================================================

================================================================================
INFERENCE AUDIT REPORT — 2026-08-29 09:25:13
================================================================================

[1] MODEL INFORMATION
--------------------------------------------------------------------------------
Model ID / Name:     HuggingFaceTB/SmolLM2-135M
Architecture:        Dense Transformer
Quantization Mode:   8-bit Quantization (BitsAndBytes)
Precision Base:      torch.float16
Total Parameters:    134,515,008 (134.52 M)
Total Memory in RAM: 155.32 MB
Dimensions:          Layers: 30, Hidden Size: 576, KV Heads: 3, Head Dim: 64

[2] TOPOLOGY & COMPONENT DISTRIBUTION
--------------------------------------------------------------------------------
  • Worker-Node (192.168.8.130:9900):
    Allocated: layers 0-14
  • Local: vithurshan-HP-250-G8-Notebook-PC + NVIDIA GeForce RTX 3060 Laptop GPU:
    Allocated: layers 15-29, embedding, lm_head + norm

[3] GENERATION METADATA
--------------------------------------------------------------------------------
Temperature:         0.0
Prompt Tokens:       38 tokens
Generated Tokens:    80 tokens
Total Sequence:      118 tokens

[4] LATENCY & THROUGHPUT METRICS
--------------------------------------------------------------------------------
Time to First Token (TTFT): 1.833s (Prefill: 20.7 tok/s)
Decode Time:                30.407s (Decode: 2.6 tok/s)
Total End-to-End Latency:   32.240s
Per-token Latency (Avg):    384.9ms
Per-token Latency (Min):    341.0ms
Per-token Latency (Max):    430.9ms
Per-token Latency (P50):    384.7ms
Per-token Latency (P90):    412.4ms
Per-token Latency (P99):    430.9ms

[5] NETWORK PAYLOAD & DATA TRANSFER
--------------------------------------------------------------------------------
Total Data Sent:            3.94 MB
Total Data Received:        3.35 MB
Total Network I/O:          7.29 MB
Avg Network Rate:           0.23 MB/s

Node Breakdown:
  • Worker-Node (192.168.8.130:9900): Sent: 3.94 MB, Received: 3.35 MB

[6] HARDWARE & MEMORY FOOTPRINT (PER NODE)
--------------------------------------------------------------------------------
Local Device:               cuda
GPU VRAM Before:            165.11 MB
GPU VRAM After:             274.60 MB
GPU VRAM Delta:             109.49 MB
KV Cache Total (est):       2.59 MB

Node Memory Breakdown (Layer Weights + Active KV Cache):
  • Local: vithurshan-HP-250-G8-Notebook-PC + NVIDIA GeForce RTX 3060 Laptop GPU:
    - Assigned:      layers 15-29, embedding, lm_head + norm
    - Layer Memory:  158.66 MB
    - Active KV:     1.29 MB
    - Total Footprint: 274.60 MB (VRAM)
  • Worker-Node (192.168.8.130:9900):
    - Assigned:      layers 0-14
    - Layer Memory:  254.88 MB
    - Active KV:     1.30 MB
    - Total Footprint: 0.00 B (Process RAM)
================================================================================

================================================================================
INFERENCE AUDIT REPORT — 2026-08-29 09:25:26
================================================================================

[1] MODEL INFORMATION
--------------------------------------------------------------------------------
Model ID / Name:     HuggingFaceTB/SmolLM2-135M
Architecture:        Dense Transformer
Quantization Mode:   8-bit Quantization (BitsAndBytes)
Precision Base:      torch.float16
Total Parameters:    134,515,008 (134.52 M)
Total Memory in RAM: 155.32 MB
Dimensions:          Layers: 30, Hidden Size: 576, KV Heads: 3, Head Dim: 64

[2] TOPOLOGY & COMPONENT DISTRIBUTION
--------------------------------------------------------------------------------
  • Worker-Node (192.168.8.130:9900):
    Allocated: layers 0-14
  • Local: vithurshan-HP-250-G8-Notebook-PC + NVIDIA GeForce RTX 3060 Laptop GPU:
    Allocated: layers 15-29, embedding, lm_head + norm

[3] GENERATION METADATA
--------------------------------------------------------------------------------
Temperature:         0.0
Prompt Tokens:       83 tokens
Generated Tokens:    25 tokens
Total Sequence:      108 tokens

[4] LATENCY & THROUGHPUT METRICS
--------------------------------------------------------------------------------
Time to First Token (TTFT): 2.882s (Prefill: 28.8 tok/s)
Decode Time:                9.900s (Decode: 2.4 tok/s)
Total End-to-End Latency:   12.782s
Per-token Latency (Avg):    412.5ms
Per-token Latency (Min):    356.6ms
Per-token Latency (Max):    767.7ms
Per-token Latency (P50):    396.3ms
Per-token Latency (P90):    459.7ms
Per-token Latency (P99):    767.7ms

[5] NETWORK PAYLOAD & DATA TRANSFER
--------------------------------------------------------------------------------
Total Data Sent:            2.66 MB
Total Data Received:        2.75 MB
Total Network I/O:          5.41 MB
Avg Network Rate:           0.42 MB/s

Node Breakdown:
  • Worker-Node (192.168.8.130:9900): Sent: 2.66 MB, Received: 2.75 MB

[6] HARDWARE & MEMORY FOOTPRINT (PER NODE)
--------------------------------------------------------------------------------
Local Device:               cuda
GPU VRAM Before:            165.12 MB
GPU VRAM After:             226.51 MB
GPU VRAM Delta:             61.40 MB
KV Cache Total (est):       2.37 MB

Node Memory Breakdown (Layer Weights + Active KV Cache):
  • Local: vithurshan-HP-250-G8-Notebook-PC + NVIDIA GeForce RTX 3060 Laptop GPU:
    - Assigned:      layers 15-29, embedding, lm_head + norm
    - Layer Memory:  158.66 MB
    - Active KV:     1.18 MB
    - Total Footprint: 226.51 MB (VRAM)
  • Worker-Node (192.168.8.130:9900):
    - Assigned:      layers 0-14
    - Layer Memory:  254.88 MB
    - Active KV:     1.19 MB
    - Total Footprint: 0.00 B (Process RAM)
================================================================================

================================================================================
INFERENCE AUDIT REPORT — 2026-08-29 09:26:17
================================================================================

[1] MODEL INFORMATION
--------------------------------------------------------------------------------
Model ID / Name:     HuggingFaceTB/SmolLM2-135M
Architecture:        Dense Transformer
Quantization Mode:   8-bit Quantization (BitsAndBytes)
Precision Base:      torch.float16
Total Parameters:    134,515,008 (134.52 M)
Total Memory in RAM: 155.32 MB
Dimensions:          Layers: 30, Hidden Size: 576, KV Heads: 3, Head Dim: 64

[2] TOPOLOGY & COMPONENT DISTRIBUTION
--------------------------------------------------------------------------------
  • Worker-Node (192.168.8.130:9900):
    Allocated: layers 0-14
  • Local: vithurshan-HP-250-G8-Notebook-PC + NVIDIA GeForce RTX 3060 Laptop GPU:
    Allocated: layers 15-29, embedding, lm_head + norm

[3] GENERATION METADATA
--------------------------------------------------------------------------------
Temperature:         0.0
Prompt Tokens:       84 tokens
Generated Tokens:    120 tokens
Total Sequence:      204 tokens

[4] LATENCY & THROUGHPUT METRICS
--------------------------------------------------------------------------------
Time to First Token (TTFT): 2.849s (Prefill: 29.5 tok/s)
Decode Time:                47.342s (Decode: 2.5 tok/s)
Total End-to-End Latency:   50.191s
Per-token Latency (Avg):    397.8ms
Per-token Latency (Min):    355.9ms
Per-token Latency (Max):    475.4ms
Per-token Latency (P50):    394.7ms
Per-token Latency (P90):    428.8ms
Per-token Latency (P99):    461.8ms

[5] NETWORK PAYLOAD & DATA TRANSFER
--------------------------------------------------------------------------------
Total Data Sent:            6.47 MB
Total Data Received:        5.69 MB
Total Network I/O:          12.16 MB
Avg Network Rate:           0.24 MB/s

Node Breakdown:
  • Worker-Node (192.168.8.130:9900): Sent: 6.47 MB, Received: 5.69 MB

[6] HARDWARE & MEMORY FOOTPRINT (PER NODE)
--------------------------------------------------------------------------------
Local Device:               cuda
GPU VRAM Before:            165.11 MB
GPU VRAM After:             419.99 MB
GPU VRAM Delta:             254.88 MB
KV Cache Total (est):       4.48 MB

Node Memory Breakdown (Layer Weights + Active KV Cache):
  • Local: vithurshan-HP-250-G8-Notebook-PC + NVIDIA GeForce RTX 3060 Laptop GPU:
    - Assigned:      layers 15-29, embedding, lm_head + norm
    - Layer Memory:  158.66 MB
    - Active KV:     2.23 MB
    - Total Footprint: 419.99 MB (VRAM)
  • Worker-Node (192.168.8.130:9900):
    - Assigned:      layers 0-14
    - Layer Memory:  254.88 MB
    - Active KV:     2.24 MB
    - Total Footprint: 0.00 B (Process RAM)
================================================================================

================================================================================
INFERENCE AUDIT REPORT — 2026-08-29 09:26:30
================================================================================

[1] MODEL INFORMATION
--------------------------------------------------------------------------------
Model ID / Name:     HuggingFaceTB/SmolLM2-135M
Architecture:        Dense Transformer
Quantization Mode:   8-bit Quantization (BitsAndBytes)
Precision Base:      torch.float16
Total Parameters:    134,515,008 (134.52 M)
Total Memory in RAM: 155.32 MB
Dimensions:          Layers: 30, Hidden Size: 576, KV Heads: 3, Head Dim: 64

[2] TOPOLOGY & COMPONENT DISTRIBUTION
--------------------------------------------------------------------------------
  • Worker-Node (192.168.8.130:9900):
    Allocated: layers 0-22
  • Local: vithurshan-HP-250-G8-Notebook-PC + NVIDIA GeForce RTX 3060 Laptop GPU:
    Allocated: layers 23-29, embedding, lm_head + norm

[3] GENERATION METADATA
--------------------------------------------------------------------------------
Temperature:         0.0
Prompt Tokens:       9 tokens
Generated Tokens:    20 tokens
Total Sequence:      29 tokens

[4] LATENCY & THROUGHPUT METRICS
--------------------------------------------------------------------------------
Time to First Token (TTFT): 1.214s (Prefill: 7.4 tok/s)
Decode Time:                10.814s (Decode: 1.8 tok/s)
Total End-to-End Latency:   12.028s
Per-token Latency (Avg):    569.1ms
Per-token Latency (Min):    513.3ms
Per-token Latency (Max):    624.5ms
Per-token Latency (P50):    562.0ms
Per-token Latency (P90):    619.2ms
Per-token Latency (P99):    624.5ms

[5] NETWORK PAYLOAD & DATA TRANSFER
--------------------------------------------------------------------------------
Total Data Sent:            1.47 MB
Total Data Received:        1.28 MB
Total Network I/O:          2.75 MB
Avg Network Rate:           0.23 MB/s

Node Breakdown:
  • Worker-Node (192.168.8.130:9900): Sent: 1.47 MB, Received: 1.28 MB

[6] HARDWARE & MEMORY FOOTPRINT (PER NODE)
--------------------------------------------------------------------------------
Local Device:               cuda
GPU VRAM Before:            165.11 MB
GPU VRAM After:             171.60 MB
GPU VRAM Delta:             6.49 MB
KV Cache Total (est):       652.50 KB

Node Memory Breakdown (Layer Weights + Active KV Cache):
  • Local: vithurshan-HP-250-G8-Notebook-PC + NVIDIA GeForce RTX 3060 Laptop GPU:
    - Assigned:      layers 23-29, embedding, lm_head + norm
    - Layer Memory:  131.64 MB
    - Active KV:     147.00 KB
    - Total Footprint: 171.60 MB (VRAM)
  • Worker-Node (192.168.8.130:9900):
    - Assigned:      layers 0-22
    - Layer Memory:  254.88 MB
    - Active KV:     500.25 KB
    - Total Footprint: 0.00 B (Process RAM)
================================================================================

================================================================================
INFERENCE AUDIT REPORT — 2026-08-29 09:27:17
================================================================================

[1] MODEL INFORMATION
--------------------------------------------------------------------------------
Model ID / Name:     HuggingFaceTB/SmolLM2-135M
Architecture:        Dense Transformer
Quantization Mode:   8-bit Quantization (BitsAndBytes)
Precision Base:      torch.float16
Total Parameters:    134,515,008 (134.52 M)
Total Memory in RAM: 155.32 MB
Dimensions:          Layers: 30, Hidden Size: 576, KV Heads: 3, Head Dim: 64

[2] TOPOLOGY & COMPONENT DISTRIBUTION
--------------------------------------------------------------------------------
  • Worker-Node (192.168.8.130:9900):
    Allocated: layers 0-22
  • Local: vithurshan-HP-250-G8-Notebook-PC + NVIDIA GeForce RTX 3060 Laptop GPU:
    Allocated: layers 23-29, embedding, lm_head + norm

[3] GENERATION METADATA
--------------------------------------------------------------------------------
Temperature:         0.0
Prompt Tokens:       8 tokens
Generated Tokens:    80 tokens
Total Sequence:      88 tokens

[4] LATENCY & THROUGHPUT METRICS
--------------------------------------------------------------------------------
Time to First Token (TTFT): 1.791s (Prefill: 4.5 tok/s)
Decode Time:                44.902s (Decode: 1.8 tok/s)
Total End-to-End Latency:   46.693s
Per-token Latency (Avg):    568.4ms
Per-token Latency (Min):    449.1ms
Per-token Latency (Max):    741.7ms
Per-token Latency (P50):    564.8ms
Per-token Latency (P90):    608.0ms
Per-token Latency (P99):    741.7ms

[5] NETWORK PAYLOAD & DATA TRANSFER
--------------------------------------------------------------------------------
Total Data Sent:            5.11 MB
Total Data Received:        4.14 MB
Total Network I/O:          9.26 MB
Avg Network Rate:           0.20 MB/s

Node Breakdown:
  • Worker-Node (192.168.8.130:9900): Sent: 5.11 MB, Received: 4.15 MB

[6] HARDWARE & MEMORY FOOTPRINT (PER NODE)
--------------------------------------------------------------------------------
Local Device:               cuda
GPU VRAM Before:            165.11 MB
GPU VRAM After:             197.38 MB
GPU VRAM Delta:             32.27 MB
KV Cache Total (est):       1.93 MB

Node Memory Breakdown (Layer Weights + Active KV Cache):
  • Local: vithurshan-HP-250-G8-Notebook-PC + NVIDIA GeForce RTX 3060 Laptop GPU:
    - Assigned:      layers 23-29, embedding, lm_head + norm
    - Layer Memory:  131.64 MB
    - Active KV:     456.75 KB
    - Total Footprint: 197.38 MB (VRAM)
  • Worker-Node (192.168.8.130:9900):
    - Assigned:      layers 0-22
    - Layer Memory:  254.88 MB
    - Active KV:     1.48 MB
    - Total Footprint: 0.00 B (Process RAM)
================================================================================

================================================================================
INFERENCE AUDIT REPORT — 2026-08-29 09:28:05
================================================================================

[1] MODEL INFORMATION
--------------------------------------------------------------------------------
Model ID / Name:     HuggingFaceTB/SmolLM2-135M
Architecture:        Dense Transformer
Quantization Mode:   8-bit Quantization (BitsAndBytes)
Precision Base:      torch.float16
Total Parameters:    134,515,008 (134.52 M)
Total Memory in RAM: 155.32 MB
Dimensions:          Layers: 30, Hidden Size: 576, KV Heads: 3, Head Dim: 64

[2] TOPOLOGY & COMPONENT DISTRIBUTION
--------------------------------------------------------------------------------
  • Worker-Node (192.168.8.130:9900):
    Allocated: layers 0-22
  • Local: vithurshan-HP-250-G8-Notebook-PC + NVIDIA GeForce RTX 3060 Laptop GPU:
    Allocated: layers 23-29, embedding, lm_head + norm

[3] GENERATION METADATA
--------------------------------------------------------------------------------
Temperature:         0.0
Prompt Tokens:       38 tokens
Generated Tokens:    80 tokens
Total Sequence:      118 tokens

[4] LATENCY & THROUGHPUT METRICS
--------------------------------------------------------------------------------
Time to First Token (TTFT): 2.518s (Prefill: 15.1 tok/s)
Decode Time:                44.599s (Decode: 1.8 tok/s)
Total End-to-End Latency:   47.117s
Per-token Latency (Avg):    564.5ms
Per-token Latency (Min):    500.6ms
Per-token Latency (Max):    1.117s
Per-token Latency (P50):    554.0ms
Per-token Latency (P90):    602.8ms
Per-token Latency (P99):    1.117s

[5] NETWORK PAYLOAD & DATA TRANSFER
--------------------------------------------------------------------------------
Total Data Sent:            6.05 MB
Total Data Received:        5.30 MB
Total Network I/O:          11.34 MB
Avg Network Rate:           0.24 MB/s

Node Breakdown:
  • Worker-Node (192.168.8.130:9900): Sent: 6.05 MB, Received: 5.30 MB

[6] HARDWARE & MEMORY FOOTPRINT (PER NODE)
--------------------------------------------------------------------------------
Local Device:               cuda
GPU VRAM Before:            165.11 MB
GPU VRAM After:             212.18 MB
GPU VRAM Delta:             47.07 MB
KV Cache Total (est):       2.59 MB

Node Memory Breakdown (Layer Weights + Active KV Cache):
  • Local: vithurshan-HP-250-G8-Notebook-PC + NVIDIA GeForce RTX 3060 Laptop GPU:
    - Assigned:      layers 23-29, embedding, lm_head + norm
    - Layer Memory:  131.64 MB
    - Active KV:     614.25 KB
    - Total Footprint: 212.18 MB (VRAM)
  • Worker-Node (192.168.8.130:9900):
    - Assigned:      layers 0-22
    - Layer Memory:  254.88 MB
    - Active KV:     1.99 MB
    - Total Footprint: 0.00 B (Process RAM)
================================================================================

================================================================================
INFERENCE AUDIT REPORT — 2026-08-29 09:28:23
================================================================================

[1] MODEL INFORMATION
--------------------------------------------------------------------------------
Model ID / Name:     HuggingFaceTB/SmolLM2-135M
Architecture:        Dense Transformer
Quantization Mode:   8-bit Quantization (BitsAndBytes)
Precision Base:      torch.float16
Total Parameters:    134,515,008 (134.52 M)
Total Memory in RAM: 155.32 MB
Dimensions:          Layers: 30, Hidden Size: 576, KV Heads: 3, Head Dim: 64

[2] TOPOLOGY & COMPONENT DISTRIBUTION
--------------------------------------------------------------------------------
  • Worker-Node (192.168.8.130:9900):
    Allocated: layers 0-22
  • Local: vithurshan-HP-250-G8-Notebook-PC + NVIDIA GeForce RTX 3060 Laptop GPU:
    Allocated: layers 23-29, embedding, lm_head + norm

[3] GENERATION METADATA
--------------------------------------------------------------------------------
Temperature:         0.0
Prompt Tokens:       83 tokens
Generated Tokens:    25 tokens
Total Sequence:      108 tokens

[4] LATENCY & THROUGHPUT METRICS
--------------------------------------------------------------------------------
Time to First Token (TTFT): 3.939s (Prefill: 21.1 tok/s)
Decode Time:                13.392s (Decode: 1.8 tok/s)
Total End-to-End Latency:   17.331s
Per-token Latency (Avg):    558.0ms
Per-token Latency (Min):    473.2ms
Per-token Latency (Max):    654.7ms
Per-token Latency (P50):    557.7ms
Per-token Latency (P90):    582.4ms
Per-token Latency (P99):    654.7ms

[5] NETWORK PAYLOAD & DATA TRANSFER
--------------------------------------------------------------------------------
Total Data Sent:            4.08 MB
Total Data Received:        4.36 MB
Total Network I/O:          8.44 MB
Avg Network Rate:           0.49 MB/s

Node Breakdown:
  • Worker-Node (192.168.8.130:9900): Sent: 4.08 MB, Received: 4.37 MB

[6] HARDWARE & MEMORY FOOTPRINT (PER NODE)
--------------------------------------------------------------------------------
Local Device:               cuda
GPU VRAM Before:            165.11 MB
GPU VRAM After:             191.69 MB
GPU VRAM Delta:             26.58 MB
KV Cache Total (est):       2.37 MB

Node Memory Breakdown (Layer Weights + Active KV Cache):
  • Local: vithurshan-HP-250-G8-Notebook-PC + NVIDIA GeForce RTX 3060 Laptop GPU:
    - Assigned:      layers 23-29, embedding, lm_head + norm
    - Layer Memory:  131.64 MB
    - Active KV:     561.75 KB
    - Total Footprint: 191.69 MB (VRAM)
  • Worker-Node (192.168.8.130:9900):
    - Assigned:      layers 0-22
    - Layer Memory:  254.88 MB
    - Active KV:     1.82 MB
    - Total Footprint: 0.00 B (Process RAM)
================================================================================

================================================================================
INFERENCE AUDIT REPORT — 2026-08-29 09:29:36
================================================================================

[1] MODEL INFORMATION
--------------------------------------------------------------------------------
Model ID / Name:     HuggingFaceTB/SmolLM2-135M
Architecture:        Dense Transformer
Quantization Mode:   8-bit Quantization (BitsAndBytes)
Precision Base:      torch.float16
Total Parameters:    134,515,008 (134.52 M)
Total Memory in RAM: 155.32 MB
Dimensions:          Layers: 30, Hidden Size: 576, KV Heads: 3, Head Dim: 64

[2] TOPOLOGY & COMPONENT DISTRIBUTION
--------------------------------------------------------------------------------
  • Worker-Node (192.168.8.130:9900):
    Allocated: layers 0-22
  • Local: vithurshan-HP-250-G8-Notebook-PC + NVIDIA GeForce RTX 3060 Laptop GPU:
    Allocated: layers 23-29, embedding, lm_head + norm

[3] GENERATION METADATA
--------------------------------------------------------------------------------
Temperature:         0.0
Prompt Tokens:       84 tokens
Generated Tokens:    120 tokens
Total Sequence:      204 tokens

[4] LATENCY & THROUGHPUT METRICS
--------------------------------------------------------------------------------
Time to First Token (TTFT): 3.625s (Prefill: 23.2 tok/s)
Decode Time:                68.601s (Decode: 1.7 tok/s)
Total End-to-End Latency:   72.226s
Per-token Latency (Avg):    576.5ms
Per-token Latency (Min):    472.6ms
Per-token Latency (Max):    1.243s
Per-token Latency (P50):    566.6ms
Per-token Latency (P90):    609.3ms
Per-token Latency (P99):    1.133s

[5] NETWORK PAYLOAD & DATA TRANSFER
--------------------------------------------------------------------------------
Total Data Sent:            9.92 MB
Total Data Received:        9.00 MB
Total Network I/O:          18.93 MB
Avg Network Rate:           0.26 MB/s

Node Breakdown:
  • Worker-Node (192.168.8.130:9900): Sent: 9.92 MB, Received: 9.00 MB

[6] HARDWARE & MEMORY FOOTPRINT (PER NODE)
--------------------------------------------------------------------------------
Local Device:               cuda
GPU VRAM Before:            165.11 MB
GPU VRAM After:             274.37 MB
GPU VRAM Delta:             109.25 MB
KV Cache Total (est):       4.48 MB

Node Memory Breakdown (Layer Weights + Active KV Cache):
  • Local: vithurshan-HP-250-G8-Notebook-PC + NVIDIA GeForce RTX 3060 Laptop GPU:
    - Assigned:      layers 23-29, embedding, lm_head + norm
    - Layer Memory:  131.64 MB
    - Active KV:     1.04 MB
    - Total Footprint: 274.37 MB (VRAM)
  • Worker-Node (192.168.8.130:9900):
    - Assigned:      layers 0-22
    - Layer Memory:  254.88 MB
    - Active KV:     3.44 MB
    - Total Footprint: 0.00 B (Process RAM)
================================================================================

================================================================================
INFERENCE AUDIT REPORT — 2026-08-29 09:29:51
================================================================================

[1] MODEL INFORMATION
--------------------------------------------------------------------------------
Model ID / Name:     HuggingFaceTB/SmolLM2-135M
Architecture:        Dense Transformer
Quantization Mode:   8-bit Quantization (BitsAndBytes)
Precision Base:      torch.float16
Total Parameters:    134,515,008 (134.52 M)
Total Memory in RAM: 155.32 MB
Dimensions:          Layers: 30, Hidden Size: 576, KV Heads: 3, Head Dim: 64

[2] TOPOLOGY & COMPONENT DISTRIBUTION
--------------------------------------------------------------------------------
  • Worker-Node (192.168.8.130:9900):
    Allocated: layers 0-29
  • Local: vithurshan-HP-250-G8-Notebook-PC + NVIDIA GeForce RTX 3060 Laptop GPU:
    Allocated: embedding, lm_head + norm

[3] GENERATION METADATA
--------------------------------------------------------------------------------
Temperature:         0.0
Prompt Tokens:       9 tokens
Generated Tokens:    20 tokens
Total Sequence:      29 tokens

[4] LATENCY & THROUGHPUT METRICS
--------------------------------------------------------------------------------
Time to First Token (TTFT): 1.307s (Prefill: 6.9 tok/s)
Decode Time:                13.279s (Decode: 1.4 tok/s)
Total End-to-End Latency:   14.586s
Per-token Latency (Avg):    698.9ms
Per-token Latency (Min):    637.7ms
Per-token Latency (Max):    765.0ms
Per-token Latency (P50):    698.9ms
Per-token Latency (P90):    740.8ms
Per-token Latency (P99):    765.0ms

[5] NETWORK PAYLOAD & DATA TRANSFER
--------------------------------------------------------------------------------
Total Data Sent:            1.92 MB
Total Data Received:        1.61 MB
Total Network I/O:          3.53 MB
Avg Network Rate:           0.24 MB/s

Node Breakdown:
  • Worker-Node (192.168.8.130:9900): Sent: 1.92 MB, Received: 1.62 MB

[6] HARDWARE & MEMORY FOOTPRINT (PER NODE)
--------------------------------------------------------------------------------
Local Device:               cuda
GPU VRAM Before:            165.11 MB
GPU VRAM After:             165.21 MB
GPU VRAM Delta:             100.50 KB
KV Cache Total (est):       652.50 KB

Node Memory Breakdown (Layer Weights + Active KV Cache):
  • Local: vithurshan-HP-250-G8-Notebook-PC + NVIDIA GeForce RTX 3060 Laptop GPU:
    - Assigned:      embedding, lm_head + norm
    - Layer Memory:  108.00 MB
    - Active KV:     0.00 B
    - Total Footprint: 165.21 MB (VRAM)
  • Worker-Node (192.168.8.130:9900):
    - Assigned:      layers 0-29
    - Layer Memory:  254.88 MB
    - Active KV:     652.50 KB
    - Total Footprint: 0.00 B (Process RAM)
================================================================================

================================================================================
INFERENCE AUDIT REPORT — 2026-08-29 09:30:49
================================================================================

[1] MODEL INFORMATION
--------------------------------------------------------------------------------
Model ID / Name:     HuggingFaceTB/SmolLM2-135M
Architecture:        Dense Transformer
Quantization Mode:   8-bit Quantization (BitsAndBytes)
Precision Base:      torch.float16
Total Parameters:    134,515,008 (134.52 M)
Total Memory in RAM: 155.32 MB
Dimensions:          Layers: 30, Hidden Size: 576, KV Heads: 3, Head Dim: 64

[2] TOPOLOGY & COMPONENT DISTRIBUTION
--------------------------------------------------------------------------------
  • Worker-Node (192.168.8.130:9900):
    Allocated: layers 0-29
  • Local: vithurshan-HP-250-G8-Notebook-PC + NVIDIA GeForce RTX 3060 Laptop GPU:
    Allocated: embedding, lm_head + norm

[3] GENERATION METADATA
--------------------------------------------------------------------------------
Temperature:         0.0
Prompt Tokens:       8 tokens
Generated Tokens:    80 tokens
Total Sequence:      88 tokens

[4] LATENCY & THROUGHPUT METRICS
--------------------------------------------------------------------------------
Time to First Token (TTFT): 1.347s (Prefill: 5.9 tok/s)
Decode Time:                55.497s (Decode: 1.4 tok/s)
Total End-to-End Latency:   56.844s
Per-token Latency (Avg):    702.5ms
Per-token Latency (Min):    593.2ms
Per-token Latency (Max):    1.433s
Per-token Latency (P50):    687.3ms
Per-token Latency (P90):    754.9ms
Per-token Latency (P99):    1.433s

[5] NETWORK PAYLOAD & DATA TRANSFER
--------------------------------------------------------------------------------
Total Data Sent:            6.67 MB
Total Data Received:        5.25 MB
Total Network I/O:          11.92 MB
Avg Network Rate:           0.21 MB/s

Node Breakdown:
  • Worker-Node (192.168.8.130:9900): Sent: 6.67 MB, Received: 5.25 MB

[6] HARDWARE & MEMORY FOOTPRINT (PER NODE)
--------------------------------------------------------------------------------
Local Device:               cuda
GPU VRAM Before:            165.11 MB
GPU VRAM After:             165.21 MB
GPU VRAM Delta:             100.50 KB
KV Cache Total (est):       1.93 MB

Node Memory Breakdown (Layer Weights + Active KV Cache):
  • Local: vithurshan-HP-250-G8-Notebook-PC + NVIDIA GeForce RTX 3060 Laptop GPU:
    - Assigned:      embedding, lm_head + norm
    - Layer Memory:  108.00 MB
    - Active KV:     0.00 B
    - Total Footprint: 165.21 MB (VRAM)
  • Worker-Node (192.168.8.130:9900):
    - Assigned:      layers 0-29
    - Layer Memory:  254.88 MB
    - Active KV:     1.93 MB
    - Total Footprint: 0.00 B (Process RAM)
================================================================================

================================================================================
INFERENCE AUDIT REPORT — 2026-08-29 09:31:49
================================================================================

[1] MODEL INFORMATION
--------------------------------------------------------------------------------
Model ID / Name:     HuggingFaceTB/SmolLM2-135M
Architecture:        Dense Transformer
Quantization Mode:   8-bit Quantization (BitsAndBytes)
Precision Base:      torch.float16
Total Parameters:    134,515,008 (134.52 M)
Total Memory in RAM: 155.32 MB
Dimensions:          Layers: 30, Hidden Size: 576, KV Heads: 3, Head Dim: 64

[2] TOPOLOGY & COMPONENT DISTRIBUTION
--------------------------------------------------------------------------------
  • Worker-Node (192.168.8.130:9900):
    Allocated: layers 0-29
  • Local: vithurshan-HP-250-G8-Notebook-PC + NVIDIA GeForce RTX 3060 Laptop GPU:
    Allocated: embedding, lm_head + norm

[3] GENERATION METADATA
--------------------------------------------------------------------------------
Temperature:         0.0
Prompt Tokens:       38 tokens
Generated Tokens:    80 tokens
Total Sequence:      118 tokens

[4] LATENCY & THROUGHPUT METRICS
--------------------------------------------------------------------------------
Time to First Token (TTFT): 3.617s (Prefill: 10.5 tok/s)
Decode Time:                55.408s (Decode: 1.4 tok/s)
Total End-to-End Latency:   59.026s
Per-token Latency (Avg):    701.4ms
Per-token Latency (Min):    563.4ms
Per-token Latency (Max):    1.243s
Per-token Latency (P50):    696.1ms
Per-token Latency (P90):    749.7ms
Per-token Latency (P99):    1.243s

[5] NETWORK PAYLOAD & DATA TRANSFER
--------------------------------------------------------------------------------
Total Data Sent:            7.89 MB
Total Data Received:        6.70 MB
Total Network I/O:          14.58 MB
Avg Network Rate:           0.25 MB/s

Node Breakdown:
  • Worker-Node (192.168.8.130:9900): Sent: 7.89 MB, Received: 6.70 MB

[6] HARDWARE & MEMORY FOOTPRINT (PER NODE)
--------------------------------------------------------------------------------
Local Device:               cuda
GPU VRAM Before:            165.11 MB
GPU VRAM After:             165.21 MB
GPU VRAM Delta:             100.50 KB
KV Cache Total (est):       2.59 MB

Node Memory Breakdown (Layer Weights + Active KV Cache):
  • Local: vithurshan-HP-250-G8-Notebook-PC + NVIDIA GeForce RTX 3060 Laptop GPU:
    - Assigned:      embedding, lm_head + norm
    - Layer Memory:  108.00 MB
    - Active KV:     0.00 B
    - Total Footprint: 165.21 MB (VRAM)
  • Worker-Node (192.168.8.130:9900):
    - Assigned:      layers 0-29
    - Layer Memory:  254.88 MB
    - Active KV:     2.59 MB
    - Total Footprint: 0.00 B (Process RAM)
================================================================================

================================================================================
INFERENCE AUDIT REPORT — 2026-08-29 09:32:14
================================================================================

[1] MODEL INFORMATION
--------------------------------------------------------------------------------
Model ID / Name:     HuggingFaceTB/SmolLM2-135M
Architecture:        Dense Transformer
Quantization Mode:   8-bit Quantization (BitsAndBytes)
Precision Base:      torch.float16
Total Parameters:    134,515,008 (134.52 M)
Total Memory in RAM: 155.32 MB
Dimensions:          Layers: 30, Hidden Size: 576, KV Heads: 3, Head Dim: 64

[2] TOPOLOGY & COMPONENT DISTRIBUTION
--------------------------------------------------------------------------------
  • Worker-Node (192.168.8.130:9900):
    Allocated: layers 0-29
  • Local: vithurshan-HP-250-G8-Notebook-PC + NVIDIA GeForce RTX 3060 Laptop GPU:
    Allocated: embedding, lm_head + norm

[3] GENERATION METADATA
--------------------------------------------------------------------------------
Temperature:         0.0
Prompt Tokens:       83 tokens
Generated Tokens:    25 tokens
Total Sequence:      108 tokens

[4] LATENCY & THROUGHPUT METRICS
--------------------------------------------------------------------------------
Time to First Token (TTFT): 6.205s (Prefill: 13.4 tok/s)
Decode Time:                18.646s (Decode: 1.3 tok/s)
Total End-to-End Latency:   24.851s
Per-token Latency (Avg):    776.9ms
Per-token Latency (Min):    636.3ms
Per-token Latency (Max):    1.287s
Per-token Latency (P50):    736.6ms
Per-token Latency (P90):    899.4ms
Per-token Latency (P99):    1.287s

[5] NETWORK PAYLOAD & DATA TRANSFER
--------------------------------------------------------------------------------
Total Data Sent:            5.32 MB
Total Data Received:        5.50 MB
Total Network I/O:          10.82 MB
Avg Network Rate:           0.44 MB/s

Node Breakdown:
  • Worker-Node (192.168.8.130:9900): Sent: 5.32 MB, Received: 5.50 MB

[6] HARDWARE & MEMORY FOOTPRINT (PER NODE)
--------------------------------------------------------------------------------
Local Device:               cuda
GPU VRAM Before:            165.11 MB
GPU VRAM After:             165.21 MB
GPU VRAM Delta:             100.50 KB
KV Cache Total (est):       2.37 MB

Node Memory Breakdown (Layer Weights + Active KV Cache):
  • Local: vithurshan-HP-250-G8-Notebook-PC + NVIDIA GeForce RTX 3060 Laptop GPU:
    - Assigned:      embedding, lm_head + norm
    - Layer Memory:  108.00 MB
    - Active KV:     0.00 B
    - Total Footprint: 165.21 MB (VRAM)
  • Worker-Node (192.168.8.130:9900):
    - Assigned:      layers 0-29
    - Layer Memory:  254.88 MB
    - Active KV:     2.37 MB
    - Total Footprint: 0.00 B (Process RAM)
================================================================================

================================================================================
INFERENCE AUDIT REPORT — 2026-08-29 09:33:53
================================================================================

[1] MODEL INFORMATION
--------------------------------------------------------------------------------
Model ID / Name:     HuggingFaceTB/SmolLM2-135M
Architecture:        Dense Transformer
Quantization Mode:   8-bit Quantization (BitsAndBytes)
Precision Base:      torch.float16
Total Parameters:    134,515,008 (134.52 M)
Total Memory in RAM: 155.32 MB
Dimensions:          Layers: 30, Hidden Size: 576, KV Heads: 3, Head Dim: 64

[2] TOPOLOGY & COMPONENT DISTRIBUTION
--------------------------------------------------------------------------------
  • Worker-Node (192.168.8.130:9900):
    Allocated: layers 0-29
  • Local: vithurshan-HP-250-G8-Notebook-PC + NVIDIA GeForce RTX 3060 Laptop GPU:
    Allocated: embedding, lm_head + norm

[3] GENERATION METADATA
--------------------------------------------------------------------------------
Temperature:         0.0
Prompt Tokens:       84 tokens
Generated Tokens:    120 tokens
Total Sequence:      204 tokens

[4] LATENCY & THROUGHPUT METRICS
--------------------------------------------------------------------------------
Time to First Token (TTFT): 5.002s (Prefill: 16.8 tok/s)
Decode Time:                93.355s (Decode: 1.3 tok/s)
Total End-to-End Latency:   98.358s
Per-token Latency (Avg):    784.5ms
Per-token Latency (Min):    610.5ms
Per-token Latency (Max):    1.626s
Per-token Latency (P50):    708.7ms
Per-token Latency (P90):    1.086s
Per-token Latency (P99):    1.598s

[5] NETWORK PAYLOAD & DATA TRANSFER
--------------------------------------------------------------------------------
Total Data Sent:            12.94 MB
Total Data Received:        11.37 MB
Total Network I/O:          24.32 MB
Avg Network Rate:           0.25 MB/s

Node Breakdown:
  • Worker-Node (192.168.8.130:9900): Sent: 12.94 MB, Received: 11.38 MB

[6] HARDWARE & MEMORY FOOTPRINT (PER NODE)
--------------------------------------------------------------------------------
Local Device:               cuda
GPU VRAM Before:            165.11 MB
GPU VRAM After:             165.21 MB
GPU VRAM Delta:             100.50 KB
KV Cache Total (est):       4.48 MB

Node Memory Breakdown (Layer Weights + Active KV Cache):
  • Local: vithurshan-HP-250-G8-Notebook-PC + NVIDIA GeForce RTX 3060 Laptop GPU:
    - Assigned:      embedding, lm_head + norm
    - Layer Memory:  108.00 MB
    - Active KV:     0.00 B
    - Total Footprint: 165.21 MB (VRAM)
  • Worker-Node (192.168.8.130:9900):
    - Assigned:      layers 0-29
    - Layer Memory:  254.88 MB
    - Active KV:     4.48 MB
    - Total Footprint: 0.00 B (Process RAM)
================================================================================

================================================================================
INFERENCE AUDIT REPORT — 2026-08-29 09:34:00
================================================================================

[1] MODEL INFORMATION
--------------------------------------------------------------------------------
Model ID / Name:     HuggingFaceTB/SmolLM2-135M
Architecture:        Dense Transformer
Quantization Mode:   8-bit Quantization (BitsAndBytes)
Precision Base:      torch.float16
Total Parameters:    134,515,008 (134.52 M)
Total Memory in RAM: 155.32 MB
Dimensions:          Layers: 30, Hidden Size: 576, KV Heads: 3, Head Dim: 64

[2] TOPOLOGY & COMPONENT DISTRIBUTION
--------------------------------------------------------------------------------
  • Worker-Node (192.168.8.130:9900):
    Allocated: attn 0-9
  • Local: vithurshan-HP-250-G8-Notebook-PC + NVIDIA GeForce RTX 3060 Laptop GPU:
    Allocated: layers 10-29, layers 0-9(ffn only), embedding, lm_head + norm

[3] GENERATION METADATA
--------------------------------------------------------------------------------
Temperature:         0.0
Prompt Tokens:       9 tokens
Generated Tokens:    20 tokens
Total Sequence:      29 tokens

[4] LATENCY & THROUGHPUT METRICS
--------------------------------------------------------------------------------
Time to First Token (TTFT): 702.1ms (Prefill: 12.8 tok/s)
Decode Time:                4.913s (Decode: 3.9 tok/s)
Total End-to-End Latency:   5.615s
Per-token Latency (Avg):    258.6ms
Per-token Latency (Min):    204.8ms
Per-token Latency (Max):    643.6ms
Per-token Latency (P50):    240.8ms
Per-token Latency (P90):    261.6ms
Per-token Latency (P99):    643.6ms

[5] NETWORK PAYLOAD & DATA TRANSFER
--------------------------------------------------------------------------------
Total Data Sent:            656.20 KB
Total Data Received:        404.06 KB
Total Network I/O:          1.04 MB
Avg Network Rate:           0.18 MB/s

Node Breakdown:
  • Worker-Node (192.168.8.130:9900): Sent: 656.28 KB, Received: 406.99 KB

[6] HARDWARE & MEMORY FOOTPRINT (PER NODE)
--------------------------------------------------------------------------------
Local Device:               cuda
GPU VRAM Before:            165.11 MB
GPU VRAM After:             190.09 MB
GPU VRAM Delta:             24.98 MB
KV Cache Total (est):       652.50 KB

Node Memory Breakdown (Layer Weights + Active KV Cache):
  • Local: vithurshan-HP-250-G8-Notebook-PC + NVIDIA GeForce RTX 3060 Laptop GPU:
    - Assigned:      layers 10-29, layers 0-9(ffn only), embedding, lm_head + norm
    - Layer Memory:  200.87 MB
    - Active KV:     420.00 KB
    - Total Footprint: 190.09 MB (VRAM)
  • Worker-Node (192.168.8.130:9900):
    - Assigned:      attn 0-9
    - Layer Memory:  254.88 MB
    - Active KV:     217.50 KB
    - Total Footprint: 0.00 B (Process RAM)
================================================================================

================================================================================
INFERENCE AUDIT REPORT — 2026-08-29 09:34:21
================================================================================

[1] MODEL INFORMATION
--------------------------------------------------------------------------------
Model ID / Name:     HuggingFaceTB/SmolLM2-135M
Architecture:        Dense Transformer
Quantization Mode:   8-bit Quantization (BitsAndBytes)
Precision Base:      torch.float16
Total Parameters:    134,515,008 (134.52 M)
Total Memory in RAM: 155.32 MB
Dimensions:          Layers: 30, Hidden Size: 576, KV Heads: 3, Head Dim: 64

[2] TOPOLOGY & COMPONENT DISTRIBUTION
--------------------------------------------------------------------------------
  • Worker-Node (192.168.8.130:9900):
    Allocated: attn 0-9
  • Local: vithurshan-HP-250-G8-Notebook-PC + NVIDIA GeForce RTX 3060 Laptop GPU:
    Allocated: layers 10-29, layers 0-9(ffn only), embedding, lm_head + norm

[3] GENERATION METADATA
--------------------------------------------------------------------------------
Temperature:         0.0
Prompt Tokens:       8 tokens
Generated Tokens:    80 tokens
Total Sequence:      88 tokens

[4] LATENCY & THROUGHPUT METRICS
--------------------------------------------------------------------------------
Time to First Token (TTFT): 637.7ms (Prefill: 12.5 tok/s)
Decode Time:                19.714s (Decode: 4.0 tok/s)
Total End-to-End Latency:   20.352s
Per-token Latency (Avg):    249.5ms
Per-token Latency (Min):    192.2ms
Per-token Latency (Max):    558.6ms
Per-token Latency (P50):    236.4ms
Per-token Latency (P90):    277.7ms
Per-token Latency (P99):    558.6ms

[5] NETWORK PAYLOAD & DATA TRANSFER
--------------------------------------------------------------------------------
Total Data Sent:            2.23 MB
Total Data Received:        1.30 MB
Total Network I/O:          3.53 MB
Avg Network Rate:           0.17 MB/s

Node Breakdown:
  • Worker-Node (192.168.8.130:9900): Sent: 2.23 MB, Received: 1.31 MB

[6] HARDWARE & MEMORY FOOTPRINT (PER NODE)
--------------------------------------------------------------------------------
Local Device:               cuda
GPU VRAM Before:            165.11 MB
GPU VRAM After:             282.16 MB
GPU VRAM Delta:             117.05 MB
KV Cache Total (est):       1.93 MB

Node Memory Breakdown (Layer Weights + Active KV Cache):
  • Local: vithurshan-HP-250-G8-Notebook-PC + NVIDIA GeForce RTX 3060 Laptop GPU:
    - Assigned:      layers 10-29, layers 0-9(ffn only), embedding, lm_head + norm
    - Layer Memory:  200.87 MB
    - Active KV:     1.27 MB
    - Total Footprint: 282.16 MB (VRAM)
  • Worker-Node (192.168.8.130:9900):
    - Assigned:      attn 0-9
    - Layer Memory:  254.88 MB
    - Active KV:     660.00 KB
    - Total Footprint: 0.00 B (Process RAM)
================================================================================

================================================================================
INFERENCE AUDIT REPORT — 2026-08-29 09:34:44
================================================================================

[1] MODEL INFORMATION
--------------------------------------------------------------------------------
Model ID / Name:     HuggingFaceTB/SmolLM2-135M
Architecture:        Dense Transformer
Quantization Mode:   8-bit Quantization (BitsAndBytes)
Precision Base:      torch.float16
Total Parameters:    134,515,008 (134.52 M)
Total Memory in RAM: 155.32 MB
Dimensions:          Layers: 30, Hidden Size: 576, KV Heads: 3, Head Dim: 64

[2] TOPOLOGY & COMPONENT DISTRIBUTION
--------------------------------------------------------------------------------
  • Worker-Node (192.168.8.130:9900):
    Allocated: attn 0-9
  • Local: vithurshan-HP-250-G8-Notebook-PC + NVIDIA GeForce RTX 3060 Laptop GPU:
    Allocated: layers 10-29, layers 0-9(ffn only), embedding, lm_head + norm

[3] GENERATION METADATA
--------------------------------------------------------------------------------
Temperature:         0.0
Prompt Tokens:       38 tokens
Generated Tokens:    80 tokens
Total Sequence:      118 tokens

[4] LATENCY & THROUGHPUT METRICS
--------------------------------------------------------------------------------
Time to First Token (TTFT): 1.354s (Prefill: 28.1 tok/s)
Decode Time:                20.673s (Decode: 3.8 tok/s)
Total End-to-End Latency:   22.027s
Per-token Latency (Avg):    261.7ms
Per-token Latency (Min):    211.1ms
Per-token Latency (Max):    865.8ms
Per-token Latency (P50):    241.5ms
Per-token Latency (P90):    290.3ms
Per-token Latency (P99):    865.8ms

[5] NETWORK PAYLOAD & DATA TRANSFER
--------------------------------------------------------------------------------
Total Data Sent:            2.63 MB
Total Data Received:        1.63 MB
Total Network I/O:          4.26 MB
Avg Network Rate:           0.19 MB/s

Node Breakdown:
  • Worker-Node (192.168.8.130:9900): Sent: 2.63 MB, Received: 1.64 MB

[6] HARDWARE & MEMORY FOOTPRINT (PER NODE)
--------------------------------------------------------------------------------
Local Device:               cuda
GPU VRAM Before:            165.11 MB
GPU VRAM After:             333.66 MB
GPU VRAM Delta:             168.56 MB
KV Cache Total (est):       2.59 MB

Node Memory Breakdown (Layer Weights + Active KV Cache):
  • Local: vithurshan-HP-250-G8-Notebook-PC + NVIDIA GeForce RTX 3060 Laptop GPU:
    - Assigned:      layers 10-29, layers 0-9(ffn only), embedding, lm_head + norm
    - Layer Memory:  200.87 MB
    - Active KV:     1.71 MB
    - Total Footprint: 333.66 MB (VRAM)
  • Worker-Node (192.168.8.130:9900):
    - Assigned:      attn 0-9
    - Layer Memory:  254.88 MB
    - Active KV:     885.00 KB
    - Total Footprint: 0.00 B (Process RAM)
================================================================================

================================================================================
INFERENCE AUDIT REPORT — 2026-08-29 09:34:53
================================================================================

[1] MODEL INFORMATION
--------------------------------------------------------------------------------
Model ID / Name:     HuggingFaceTB/SmolLM2-135M
Architecture:        Dense Transformer
Quantization Mode:   8-bit Quantization (BitsAndBytes)
Precision Base:      torch.float16
Total Parameters:    134,515,008 (134.52 M)
Total Memory in RAM: 155.32 MB
Dimensions:          Layers: 30, Hidden Size: 576, KV Heads: 3, Head Dim: 64

[2] TOPOLOGY & COMPONENT DISTRIBUTION
--------------------------------------------------------------------------------
  • Worker-Node (192.168.8.130:9900):
    Allocated: attn 0-9
  • Local: vithurshan-HP-250-G8-Notebook-PC + NVIDIA GeForce RTX 3060 Laptop GPU:
    Allocated: layers 10-29, layers 0-9(ffn only), embedding, lm_head + norm

[3] GENERATION METADATA
--------------------------------------------------------------------------------
Temperature:         0.0
Prompt Tokens:       83 tokens
Generated Tokens:    25 tokens
Total Sequence:      108 tokens

[4] LATENCY & THROUGHPUT METRICS
--------------------------------------------------------------------------------
Time to First Token (TTFT): 2.198s (Prefill: 37.8 tok/s)
Decode Time:                6.135s (Decode: 3.9 tok/s)
Total End-to-End Latency:   8.333s
Per-token Latency (Avg):    255.6ms
Per-token Latency (Min):    196.8ms
Per-token Latency (Max):    785.6ms
Per-token Latency (P50):    230.4ms
Per-token Latency (P90):    268.8ms
Per-token Latency (P99):    785.6ms

[5] NETWORK PAYLOAD & DATA TRANSFER
--------------------------------------------------------------------------------
Total Data Sent:            1.77 MB
Total Data Received:        1.28 MB
Total Network I/O:          3.06 MB
Avg Network Rate:           0.37 MB/s

Node Breakdown:
  • Worker-Node (192.168.8.130:9900): Sent: 1.77 MB, Received: 1.29 MB

[6] HARDWARE & MEMORY FOOTPRINT (PER NODE)
--------------------------------------------------------------------------------
Local Device:               cuda
GPU VRAM Before:            165.10 MB
GPU VRAM After:             266.10 MB
GPU VRAM Delta:             100.99 MB
KV Cache Total (est):       2.37 MB

Node Memory Breakdown (Layer Weights + Active KV Cache):
  • Local: vithurshan-HP-250-G8-Notebook-PC + NVIDIA GeForce RTX 3060 Laptop GPU:
    - Assigned:      layers 10-29, layers 0-9(ffn only), embedding, lm_head + norm
    - Layer Memory:  200.87 MB
    - Active KV:     1.57 MB
    - Total Footprint: 266.10 MB (VRAM)
  • Worker-Node (192.168.8.130:9900):
    - Assigned:      attn 0-9
    - Layer Memory:  254.88 MB
    - Active KV:     810.00 KB
    - Total Footprint: 0.00 B (Process RAM)
================================================================================

================================================================================
INFERENCE AUDIT REPORT — 2026-08-29 09:35:28
================================================================================

[1] MODEL INFORMATION
--------------------------------------------------------------------------------
Model ID / Name:     HuggingFaceTB/SmolLM2-135M
Architecture:        Dense Transformer
Quantization Mode:   8-bit Quantization (BitsAndBytes)
Precision Base:      torch.float16
Total Parameters:    134,515,008 (134.52 M)
Total Memory in RAM: 155.32 MB
Dimensions:          Layers: 30, Hidden Size: 576, KV Heads: 3, Head Dim: 64

[2] TOPOLOGY & COMPONENT DISTRIBUTION
--------------------------------------------------------------------------------
  • Worker-Node (192.168.8.130:9900):
    Allocated: attn 0-9
  • Local: vithurshan-HP-250-G8-Notebook-PC + NVIDIA GeForce RTX 3060 Laptop GPU:
    Allocated: layers 10-29, layers 0-9(ffn only), embedding, lm_head + norm

[3] GENERATION METADATA
--------------------------------------------------------------------------------
Temperature:         0.0
Prompt Tokens:       84 tokens
Generated Tokens:    120 tokens
Total Sequence:      204 tokens

[4] LATENCY & THROUGHPUT METRICS
--------------------------------------------------------------------------------
Time to First Token (TTFT): 2.855s (Prefill: 29.4 tok/s)
Decode Time:                31.932s (Decode: 3.7 tok/s)
Total End-to-End Latency:   34.787s
Per-token Latency (Avg):    268.3ms
Per-token Latency (Min):    196.8ms
Per-token Latency (Max):    1.043s
Per-token Latency (P50):    245.2ms
Per-token Latency (P90):    285.0ms
Per-token Latency (P99):    901.5ms

[5] NETWORK PAYLOAD & DATA TRANSFER
--------------------------------------------------------------------------------
Total Data Sent:            4.32 MB
Total Data Received:        2.75 MB
Total Network I/O:          7.07 MB
Avg Network Rate:           0.20 MB/s

Node Breakdown:
  • Worker-Node (192.168.8.130:9900): Sent: 4.32 MB, Received: 2.76 MB

[6] HARDWARE & MEMORY FOOTPRINT (PER NODE)
--------------------------------------------------------------------------------
Local Device:               cuda
GPU VRAM Before:            165.10 MB
GPU VRAM After:             544.64 MB
GPU VRAM Delta:             379.54 MB
KV Cache Total (est):       4.48 MB

Node Memory Breakdown (Layer Weights + Active KV Cache):
  • Local: vithurshan-HP-250-G8-Notebook-PC + NVIDIA GeForce RTX 3060 Laptop GPU:
    - Assigned:      layers 10-29, layers 0-9(ffn only), embedding, lm_head + norm
    - Layer Memory:  200.87 MB
    - Active KV:     2.97 MB
    - Total Footprint: 544.64 MB (VRAM)
  • Worker-Node (192.168.8.130:9900):
    - Assigned:      attn 0-9
    - Layer Memory:  254.88 MB
    - Active KV:     1.49 MB
    - Total Footprint: 0.00 B (Process RAM)
================================================================================

================================================================================
INFERENCE AUDIT REPORT — 2026-08-29 09:35:34
================================================================================

[1] MODEL INFORMATION
--------------------------------------------------------------------------------
Model ID / Name:     HuggingFaceTB/SmolLM2-135M
Architecture:        Dense Transformer
Quantization Mode:   8-bit Quantization (BitsAndBytes)
Precision Base:      torch.float16
Total Parameters:    134,515,008 (134.52 M)
Total Memory in RAM: 155.32 MB
Dimensions:          Layers: 30, Hidden Size: 576, KV Heads: 3, Head Dim: 64

[2] TOPOLOGY & COMPONENT DISTRIBUTION
--------------------------------------------------------------------------------
  • Worker-Node (192.168.8.130:9900):
    Allocated: ffn 0-9
  • Local: vithurshan-HP-250-G8-Notebook-PC + NVIDIA GeForce RTX 3060 Laptop GPU:
    Allocated: layers 10-29, layers 0-9(attn only), embedding, lm_head + norm

[3] GENERATION METADATA
--------------------------------------------------------------------------------
Temperature:         0.0
Prompt Tokens:       9 tokens
Generated Tokens:    20 tokens
Total Sequence:      29 tokens

[4] LATENCY & THROUGHPUT METRICS
--------------------------------------------------------------------------------
Time to First Token (TTFT): 487.7ms (Prefill: 18.5 tok/s)
Decode Time:                4.877s (Decode: 3.9 tok/s)
Total End-to-End Latency:   5.365s
Per-token Latency (Avg):    256.7ms
Per-token Latency (Min):    182.9ms
Per-token Latency (Max):    717.6ms
Per-token Latency (P50):    227.2ms
Per-token Latency (P90):    392.5ms
Per-token Latency (P99):    717.6ms

[5] NETWORK PAYLOAD & DATA TRANSFER
--------------------------------------------------------------------------------
Total Data Sent:            407.77 KB
Total Data Received:        404.06 KB
Total Network I/O:          811.84 KB
Avg Network Rate:           0.15 MB/s

Node Breakdown:
  • Worker-Node (192.168.8.130:9900): Sent: 407.85 KB, Received: 406.99 KB

[6] HARDWARE & MEMORY FOOTPRINT (PER NODE)
--------------------------------------------------------------------------------
Local Device:               cuda
GPU VRAM Before:            165.12 MB
GPU VRAM After:             190.65 MB
GPU VRAM Delta:             25.53 MB
KV Cache Total (est):       652.50 KB

Node Memory Breakdown (Layer Weights + Active KV Cache):
  • Local: vithurshan-HP-250-G8-Notebook-PC + NVIDIA GeForce RTX 3060 Laptop GPU:
    - Assigned:      layers 10-29, layers 0-9(attn only), embedding, lm_head + norm
    - Layer Memory:  183.99 MB
    - Active KV:     630.00 KB
    - Total Footprint: 190.65 MB (VRAM)
  • Worker-Node (192.168.8.130:9900):
    - Assigned:      ffn 0-9
    - Layer Memory:  254.88 MB
    - Active KV:     0.00 B
    - Total Footprint: 0.00 B (Process RAM)
================================================================================

================================================================================
INFERENCE AUDIT REPORT — 2026-08-29 09:35:54
================================================================================

[1] MODEL INFORMATION
--------------------------------------------------------------------------------
Model ID / Name:     HuggingFaceTB/SmolLM2-135M
Architecture:        Dense Transformer
Quantization Mode:   8-bit Quantization (BitsAndBytes)
Precision Base:      torch.float16
Total Parameters:    134,515,008 (134.52 M)
Total Memory in RAM: 155.32 MB
Dimensions:          Layers: 30, Hidden Size: 576, KV Heads: 3, Head Dim: 64

[2] TOPOLOGY & COMPONENT DISTRIBUTION
--------------------------------------------------------------------------------
  • Worker-Node (192.168.8.130:9900):
    Allocated: ffn 0-9
  • Local: vithurshan-HP-250-G8-Notebook-PC + NVIDIA GeForce RTX 3060 Laptop GPU:
    Allocated: layers 10-29, layers 0-9(attn only), embedding, lm_head + norm

[3] GENERATION METADATA
--------------------------------------------------------------------------------
Temperature:         0.0
Prompt Tokens:       8 tokens
Generated Tokens:    80 tokens
Total Sequence:      88 tokens

[4] LATENCY & THROUGHPUT METRICS
--------------------------------------------------------------------------------
Time to First Token (TTFT): 726.9ms (Prefill: 11.0 tok/s)
Decode Time:                18.817s (Decode: 4.2 tok/s)
Total End-to-End Latency:   19.544s
Per-token Latency (Avg):    238.2ms
Per-token Latency (Min):    178.7ms
Per-token Latency (Max):    966.0ms
Per-token Latency (P50):    223.7ms
Per-token Latency (P90):    258.8ms
Per-token Latency (P99):    966.0ms

[5] NETWORK PAYLOAD & DATA TRANSFER
--------------------------------------------------------------------------------
Total Data Sent:            1.32 MB
Total Data Received:        1.30 MB
Total Network I/O:          2.62 MB
Avg Network Rate:           0.13 MB/s

Node Breakdown:
  • Worker-Node (192.168.8.130:9900): Sent: 1.32 MB, Received: 1.31 MB

[6] HARDWARE & MEMORY FOOTPRINT (PER NODE)
--------------------------------------------------------------------------------
Local Device:               cuda
GPU VRAM Before:            165.11 MB
GPU VRAM After:             303.77 MB
GPU VRAM Delta:             138.66 MB
KV Cache Total (est):       1.93 MB

Node Memory Breakdown (Layer Weights + Active KV Cache):
  • Local: vithurshan-HP-250-G8-Notebook-PC + NVIDIA GeForce RTX 3060 Laptop GPU:
    - Assigned:      layers 10-29, layers 0-9(attn only), embedding, lm_head + norm
    - Layer Memory:  183.99 MB
    - Active KV:     1.91 MB
    - Total Footprint: 303.77 MB (VRAM)
  • Worker-Node (192.168.8.130:9900):
    - Assigned:      ffn 0-9
    - Layer Memory:  254.88 MB
    - Active KV:     0.00 B
    - Total Footprint: 0.00 B (Process RAM)
================================================================================

================================================================================
INFERENCE AUDIT REPORT — 2026-08-29 09:36:16
================================================================================

[1] MODEL INFORMATION
--------------------------------------------------------------------------------
Model ID / Name:     HuggingFaceTB/SmolLM2-135M
Architecture:        Dense Transformer
Quantization Mode:   8-bit Quantization (BitsAndBytes)
Precision Base:      torch.float16
Total Parameters:    134,515,008 (134.52 M)
Total Memory in RAM: 155.32 MB
Dimensions:          Layers: 30, Hidden Size: 576, KV Heads: 3, Head Dim: 64

[2] TOPOLOGY & COMPONENT DISTRIBUTION
--------------------------------------------------------------------------------
  • Worker-Node (192.168.8.130:9900):
    Allocated: ffn 0-9
  • Local: vithurshan-HP-250-G8-Notebook-PC + NVIDIA GeForce RTX 3060 Laptop GPU:
    Allocated: layers 10-29, layers 0-9(attn only), embedding, lm_head + norm

[3] GENERATION METADATA
--------------------------------------------------------------------------------
Temperature:         0.0
Prompt Tokens:       38 tokens
Generated Tokens:    80 tokens
Total Sequence:      118 tokens

[4] LATENCY & THROUGHPUT METRICS
--------------------------------------------------------------------------------
Time to First Token (TTFT): 1.213s (Prefill: 31.3 tok/s)
Decode Time:                19.474s (Decode: 4.1 tok/s)
Total End-to-End Latency:   20.687s
Per-token Latency (Avg):    246.5ms
Per-token Latency (Min):    197.9ms
Per-token Latency (Max):    1.115s
Per-token Latency (P50):    230.5ms
Per-token Latency (P90):    267.9ms
Per-token Latency (P99):    1.115s

[5] NETWORK PAYLOAD & DATA TRANSFER
--------------------------------------------------------------------------------
Total Data Sent:            1.65 MB
Total Data Received:        1.63 MB
Total Network I/O:          3.28 MB
Avg Network Rate:           0.16 MB/s

Node Breakdown:
  • Worker-Node (192.168.8.130:9900): Sent: 1.65 MB, Received: 1.64 MB

[6] HARDWARE & MEMORY FOOTPRINT (PER NODE)
--------------------------------------------------------------------------------
Local Device:               cuda
GPU VRAM Before:            165.12 MB
GPU VRAM After:             369.99 MB
GPU VRAM Delta:             204.88 MB
KV Cache Total (est):       2.59 MB

Node Memory Breakdown (Layer Weights + Active KV Cache):
  • Local: vithurshan-HP-250-G8-Notebook-PC + NVIDIA GeForce RTX 3060 Laptop GPU:
    - Assigned:      layers 10-29, layers 0-9(attn only), embedding, lm_head + norm
    - Layer Memory:  183.99 MB
    - Active KV:     2.57 MB
    - Total Footprint: 369.99 MB (VRAM)
  • Worker-Node (192.168.8.130:9900):
    - Assigned:      ffn 0-9
    - Layer Memory:  254.88 MB
    - Active KV:     0.00 B
    - Total Footprint: 0.00 B (Process RAM)
================================================================================

================================================================================
INFERENCE AUDIT REPORT — 2026-08-29 09:36:25
================================================================================

[1] MODEL INFORMATION
--------------------------------------------------------------------------------
Model ID / Name:     HuggingFaceTB/SmolLM2-135M
Architecture:        Dense Transformer
Quantization Mode:   8-bit Quantization (BitsAndBytes)
Precision Base:      torch.float16
Total Parameters:    134,515,008 (134.52 M)
Total Memory in RAM: 155.32 MB
Dimensions:          Layers: 30, Hidden Size: 576, KV Heads: 3, Head Dim: 64

[2] TOPOLOGY & COMPONENT DISTRIBUTION
--------------------------------------------------------------------------------
  • Worker-Node (192.168.8.130:9900):
    Allocated: ffn 0-9
  • Local: vithurshan-HP-250-G8-Notebook-PC + NVIDIA GeForce RTX 3060 Laptop GPU:
    Allocated: layers 10-29, layers 0-9(attn only), embedding, lm_head + norm

[3] GENERATION METADATA
--------------------------------------------------------------------------------
Temperature:         0.0
Prompt Tokens:       83 tokens
Generated Tokens:    25 tokens
Total Sequence:      108 tokens

[4] LATENCY & THROUGHPUT METRICS
--------------------------------------------------------------------------------
Time to First Token (TTFT): 2.141s (Prefill: 38.8 tok/s)
Decode Time:                6.082s (Decode: 3.9 tok/s)
Total End-to-End Latency:   8.223s
Per-token Latency (Avg):    253.4ms
Per-token Latency (Min):    224.7ms
Per-token Latency (Max):    283.9ms
Per-token Latency (P50):    253.2ms
Per-token Latency (P90):    279.4ms
Per-token Latency (P99):    283.9ms

[5] NETWORK PAYLOAD & DATA TRANSFER
--------------------------------------------------------------------------------
Total Data Sent:            1.29 MB
Total Data Received:        1.28 MB
Total Network I/O:          2.57 MB
Avg Network Rate:           0.31 MB/s

Node Breakdown:
  • Worker-Node (192.168.8.130:9900): Sent: 1.29 MB, Received: 1.29 MB

[6] HARDWARE & MEMORY FOOTPRINT (PER NODE)
--------------------------------------------------------------------------------
Local Device:               cuda
GPU VRAM Before:            165.10 MB
GPU VRAM After:             273.97 MB
GPU VRAM Delta:             108.86 MB
KV Cache Total (est):       2.37 MB

Node Memory Breakdown (Layer Weights + Active KV Cache):
  • Local: vithurshan-HP-250-G8-Notebook-PC + NVIDIA GeForce RTX 3060 Laptop GPU:
    - Assigned:      layers 10-29, layers 0-9(attn only), embedding, lm_head + norm
    - Layer Memory:  183.99 MB
    - Active KV:     2.35 MB
    - Total Footprint: 273.97 MB (VRAM)
  • Worker-Node (192.168.8.130:9900):
    - Assigned:      ffn 0-9
    - Layer Memory:  254.88 MB
    - Active KV:     0.00 B
    - Total Footprint: 0.00 B (Process RAM)
================================================================================

================================================================================
INFERENCE AUDIT REPORT — 2026-08-29 09:36:57
================================================================================

[1] MODEL INFORMATION
--------------------------------------------------------------------------------
Model ID / Name:     HuggingFaceTB/SmolLM2-135M
Architecture:        Dense Transformer
Quantization Mode:   8-bit Quantization (BitsAndBytes)
Precision Base:      torch.float16
Total Parameters:    134,515,008 (134.52 M)
Total Memory in RAM: 155.32 MB
Dimensions:          Layers: 30, Hidden Size: 576, KV Heads: 3, Head Dim: 64

[2] TOPOLOGY & COMPONENT DISTRIBUTION
--------------------------------------------------------------------------------
  • Worker-Node (192.168.8.130:9900):
    Allocated: ffn 0-9
  • Local: vithurshan-HP-250-G8-Notebook-PC + NVIDIA GeForce RTX 3060 Laptop GPU:
    Allocated: layers 10-29, layers 0-9(attn only), embedding, lm_head + norm

[3] GENERATION METADATA
--------------------------------------------------------------------------------
Temperature:         0.0
Prompt Tokens:       84 tokens
Generated Tokens:    120 tokens
Total Sequence:      204 tokens

[4] LATENCY & THROUGHPUT METRICS
--------------------------------------------------------------------------------
Time to First Token (TTFT): 1.986s (Prefill: 42.3 tok/s)
Decode Time:                28.730s (Decode: 4.1 tok/s)
Total End-to-End Latency:   30.716s
Per-token Latency (Avg):    241.4ms
Per-token Latency (Min):    188.4ms
Per-token Latency (Max):    859.3ms
Per-token Latency (P50):    226.2ms
Per-token Latency (P90):    270.2ms
Per-token Latency (P99):    577.7ms

[5] NETWORK PAYLOAD & DATA TRANSFER
--------------------------------------------------------------------------------
Total Data Sent:            2.77 MB
Total Data Received:        2.75 MB
Total Network I/O:          5.53 MB
Avg Network Rate:           0.18 MB/s

Node Breakdown:
  • Worker-Node (192.168.8.130:9900): Sent: 2.77 MB, Received: 2.76 MB

[6] HARDWARE & MEMORY FOOTPRINT (PER NODE)
--------------------------------------------------------------------------------
Local Device:               cuda
GPU VRAM Before:            165.10 MB
GPU VRAM After:             654.71 MB
GPU VRAM Delta:             489.61 MB
KV Cache Total (est):       4.48 MB

Node Memory Breakdown (Layer Weights + Active KV Cache):
  • Local: vithurshan-HP-250-G8-Notebook-PC + NVIDIA GeForce RTX 3060 Laptop GPU:
    - Assigned:      layers 10-29, layers 0-9(attn only), embedding, lm_head + norm
    - Layer Memory:  183.99 MB
    - Active KV:     4.46 MB
    - Total Footprint: 654.71 MB (VRAM)
  • Worker-Node (192.168.8.130:9900):
    - Assigned:      ffn 0-9
    - Layer Memory:  254.88 MB
    - Active KV:     0.00 B
    - Total Footprint: 0.00 B (Process RAM)
================================================================================

================================================================================
INFERENCE AUDIT REPORT — 2026-08-29 09:38:40
================================================================================

[1] MODEL INFORMATION
--------------------------------------------------------------------------------
Model ID / Name:     Qwen/Qwen2.5-3B
Architecture:        Dense Transformer
Quantization Mode:   4-bit NF4 Quantization (BitsAndBytes)
Precision Base:      torch.bfloat16
Total Parameters:    1,698,672,640 (1.70 B)
Total Memory in RAM: 1.87 GB
Dimensions:          Layers: 36, Hidden Size: 2048, KV Heads: 2, Head Dim: 128

[2] TOPOLOGY & COMPONENT DISTRIBUTION
--------------------------------------------------------------------------------
  • Worker-Node (192.168.8.130:9900):
    Allocated: layers 0-26
  • Local: vithurshan-HP-250-G8-Notebook-PC + NVIDIA GeForce RTX 3060 Laptop GPU:
    Allocated: layers 27-35, embedding, lm_head + norm

[3] GENERATION METADATA
--------------------------------------------------------------------------------
Temperature:         0.0
Prompt Tokens:       10 tokens
Generated Tokens:    20 tokens
Total Sequence:      30 tokens

[4] LATENCY & THROUGHPUT METRICS
--------------------------------------------------------------------------------
Time to First Token (TTFT): 7.472s (Prefill: 1.3 tok/s)
Decode Time:                61.830s (Decode: 0.3 tok/s)
Total End-to-End Latency:   69.302s
Per-token Latency (Avg):    3.254s
Per-token Latency (Min):    2.906s
Per-token Latency (Max):    5.040s
Per-token Latency (P50):    3.039s
Per-token Latency (P90):    3.962s
Per-token Latency (P99):    5.040s

[5] NETWORK PAYLOAD & DATA TRANSFER
--------------------------------------------------------------------------------
Total Data Sent:            4.15 MB
Total Data Received:        4.43 MB
Total Network I/O:          8.58 MB
Avg Network Rate:           0.12 MB/s

Node Breakdown:
  • Worker-Node (192.168.8.130:9900): Sent: 4.16 MB, Received: 4.43 MB

[6] HARDWARE & MEMORY FOOTPRINT (PER NODE)
--------------------------------------------------------------------------------
Local Device:               cuda
GPU VRAM Before:            2.05 GB
GPU VRAM After:             2.08 GB
GPU VRAM Delta:             25.86 MB
KV Cache Total (est):       1.05 MB

Node Memory Breakdown (Layer Weights + Active KV Cache):
  • Local: vithurshan-HP-250-G8-Notebook-PC + NVIDIA GeForce RTX 3060 Laptop GPU:
    - Assigned:      layers 27-35, embedding, lm_head + norm
    - Layer Memory:  1.48 GB
    - Active KV:     261.00 KB
    - Total Footprint: 2.08 GB (VRAM)
  • Worker-Node (192.168.8.130:9900):
    - Assigned:      layers 0-26
    - Layer Memory:  3.21 GB
    - Active KV:     810.00 KB
    - Total Footprint: 0.00 B (Process RAM)
================================================================================

================================================================================
INFERENCE AUDIT REPORT — 2026-08-29 09:43:05
================================================================================

[1] MODEL INFORMATION
--------------------------------------------------------------------------------
Model ID / Name:     Qwen/Qwen2.5-3B
Architecture:        Dense Transformer
Quantization Mode:   4-bit NF4 Quantization (BitsAndBytes)
Precision Base:      torch.bfloat16
Total Parameters:    1,698,672,640 (1.70 B)
Total Memory in RAM: 1.87 GB
Dimensions:          Layers: 36, Hidden Size: 2048, KV Heads: 2, Head Dim: 128

[2] TOPOLOGY & COMPONENT DISTRIBUTION
--------------------------------------------------------------------------------
  • Worker-Node (192.168.8.130:9900):
    Allocated: layers 0-26
  • Local: vithurshan-HP-250-G8-Notebook-PC + NVIDIA GeForce RTX 3060 Laptop GPU:
    Allocated: layers 27-35, embedding, lm_head + norm

[3] GENERATION METADATA
--------------------------------------------------------------------------------
Temperature:         0.0
Prompt Tokens:       8 tokens
Generated Tokens:    80 tokens
Total Sequence:      88 tokens

[4] LATENCY & THROUGHPUT METRICS
--------------------------------------------------------------------------------
Time to First Token (TTFT): 6.161s (Prefill: 1.3 tok/s)
Decode Time:                258.150s (Decode: 0.3 tok/s)
Total End-to-End Latency:   264.311s
Per-token Latency (Avg):    3.268s
Per-token Latency (Min):    2.955s
Per-token Latency (Max):    5.237s
Per-token Latency (P50):    3.122s
Per-token Latency (P90):    3.720s
Per-token Latency (P99):    5.237s

[5] NETWORK PAYLOAD & DATA TRANSFER
--------------------------------------------------------------------------------
Total Data Sent:            13.17 MB
Total Data Received:        13.51 MB
Total Network I/O:          26.68 MB
Avg Network Rate:           0.10 MB/s

Node Breakdown:
  • Worker-Node (192.168.8.130:9900): Sent: 13.17 MB, Received: 13.51 MB

[6] HARDWARE & MEMORY FOOTPRINT (PER NODE)
--------------------------------------------------------------------------------
Local Device:               cuda
GPU VRAM Before:            2.05 GB
GPU VRAM After:             2.15 GB
GPU VRAM Delta:             97.74 MB
KV Cache Total (est):       3.09 MB

Node Memory Breakdown (Layer Weights + Active KV Cache):
  • Local: vithurshan-HP-250-G8-Notebook-PC + NVIDIA GeForce RTX 3060 Laptop GPU:
    - Assigned:      layers 27-35, embedding, lm_head + norm
    - Layer Memory:  1.48 GB
    - Active KV:     783.00 KB
    - Total Footprint: 2.15 GB (VRAM)
  • Worker-Node (192.168.8.130:9900):
    - Assigned:      layers 0-26
    - Layer Memory:  3.21 GB
    - Active KV:     2.32 MB
    - Total Footprint: 0.00 B (Process RAM)
================================================================================

================================================================================
INFERENCE AUDIT REPORT — 2026-08-29 09:47:23
================================================================================

[1] MODEL INFORMATION
--------------------------------------------------------------------------------
Model ID / Name:     Qwen/Qwen2.5-3B
Architecture:        Dense Transformer
Quantization Mode:   4-bit NF4 Quantization (BitsAndBytes)
Precision Base:      torch.bfloat16
Total Parameters:    1,698,672,640 (1.70 B)
Total Memory in RAM: 1.87 GB
Dimensions:          Layers: 36, Hidden Size: 2048, KV Heads: 2, Head Dim: 128

[2] TOPOLOGY & COMPONENT DISTRIBUTION
--------------------------------------------------------------------------------
  • Worker-Node (192.168.8.130:9900):
    Allocated: layers 0-26
  • Local: vithurshan-HP-250-G8-Notebook-PC + NVIDIA GeForce RTX 3060 Laptop GPU:
    Allocated: layers 27-35, embedding, lm_head + norm

[3] GENERATION METADATA
--------------------------------------------------------------------------------
Temperature:         0.0
Prompt Tokens:       39 tokens
Generated Tokens:    80 tokens
Total Sequence:      119 tokens

[4] LATENCY & THROUGHPUT METRICS
--------------------------------------------------------------------------------
Time to First Token (TTFT): 11.865s (Prefill: 3.3 tok/s)
Decode Time:                244.555s (Decode: 0.3 tok/s)
Total End-to-End Latency:   256.420s
Per-token Latency (Avg):    3.096s
Per-token Latency (Min):    2.926s
Per-token Latency (Max):    3.815s
Per-token Latency (P50):    3.072s
Per-token Latency (P90):    3.197s
Per-token Latency (P99):    3.815s

[5] NETWORK PAYLOAD & DATA TRANSFER
--------------------------------------------------------------------------------
Total Data Sent:            16.86 MB
Total Data Received:        17.99 MB
Total Network I/O:          34.85 MB
Avg Network Rate:           0.14 MB/s

Node Breakdown:
  • Worker-Node (192.168.8.130:9900): Sent: 16.86 MB, Received: 17.99 MB

[6] HARDWARE & MEMORY FOOTPRINT (PER NODE)
--------------------------------------------------------------------------------
Local Device:               cuda
GPU VRAM Before:            2.05 GB
GPU VRAM After:             2.19 GB
GPU VRAM Delta:             140.67 MB
KV Cache Total (est):       4.18 MB

Node Memory Breakdown (Layer Weights + Active KV Cache):
  • Local: vithurshan-HP-250-G8-Notebook-PC + NVIDIA GeForce RTX 3060 Laptop GPU:
    - Assigned:      layers 27-35, embedding, lm_head + norm
    - Layer Memory:  1.48 GB
    - Active KV:     1.04 MB
    - Total Footprint: 2.19 GB (VRAM)
  • Worker-Node (192.168.8.130:9900):
    - Assigned:      layers 0-26
    - Layer Memory:  3.21 GB
    - Active KV:     3.14 MB
    - Total Footprint: 0.00 B (Process RAM)
================================================================================

================================================================================
INFERENCE AUDIT REPORT — 2026-08-29 09:48:59
================================================================================

[1] MODEL INFORMATION
--------------------------------------------------------------------------------
Model ID / Name:     Qwen/Qwen2.5-3B
Architecture:        Dense Transformer
Quantization Mode:   4-bit NF4 Quantization (BitsAndBytes)
Precision Base:      torch.bfloat16
Total Parameters:    1,698,672,640 (1.70 B)
Total Memory in RAM: 1.87 GB
Dimensions:          Layers: 36, Hidden Size: 2048, KV Heads: 2, Head Dim: 128

[2] TOPOLOGY & COMPONENT DISTRIBUTION
--------------------------------------------------------------------------------
  • Worker-Node (192.168.8.130:9900):
    Allocated: layers 0-26
  • Local: vithurshan-HP-250-G8-Notebook-PC + NVIDIA GeForce RTX 3060 Laptop GPU:
    Allocated: layers 27-35, embedding, lm_head + norm

[3] GENERATION METADATA
--------------------------------------------------------------------------------
Temperature:         0.0
Prompt Tokens:       85 tokens
Generated Tokens:    25 tokens
Total Sequence:      110 tokens

[4] LATENCY & THROUGHPUT METRICS
--------------------------------------------------------------------------------
Time to First Token (TTFT): 21.795s (Prefill: 3.9 tok/s)
Decode Time:                74.004s (Decode: 0.3 tok/s)
Total End-to-End Latency:   95.798s
Per-token Latency (Avg):    3.083s
Per-token Latency (Min):    2.936s
Per-token Latency (Max):    3.283s
Per-token Latency (P50):    3.092s
Per-token Latency (P90):    3.195s
Per-token Latency (P99):    3.283s

[5] NETWORK PAYLOAD & DATA TRANSFER
--------------------------------------------------------------------------------
Total Data Sent:            13.84 MB
Total Data Received:        16.05 MB
Total Network I/O:          29.89 MB
Avg Network Rate:           0.31 MB/s

Node Breakdown:
  • Worker-Node (192.168.8.130:9900): Sent: 13.84 MB, Received: 16.05 MB

[6] HARDWARE & MEMORY FOOTPRINT (PER NODE)
--------------------------------------------------------------------------------
Local Device:               cuda
GPU VRAM Before:            2.05 GB
GPU VRAM After:             2.15 GB
GPU VRAM Delta:             103.42 MB
KV Cache Total (est):       3.87 MB

Node Memory Breakdown (Layer Weights + Active KV Cache):
  • Local: vithurshan-HP-250-G8-Notebook-PC + NVIDIA GeForce RTX 3060 Laptop GPU:
    - Assigned:      layers 27-35, embedding, lm_head + norm
    - Layer Memory:  1.48 GB
    - Active KV:     981.00 KB
    - Total Footprint: 2.15 GB (VRAM)
  • Worker-Node (192.168.8.130:9900):
    - Assigned:      layers 0-26
    - Layer Memory:  3.21 GB
    - Active KV:     2.90 MB
    - Total Footprint: 0.00 B (Process RAM)
================================================================================

================================================================================
INFERENCE AUDIT REPORT — 2026-08-29 09:56:02
================================================================================

[1] MODEL INFORMATION
--------------------------------------------------------------------------------
Model ID / Name:     Qwen/Qwen2.5-3B
Architecture:        Dense Transformer
Quantization Mode:   4-bit NF4 Quantization (BitsAndBytes)
Precision Base:      torch.bfloat16
Total Parameters:    1,698,672,640 (1.70 B)
Total Memory in RAM: 1.87 GB
Dimensions:          Layers: 36, Hidden Size: 2048, KV Heads: 2, Head Dim: 128

[2] TOPOLOGY & COMPONENT DISTRIBUTION
--------------------------------------------------------------------------------
  • Worker-Node (192.168.8.130:9900):
    Allocated: layers 0-26
  • Local: vithurshan-HP-250-G8-Notebook-PC + NVIDIA GeForce RTX 3060 Laptop GPU:
    Allocated: layers 27-35, embedding, lm_head + norm

[3] GENERATION METADATA
--------------------------------------------------------------------------------
Temperature:         0.0
Prompt Tokens:       85 tokens
Generated Tokens:    120 tokens
Total Sequence:      205 tokens

[4] LATENCY & THROUGHPUT METRICS
--------------------------------------------------------------------------------
Time to First Token (TTFT): 23.960s (Prefill: 3.5 tok/s)
Decode Time:                397.590s (Decode: 0.3 tok/s)
Total End-to-End Latency:   421.550s
Per-token Latency (Avg):    3.341s
Per-token Latency (Min):    2.938s
Per-token Latency (Max):    5.749s
Per-token Latency (P50):    3.068s
Per-token Latency (P90):    4.312s
Per-token Latency (P99):    5.670s

[5] NETWORK PAYLOAD & DATA TRANSFER
--------------------------------------------------------------------------------
Total Data Sent:            28.50 MB
Total Data Received:        30.89 MB
Total Network I/O:          59.39 MB
Avg Network Rate:           0.14 MB/s

Node Breakdown:
  • Worker-Node (192.168.8.130:9900): Sent: 28.50 MB, Received: 30.89 MB

[6] HARDWARE & MEMORY FOOTPRINT (PER NODE)
--------------------------------------------------------------------------------
Local Device:               cuda
GPU VRAM Before:            2.05 GB
GPU VRAM After:             2.34 GB
GPU VRAM Delta:             294.34 MB
KV Cache Total (est):       7.21 MB

Node Memory Breakdown (Layer Weights + Active KV Cache):
  • Local: vithurshan-HP-250-G8-Notebook-PC + NVIDIA GeForce RTX 3060 Laptop GPU:
    - Assigned:      layers 27-35, embedding, lm_head + norm
    - Layer Memory:  1.48 GB
    - Active KV:     1.79 MB
    - Total Footprint: 2.34 GB (VRAM)
  • Worker-Node (192.168.8.130:9900):
    - Assigned:      layers 0-26
    - Layer Memory:  3.21 GB
    - Active KV:     5.41 MB
    - Total Footprint: 0.00 B (Process RAM)
================================================================================

================================================================================
INFERENCE AUDIT REPORT — 2026-08-29 09:57:29
================================================================================

[1] MODEL INFORMATION
--------------------------------------------------------------------------------
Model ID / Name:     Qwen/Qwen2.5-3B
Architecture:        Dense Transformer
Quantization Mode:   4-bit NF4 Quantization (BitsAndBytes)
Precision Base:      torch.bfloat16
Total Parameters:    1,698,672,640 (1.70 B)
Total Memory in RAM: 1.87 GB
Dimensions:          Layers: 36, Hidden Size: 2048, KV Heads: 2, Head Dim: 128

[2] TOPOLOGY & COMPONENT DISTRIBUTION
--------------------------------------------------------------------------------
  • Worker-Node (192.168.8.130:9900):
    Allocated: layers 0-35
  • Local: vithurshan-HP-250-G8-Notebook-PC + NVIDIA GeForce RTX 3060 Laptop GPU:
    Allocated: embedding, lm_head + norm

[3] GENERATION METADATA
--------------------------------------------------------------------------------
Temperature:         0.0
Prompt Tokens:       10 tokens
Generated Tokens:    20 tokens
Total Sequence:      30 tokens

[4] LATENCY & THROUGHPUT METRICS
--------------------------------------------------------------------------------
Time to First Token (TTFT): 8.307s (Prefill: 1.2 tok/s)
Decode Time:                78.505s (Decode: 0.2 tok/s)
Total End-to-End Latency:   86.812s
Per-token Latency (Avg):    4.132s
Per-token Latency (Min):    3.714s
Per-token Latency (Max):    6.083s
Per-token Latency (P50):    3.804s
Per-token Latency (P90):    5.085s
Per-token Latency (P99):    6.083s

[5] NETWORK PAYLOAD & DATA TRANSFER
--------------------------------------------------------------------------------
Total Data Sent:            5.54 MB
Total Data Received:        5.52 MB
Total Network I/O:          11.06 MB
Avg Network Rate:           0.13 MB/s

Node Breakdown:
  • Worker-Node (192.168.8.130:9900): Sent: 5.54 MB, Received: 5.53 MB

[6] HARDWARE & MEMORY FOOTPRINT (PER NODE)
--------------------------------------------------------------------------------
Local Device:               cuda
GPU VRAM Before:            2.05 GB
GPU VRAM After:             2.05 GB
GPU VRAM Delta:             306.50 KB
KV Cache Total (est):       1.05 MB

Node Memory Breakdown (Layer Weights + Active KV Cache):
  • Local: vithurshan-HP-250-G8-Notebook-PC + NVIDIA GeForce RTX 3060 Laptop GPU:
    - Assigned:      embedding, lm_head + norm
    - Layer Memory:  1.16 GB
    - Active KV:     0.00 B
    - Total Footprint: 2.05 GB (VRAM)
  • Worker-Node (192.168.8.130:9900):
    - Assigned:      layers 0-35
    - Layer Memory:  3.21 GB
    - Active KV:     1.05 MB
    - Total Footprint: 0.00 B (Process RAM)
================================================================================

================================================================================
INFERENCE AUDIT REPORT — 2026-08-29 10:02:51
================================================================================

[1] MODEL INFORMATION
--------------------------------------------------------------------------------
Model ID / Name:     Qwen/Qwen2.5-3B
Architecture:        Dense Transformer
Quantization Mode:   4-bit NF4 Quantization (BitsAndBytes)
Precision Base:      torch.bfloat16
Total Parameters:    1,698,672,640 (1.70 B)
Total Memory in RAM: 1.87 GB
Dimensions:          Layers: 36, Hidden Size: 2048, KV Heads: 2, Head Dim: 128

[2] TOPOLOGY & COMPONENT DISTRIBUTION
--------------------------------------------------------------------------------
  • Worker-Node (192.168.8.130:9900):
    Allocated: layers 0-35
  • Local: vithurshan-HP-250-G8-Notebook-PC + NVIDIA GeForce RTX 3060 Laptop GPU:
    Allocated: embedding, lm_head + norm

[3] GENERATION METADATA
--------------------------------------------------------------------------------
Temperature:         0.0
Prompt Tokens:       8 tokens
Generated Tokens:    80 tokens
Total Sequence:      88 tokens

[4] LATENCY & THROUGHPUT METRICS
--------------------------------------------------------------------------------
Time to First Token (TTFT): 6.407s (Prefill: 1.2 tok/s)
Decode Time:                314.025s (Decode: 0.3 tok/s)
Total End-to-End Latency:   320.432s
Per-token Latency (Avg):    3.975s
Per-token Latency (Min):    3.716s
Per-token Latency (Max):    5.882s
Per-token Latency (P50):    3.830s
Per-token Latency (P90):    4.268s
Per-token Latency (P99):    5.882s

[5] NETWORK PAYLOAD & DATA TRANSFER
--------------------------------------------------------------------------------
Total Data Sent:            17.56 MB
Total Data Received:        16.88 MB
Total Network I/O:          34.45 MB
Avg Network Rate:           0.11 MB/s

Node Breakdown:
  • Worker-Node (192.168.8.130:9900): Sent: 17.56 MB, Received: 16.89 MB

[6] HARDWARE & MEMORY FOOTPRINT (PER NODE)
--------------------------------------------------------------------------------
Local Device:               cuda
GPU VRAM Before:            2.05 GB
GPU VRAM After:             2.05 GB
GPU VRAM Delta:             306.50 KB
KV Cache Total (est):       3.09 MB

Node Memory Breakdown (Layer Weights + Active KV Cache):
  • Local: vithurshan-HP-250-G8-Notebook-PC + NVIDIA GeForce RTX 3060 Laptop GPU:
    - Assigned:      embedding, lm_head + norm
    - Layer Memory:  1.16 GB
    - Active KV:     0.00 B
    - Total Footprint: 2.05 GB (VRAM)
  • Worker-Node (192.168.8.130:9900):
    - Assigned:      layers 0-35
    - Layer Memory:  3.21 GB
    - Active KV:     3.09 MB
    - Total Footprint: 0.00 B (Process RAM)
================================================================================

================================================================================
INFERENCE AUDIT REPORT — 2026-08-29 10:08:16
================================================================================

[1] MODEL INFORMATION
--------------------------------------------------------------------------------
Model ID / Name:     Qwen/Qwen2.5-3B
Architecture:        Dense Transformer
Quantization Mode:   4-bit NF4 Quantization (BitsAndBytes)
Precision Base:      torch.bfloat16
Total Parameters:    1,698,672,640 (1.70 B)
Total Memory in RAM: 1.87 GB
Dimensions:          Layers: 36, Hidden Size: 2048, KV Heads: 2, Head Dim: 128

[2] TOPOLOGY & COMPONENT DISTRIBUTION
--------------------------------------------------------------------------------
  • Worker-Node (192.168.8.130:9900):
    Allocated: ffn 10-19
  • Local: vithurshan-HP-250-G8-Notebook-PC + NVIDIA GeForce RTX 3060 Laptop GPU:
    Allocated: layers 0-9, layers 20-35, layers 10-19(attn only), embedding, lm_head + norm

[3] GENERATION METADATA
--------------------------------------------------------------------------------
Temperature:         0.0
Prompt Tokens:       8 tokens
Generated Tokens:    10 tokens
Total Sequence:      18 tokens

[4] LATENCY & THROUGHPUT METRICS
--------------------------------------------------------------------------------
Time to First Token (TTFT): 2.310s (Prefill: 3.5 tok/s)
Decode Time:                11.421s (Decode: 0.8 tok/s)
Total End-to-End Latency:   13.731s
Per-token Latency (Avg):    1.269s
Per-token Latency (Min):    1.221s
Per-token Latency (Max):    1.299s
Per-token Latency (P50):    1.271s
Per-token Latency (P90):    1.299s
Per-token Latency (P99):    1.299s

[5] NETWORK PAYLOAD & DATA TRANSFER
--------------------------------------------------------------------------------
Total Data Sent:            726.48 KB
Total Data Received:        724.53 KB
Total Network I/O:          1.42 MB
Avg Network Rate:           0.10 MB/s

Node Breakdown:
  • Worker-Node (192.168.8.130:9900): Sent: 726.56 KB, Received: 727.21 KB

[6] HARDWARE & MEMORY FOOTPRINT (PER NODE)
--------------------------------------------------------------------------------
Local Device:               cuda
GPU VRAM Before:            2.05 GB
GPU VRAM After:             2.10 GB
GPU VRAM Delta:             57.20 MB
KV Cache Total (est):       648.00 KB

Node Memory Breakdown (Layer Weights + Active KV Cache):
  • Local: vithurshan-HP-250-G8-Notebook-PC + NVIDIA GeForce RTX 3060 Laptop GPU:
    - Assigned:      layers 0-9, layers 20-35, layers 10-19(attn only), embedding, lm_head + norm
    - Layer Memory:  2.14 GB
    - Active KV:     612.00 KB
    - Total Footprint: 2.10 GB (VRAM)
  • Worker-Node (192.168.8.130:9900):
    - Assigned:      ffn 10-19
    - Layer Memory:  3.21 GB
    - Active KV:     0.00 B
    - Total Footprint: 0.00 B (Process RAM)
================================================================================

================================================================================
INFERENCE AUDIT REPORT — 2026-08-29 10:11:38
================================================================================

[1] MODEL INFORMATION
--------------------------------------------------------------------------------
Model ID / Name:     Qwen/Qwen2.5-3B
Architecture:        Dense Transformer
Quantization Mode:   4-bit NF4 Quantization (BitsAndBytes)
Precision Base:      torch.bfloat16
Total Parameters:    1,698,672,640 (1.70 B)
Total Memory in RAM: 1.87 GB
Dimensions:          Layers: 36, Hidden Size: 2048, KV Heads: 2, Head Dim: 128

[2] TOPOLOGY & COMPONENT DISTRIBUTION
--------------------------------------------------------------------------------
  • Worker-Node (192.168.8.130:9900):
    Allocated: layers 6-13, layers 20-27
  • Local: vithurshan-HP-250-G8-Notebook-PC + NVIDIA GeForce RTX 3060 Laptop GPU:
    Allocated: layers 0-5, layers 14-19, layers 28-35, embedding, lm_head + norm

[3] GENERATION METADATA
--------------------------------------------------------------------------------
Temperature:         0.0
Prompt Tokens:       5 tokens
Generated Tokens:    10 tokens
Total Sequence:      15 tokens

[4] LATENCY & THROUGHPUT METRICS
--------------------------------------------------------------------------------
Time to First Token (TTFT): 2.443s (Prefill: 2.0 tok/s)
Decode Time:                15.145s (Decode: 0.6 tok/s)
Total End-to-End Latency:   17.588s
Per-token Latency (Avg):    1.683s
Per-token Latency (Min):    1.413s
Per-token Latency (Max):    2.487s
Per-token Latency (P50):    1.495s
Per-token Latency (P90):    2.487s
Per-token Latency (P99):    2.487s

[5] NETWORK PAYLOAD & DATA TRANSFER
--------------------------------------------------------------------------------
Total Data Sent:            1.20 MB
Total Data Received:        1.16 MB
Total Network I/O:          2.36 MB
Avg Network Rate:           0.13 MB/s

Node Breakdown:
  • Worker-Node (192.168.8.130:9900): Sent: 1.20 MB, Received: 1.17 MB

[6] HARDWARE & MEMORY FOOTPRINT (PER NODE)
--------------------------------------------------------------------------------
Local Device:               cuda
GPU VRAM Before:            2.05 GB
GPU VRAM After:             2.08 GB
GPU VRAM Delta:             33.27 MB
KV Cache Total (est):       540.00 KB

Node Memory Breakdown (Layer Weights + Active KV Cache):
  • Local: vithurshan-HP-250-G8-Notebook-PC + NVIDIA GeForce RTX 3060 Laptop GPU:
    - Assigned:      layers 0-5, layers 14-19, layers 28-35, embedding, lm_head + norm
    - Layer Memory:  1.88 GB
    - Active KV:     280.00 KB
    - Total Footprint: 2.08 GB (VRAM)
  • Worker-Node (192.168.8.130:9900):
    - Assigned:      layers 6-13, layers 20-27
    - Layer Memory:  3.21 GB
    - Active KV:     240.00 KB
    - Total Footprint: 0.00 B (Process RAM)
================================================================================

================================================================================
INFERENCE AUDIT REPORT — 2026-08-29 10:43:59
================================================================================

[1] MODEL INFORMATION
--------------------------------------------------------------------------------
Model ID / Name:     Qwen/Qwen2.5-3B
Architecture:        Dense Transformer
Quantization Mode:   4-bit NF4 Quantization (BitsAndBytes)
Precision Base:      torch.bfloat16
Total Parameters:    1,698,672,640 (1.70 B)
Total Memory in RAM: 1.87 GB
Dimensions:          Layers: 36, Hidden Size: 2048, KV Heads: 2, Head Dim: 128

[2] TOPOLOGY & COMPONENT DISTRIBUTION
--------------------------------------------------------------------------------
  • Worker-Node (192.168.8.130:9900):
    Allocated: ffn 10-19
  • Local: vithurshan-HP-250-G8-Notebook-PC + NVIDIA GeForce RTX 3060 Laptop GPU:
    Allocated: layers 0-9, layers 20-35, layers 10-19(attn only), embedding, lm_head + norm

[3] GENERATION METADATA
--------------------------------------------------------------------------------
Temperature:         0.0
Prompt Tokens:       10 tokens
Generated Tokens:    20 tokens
Total Sequence:      30 tokens

[4] LATENCY & THROUGHPUT METRICS
--------------------------------------------------------------------------------
Time to First Token (TTFT): 2.344s (Prefill: 4.3 tok/s)
Decode Time:                23.734s (Decode: 0.8 tok/s)
Total End-to-End Latency:   26.078s
Per-token Latency (Avg):    1.249s
Per-token Latency (Min):    1.192s
Per-token Latency (Max):    1.309s
Per-token Latency (P50):    1.254s
Per-token Latency (P90):    1.282s
Per-token Latency (P99):    1.309s

[5] NETWORK PAYLOAD & DATA TRANSFER
--------------------------------------------------------------------------------
Total Data Sent:            1.22 MB
Total Data Received:        1.22 MB
Total Network I/O:          2.44 MB
Avg Network Rate:           0.09 MB/s

Node Breakdown:
  • Worker-Node (192.168.8.130:9900): Sent: 1.22 MB, Received: 1.22 MB

[6] HARDWARE & MEMORY FOOTPRINT (PER NODE)
--------------------------------------------------------------------------------
Local Device:               cuda
GPU VRAM Before:            2.05 GB
GPU VRAM After:             2.14 GB
GPU VRAM Delta:             89.75 MB
KV Cache Total (est):       1.05 MB

Node Memory Breakdown (Layer Weights + Active KV Cache):
  • Local: vithurshan-HP-250-G8-Notebook-PC + NVIDIA GeForce RTX 3060 Laptop GPU:
    - Assigned:      layers 0-9, layers 20-35, layers 10-19(attn only), embedding, lm_head + norm
    - Layer Memory:  2.14 GB
    - Active KV:     1.02 MB
    - Total Footprint: 2.14 GB (VRAM)
  • Worker-Node (192.168.8.130:9900):
    - Assigned:      ffn 10-19
    - Layer Memory:  3.21 GB
    - Active KV:     0.00 B
    - Total Footprint: 0.00 B (Process RAM)
================================================================================

================================================================================
INFERENCE AUDIT REPORT — 2026-08-29 10:45:43
================================================================================

[1] MODEL INFORMATION
--------------------------------------------------------------------------------
Model ID / Name:     Qwen/Qwen2.5-3B
Architecture:        Dense Transformer
Quantization Mode:   4-bit NF4 Quantization (BitsAndBytes)
Precision Base:      torch.bfloat16
Total Parameters:    1,698,672,640 (1.70 B)
Total Memory in RAM: 1.87 GB
Dimensions:          Layers: 36, Hidden Size: 2048, KV Heads: 2, Head Dim: 128

[2] TOPOLOGY & COMPONENT DISTRIBUTION
--------------------------------------------------------------------------------
  • Worker-Node (192.168.8.130:9900):
    Allocated: ffn 10-19
  • Local: vithurshan-HP-250-G8-Notebook-PC + NVIDIA GeForce RTX 3060 Laptop GPU:
    Allocated: layers 0-9, layers 20-35, layers 10-19(attn only), embedding, lm_head + norm

[3] GENERATION METADATA
--------------------------------------------------------------------------------
Temperature:         0.0
Prompt Tokens:       8 tokens
Generated Tokens:    80 tokens
Total Sequence:      88 tokens

[4] LATENCY & THROUGHPUT METRICS
--------------------------------------------------------------------------------
Time to First Token (TTFT): 1.911s (Prefill: 4.2 tok/s)
Decode Time:                101.119s (Decode: 0.8 tok/s)
Total End-to-End Latency:   103.029s
Per-token Latency (Avg):    1.280s
Per-token Latency (Min):    1.217s
Per-token Latency (Max):    1.676s
Per-token Latency (P50):    1.266s
Per-token Latency (P90):    1.309s
Per-token Latency (P99):    1.676s

[5] NETWORK PAYLOAD & DATA TRANSFER
--------------------------------------------------------------------------------
Total Data Sent:            3.76 MB
Total Data Received:        3.75 MB
Total Network I/O:          7.51 MB
Avg Network Rate:           0.07 MB/s

Node Breakdown:
  • Worker-Node (192.168.8.130:9900): Sent: 3.76 MB, Received: 3.75 MB

[6] HARDWARE & MEMORY FOOTPRINT (PER NODE)
--------------------------------------------------------------------------------
Local Device:               cuda
GPU VRAM Before:            2.05 GB
GPU VRAM After:             2.41 GB
GPU VRAM Delta:             359.94 MB
KV Cache Total (est):       3.09 MB

Node Memory Breakdown (Layer Weights + Active KV Cache):
  • Local: vithurshan-HP-250-G8-Notebook-PC + NVIDIA GeForce RTX 3060 Laptop GPU:
    - Assigned:      layers 0-9, layers 20-35, layers 10-19(attn only), embedding, lm_head + norm
    - Layer Memory:  2.14 GB
    - Active KV:     3.06 MB
    - Total Footprint: 2.41 GB (VRAM)
  • Worker-Node (192.168.8.130:9900):
    - Assigned:      ffn 10-19
    - Layer Memory:  3.21 GB
    - Active KV:     0.00 B
    - Total Footprint: 0.00 B (Process RAM)
================================================================================

================================================================================
INFERENCE AUDIT REPORT — 2026-08-29 10:47:29
================================================================================

[1] MODEL INFORMATION
--------------------------------------------------------------------------------
Model ID / Name:     Qwen/Qwen2.5-3B
Architecture:        Dense Transformer
Quantization Mode:   4-bit NF4 Quantization (BitsAndBytes)
Precision Base:      torch.bfloat16
Total Parameters:    1,698,672,640 (1.70 B)
Total Memory in RAM: 1.87 GB
Dimensions:          Layers: 36, Hidden Size: 2048, KV Heads: 2, Head Dim: 128

[2] TOPOLOGY & COMPONENT DISTRIBUTION
--------------------------------------------------------------------------------
  • Worker-Node (192.168.8.130:9900):
    Allocated: ffn 10-19
  • Local: vithurshan-HP-250-G8-Notebook-PC + NVIDIA GeForce RTX 3060 Laptop GPU:
    Allocated: layers 0-9, layers 20-35, layers 10-19(attn only), embedding, lm_head + norm

[3] GENERATION METADATA
--------------------------------------------------------------------------------
Temperature:         0.0
Prompt Tokens:       39 tokens
Generated Tokens:    80 tokens
Total Sequence:      119 tokens

[4] LATENCY & THROUGHPUT METRICS
--------------------------------------------------------------------------------
Time to First Token (TTFT): 5.236s (Prefill: 7.4 tok/s)
Decode Time:                100.602s (Decode: 0.8 tok/s)
Total End-to-End Latency:   105.838s
Per-token Latency (Avg):    1.273s
Per-token Latency (Min):    1.206s
Per-token Latency (Max):    1.494s
Per-token Latency (P50):    1.265s
Per-token Latency (P90):    1.320s
Per-token Latency (P99):    1.494s

[5] NETWORK PAYLOAD & DATA TRANSFER
--------------------------------------------------------------------------------
Total Data Sent:            4.97 MB
Total Data Received:        4.96 MB
Total Network I/O:          9.93 MB
Avg Network Rate:           0.09 MB/s

Node Breakdown:
  • Worker-Node (192.168.8.130:9900): Sent: 4.97 MB, Received: 4.96 MB

[6] HARDWARE & MEMORY FOOTPRINT (PER NODE)
--------------------------------------------------------------------------------
Local Device:               cuda
GPU VRAM Before:            2.05 GB
GPU VRAM After:             2.57 GB
GPU VRAM Delta:             524.28 MB
KV Cache Total (est):       4.18 MB

Node Memory Breakdown (Layer Weights + Active KV Cache):
  • Local: vithurshan-HP-250-G8-Notebook-PC + NVIDIA GeForce RTX 3060 Laptop GPU:
    - Assigned:      layers 0-9, layers 20-35, layers 10-19(attn only), embedding, lm_head + norm
    - Layer Memory:  2.14 GB
    - Active KV:     4.15 MB
    - Total Footprint: 2.57 GB (VRAM)
  • Worker-Node (192.168.8.130:9900):
    - Assigned:      ffn 10-19
    - Layer Memory:  3.21 GB
    - Active KV:     0.00 B
    - Total Footprint: 0.00 B (Process RAM)
================================================================================

================================================================================
INFERENCE AUDIT REPORT — 2026-08-29 10:48:09
================================================================================

[1] MODEL INFORMATION
--------------------------------------------------------------------------------
Model ID / Name:     Qwen/Qwen2.5-3B
Architecture:        Dense Transformer
Quantization Mode:   4-bit NF4 Quantization (BitsAndBytes)
Precision Base:      torch.bfloat16
Total Parameters:    1,698,672,640 (1.70 B)
Total Memory in RAM: 1.87 GB
Dimensions:          Layers: 36, Hidden Size: 2048, KV Heads: 2, Head Dim: 128

[2] TOPOLOGY & COMPONENT DISTRIBUTION
--------------------------------------------------------------------------------
  • Worker-Node (192.168.8.130:9900):
    Allocated: ffn 10-19
  • Local: vithurshan-HP-250-G8-Notebook-PC + NVIDIA GeForce RTX 3060 Laptop GPU:
    Allocated: layers 0-9, layers 20-35, layers 10-19(attn only), embedding, lm_head + norm

[3] GENERATION METADATA
--------------------------------------------------------------------------------
Temperature:         0.0
Prompt Tokens:       85 tokens
Generated Tokens:    25 tokens
Total Sequence:      110 tokens

[4] LATENCY & THROUGHPUT METRICS
--------------------------------------------------------------------------------
Time to First Token (TTFT): 8.692s (Prefill: 9.8 tok/s)
Decode Time:                30.077s (Decode: 0.8 tok/s)
Total End-to-End Latency:   38.769s
Per-token Latency (Avg):    1.253s
Per-token Latency (Min):    1.210s
Per-token Latency (Max):    1.354s
Per-token Latency (P50):    1.250s
Per-token Latency (P90):    1.292s
Per-token Latency (P99):    1.354s

[5] NETWORK PAYLOAD & DATA TRANSFER
--------------------------------------------------------------------------------
Total Data Sent:            4.37 MB
Total Data Received:        4.37 MB
Total Network I/O:          8.74 MB
Avg Network Rate:           0.23 MB/s

Node Breakdown:
  • Worker-Node (192.168.8.130:9900): Sent: 4.37 MB, Received: 4.37 MB

[6] HARDWARE & MEMORY FOOTPRINT (PER NODE)
--------------------------------------------------------------------------------
Local Device:               cuda
GPU VRAM Before:            2.05 GB
GPU VRAM After:             2.41 GB
GPU VRAM Delta:             367.80 MB
KV Cache Total (est):       3.87 MB

Node Memory Breakdown (Layer Weights + Active KV Cache):
  • Local: vithurshan-HP-250-G8-Notebook-PC + NVIDIA GeForce RTX 3060 Laptop GPU:
    - Assigned:      layers 0-9, layers 20-35, layers 10-19(attn only), embedding, lm_head + norm
    - Layer Memory:  2.14 GB
    - Active KV:     3.83 MB
    - Total Footprint: 2.41 GB (VRAM)
  • Worker-Node (192.168.8.130:9900):
    - Assigned:      ffn 10-19
    - Layer Memory:  3.21 GB
    - Active KV:     0.00 B
    - Total Footprint: 0.00 B (Process RAM)
================================================================================

================================================================================
INFERENCE AUDIT REPORT — 2026-08-29 10:50:54
================================================================================

[1] MODEL INFORMATION
--------------------------------------------------------------------------------
Model ID / Name:     Qwen/Qwen2.5-3B
Architecture:        Dense Transformer
Quantization Mode:   4-bit NF4 Quantization (BitsAndBytes)
Precision Base:      torch.bfloat16
Total Parameters:    1,698,672,640 (1.70 B)
Total Memory in RAM: 1.87 GB
Dimensions:          Layers: 36, Hidden Size: 2048, KV Heads: 2, Head Dim: 128

[2] TOPOLOGY & COMPONENT DISTRIBUTION
--------------------------------------------------------------------------------
  • Worker-Node (192.168.8.130:9900):
    Allocated: ffn 10-19
  • Local: vithurshan-HP-250-G8-Notebook-PC + NVIDIA GeForce RTX 3060 Laptop GPU:
    Allocated: layers 0-9, layers 20-35, layers 10-19(attn only), embedding, lm_head + norm

[3] GENERATION METADATA
--------------------------------------------------------------------------------
Temperature:         0.0
Prompt Tokens:       85 tokens
Generated Tokens:    120 tokens
Total Sequence:      205 tokens

[4] LATENCY & THROUGHPUT METRICS
--------------------------------------------------------------------------------
Time to First Token (TTFT): 8.825s (Prefill: 9.6 tok/s)
Decode Time:                155.529s (Decode: 0.8 tok/s)
Total End-to-End Latency:   164.354s
Per-token Latency (Avg):    1.307s
Per-token Latency (Min):    1.216s
Per-token Latency (Max):    2.003s
Per-token Latency (P50):    1.290s
Per-token Latency (P90):    1.351s
Per-token Latency (P99):    1.800s

[5] NETWORK PAYLOAD & DATA TRANSFER
--------------------------------------------------------------------------------
Total Data Sent:            8.51 MB
Total Data Received:        8.49 MB
Total Network I/O:          17.00 MB
Avg Network Rate:           0.10 MB/s

Node Breakdown:
  • Worker-Node (192.168.8.130:9900): Sent: 8.51 MB, Received: 8.49 MB

[6] HARDWARE & MEMORY FOOTPRINT (PER NODE)
--------------------------------------------------------------------------------
Local Device:               cuda
GPU VRAM Before:            2.05 GB
GPU VRAM After:             3.16 GB
GPU VRAM Delta:             1.10 GB
KV Cache Total (est):       7.21 MB

Node Memory Breakdown (Layer Weights + Active KV Cache):
  • Local: vithurshan-HP-250-G8-Notebook-PC + NVIDIA GeForce RTX 3060 Laptop GPU:
    - Assigned:      layers 0-9, layers 20-35, layers 10-19(attn only), embedding, lm_head + norm
    - Layer Memory:  2.14 GB
    - Active KV:     7.17 MB
    - Total Footprint: 3.16 GB (VRAM)
  • Worker-Node (192.168.8.130:9900):
    - Assigned:      ffn 10-19
    - Layer Memory:  3.21 GB
    - Active KV:     0.00 B
    - Total Footprint: 0.00 B (Process RAM)
================================================================================

================================================================================
INFERENCE AUDIT REPORT — 2026-08-29 11:01:19
================================================================================

[1] MODEL INFORMATION
--------------------------------------------------------------------------------
Model ID / Name:     Qwen/Qwen2.5-3B
Architecture:        Dense Transformer
Quantization Mode:   4-bit NF4 Quantization (BitsAndBytes)
Precision Base:      torch.bfloat16
Total Parameters:    1,698,672,640 (1.70 B)
Total Memory in RAM: 1.87 GB
Dimensions:          Layers: 36, Hidden Size: 2048, KV Heads: 2, Head Dim: 128

[2] TOPOLOGY & COMPONENT DISTRIBUTION
--------------------------------------------------------------------------------
  • Worker-Node (192.168.8.130:9900):
    Allocated: layers 6-13, layers 20-27
  • Local: vithurshan-HP-250-G8-Notebook-PC + NVIDIA GeForce RTX 3060 Laptop GPU:
    Allocated: layers 0-5, layers 14-19, layers 28-35, embedding, lm_head + norm

[3] GENERATION METADATA
--------------------------------------------------------------------------------
Temperature:         0.0
Prompt Tokens:       10 tokens
Generated Tokens:    20 tokens
Total Sequence:      30 tokens

[4] LATENCY & THROUGHPUT METRICS
--------------------------------------------------------------------------------
Time to First Token (TTFT): 2.584s (Prefill: 3.9 tok/s)
Decode Time:                26.397s (Decode: 0.7 tok/s)
Total End-to-End Latency:   28.982s
Per-token Latency (Avg):    1.389s
Per-token Latency (Min):    1.357s
Per-token Latency (Max):    1.505s
Per-token Latency (P50):    1.383s
Per-token Latency (P90):    1.419s
Per-token Latency (P99):    1.505s

[5] NETWORK PAYLOAD & DATA TRANSFER
--------------------------------------------------------------------------------
Total Data Sent:            2.46 MB
Total Data Received:        2.40 MB
Total Network I/O:          4.87 MB
Avg Network Rate:           0.17 MB/s

Node Breakdown:
  • Worker-Node (192.168.8.130:9900): Sent: 2.46 MB, Received: 2.41 MB

[6] HARDWARE & MEMORY FOOTPRINT (PER NODE)
--------------------------------------------------------------------------------
Local Device:               cuda
GPU VRAM Before:            2.05 GB
GPU VRAM After:             2.11 GB
GPU VRAM Delta:             54.86 MB
KV Cache Total (est):       1.05 MB

Node Memory Breakdown (Layer Weights + Active KV Cache):
  • Local: vithurshan-HP-250-G8-Notebook-PC + NVIDIA GeForce RTX 3060 Laptop GPU:
    - Assigned:      layers 0-5, layers 14-19, layers 28-35, embedding, lm_head + norm
    - Layer Memory:  1.88 GB
    - Active KV:     580.00 KB
    - Total Footprint: 2.11 GB (VRAM)
  • Worker-Node (192.168.8.130:9900):
    - Assigned:      layers 6-13, layers 20-27
    - Layer Memory:  2.90 GB
    - Active KV:     480.00 KB
    - Total Footprint: 0.00 B (Process RAM)
================================================================================

================================================================================
INFERENCE AUDIT REPORT — 2026-08-29 11:03:12
================================================================================

[1] MODEL INFORMATION
--------------------------------------------------------------------------------
Model ID / Name:     Qwen/Qwen2.5-3B
Architecture:        Dense Transformer
Quantization Mode:   4-bit NF4 Quantization (BitsAndBytes)
Precision Base:      torch.bfloat16
Total Parameters:    1,698,672,640 (1.70 B)
Total Memory in RAM: 1.87 GB
Dimensions:          Layers: 36, Hidden Size: 2048, KV Heads: 2, Head Dim: 128

[2] TOPOLOGY & COMPONENT DISTRIBUTION
--------------------------------------------------------------------------------
  • Worker-Node (192.168.8.130:9900):
    Allocated: layers 6-13, layers 20-27
  • Local: vithurshan-HP-250-G8-Notebook-PC + NVIDIA GeForce RTX 3060 Laptop GPU:
    Allocated: layers 0-5, layers 14-19, layers 28-35, embedding, lm_head + norm

[3] GENERATION METADATA
--------------------------------------------------------------------------------
Temperature:         0.0
Prompt Tokens:       8 tokens
Generated Tokens:    80 tokens
Total Sequence:      88 tokens

[4] LATENCY & THROUGHPUT METRICS
--------------------------------------------------------------------------------
Time to First Token (TTFT): 2.273s (Prefill: 3.5 tok/s)
Decode Time:                110.560s (Decode: 0.7 tok/s)
Total End-to-End Latency:   112.833s
Per-token Latency (Avg):    1.399s
Per-token Latency (Min):    1.347s
Per-token Latency (Max):    1.880s
Per-token Latency (P50):    1.394s
Per-token Latency (P90):    1.419s
Per-token Latency (P99):    1.880s

[5] NETWORK PAYLOAD & DATA TRANSFER
--------------------------------------------------------------------------------
Total Data Sent:            7.81 MB
Total Data Received:        7.35 MB
Total Network I/O:          15.16 MB
Avg Network Rate:           0.13 MB/s

Node Breakdown:
  • Worker-Node (192.168.8.130:9900): Sent: 7.81 MB, Received: 7.35 MB

[6] HARDWARE & MEMORY FOOTPRINT (PER NODE)
--------------------------------------------------------------------------------
Local Device:               cuda
GPU VRAM Before:            2.05 GB
GPU VRAM After:             2.26 GB
GPU VRAM Delta:             208.29 MB
KV Cache Total (est):       3.09 MB

Node Memory Breakdown (Layer Weights + Active KV Cache):
  • Local: vithurshan-HP-250-G8-Notebook-PC + NVIDIA GeForce RTX 3060 Laptop GPU:
    - Assigned:      layers 0-5, layers 14-19, layers 28-35, embedding, lm_head + norm
    - Layer Memory:  1.88 GB
    - Active KV:     1.70 MB
    - Total Footprint: 2.26 GB (VRAM)
  • Worker-Node (192.168.8.130:9900):
    - Assigned:      layers 6-13, layers 20-27
    - Layer Memory:  2.90 GB
    - Active KV:     1.38 MB
    - Total Footprint: 0.00 B (Process RAM)
================================================================================

================================================================================
INFERENCE AUDIT REPORT — 2026-08-29 11:05:10
================================================================================

[1] MODEL INFORMATION
--------------------------------------------------------------------------------
Model ID / Name:     Qwen/Qwen2.5-3B
Architecture:        Dense Transformer
Quantization Mode:   4-bit NF4 Quantization (BitsAndBytes)
Precision Base:      torch.bfloat16
Total Parameters:    1,698,672,640 (1.70 B)
Total Memory in RAM: 1.87 GB
Dimensions:          Layers: 36, Hidden Size: 2048, KV Heads: 2, Head Dim: 128

[2] TOPOLOGY & COMPONENT DISTRIBUTION
--------------------------------------------------------------------------------
  • Worker-Node (192.168.8.130:9900):
    Allocated: layers 6-13, layers 20-27
  • Local: vithurshan-HP-250-G8-Notebook-PC + NVIDIA GeForce RTX 3060 Laptop GPU:
    Allocated: layers 0-5, layers 14-19, layers 28-35, embedding, lm_head + norm

[3] GENERATION METADATA
--------------------------------------------------------------------------------
Temperature:         0.0
Prompt Tokens:       39 tokens
Generated Tokens:    80 tokens
Total Sequence:      119 tokens

[4] LATENCY & THROUGHPUT METRICS
--------------------------------------------------------------------------------
Time to First Token (TTFT): 6.510s (Prefill: 6.0 tok/s)
Decode Time:                110.082s (Decode: 0.7 tok/s)
Total End-to-End Latency:   116.592s
Per-token Latency (Avg):    1.393s
Per-token Latency (Min):    1.343s
Per-token Latency (Max):    1.493s
Per-token Latency (P50):    1.392s
Per-token Latency (P90):    1.416s
Per-token Latency (P99):    1.493s

[5] NETWORK PAYLOAD & DATA TRANSFER
--------------------------------------------------------------------------------
Total Data Sent:            9.99 MB
Total Data Received:        9.77 MB
Total Network I/O:          19.76 MB
Avg Network Rate:           0.17 MB/s

Node Breakdown:
  • Worker-Node (192.168.8.130:9900): Sent: 9.99 MB, Received: 9.78 MB

[6] HARDWARE & MEMORY FOOTPRINT (PER NODE)
--------------------------------------------------------------------------------
Local Device:               cuda
GPU VRAM Before:            2.05 GB
GPU VRAM After:             2.35 GB
GPU VRAM Delta:             299.87 MB
KV Cache Total (est):       4.18 MB

Node Memory Breakdown (Layer Weights + Active KV Cache):
  • Local: vithurshan-HP-250-G8-Notebook-PC + NVIDIA GeForce RTX 3060 Laptop GPU:
    - Assigned:      layers 0-5, layers 14-19, layers 28-35, embedding, lm_head + norm
    - Layer Memory:  1.88 GB
    - Active KV:     2.30 MB
    - Total Footprint: 2.35 GB (VRAM)
  • Worker-Node (192.168.8.130:9900):
    - Assigned:      layers 6-13, layers 20-27
    - Layer Memory:  2.90 GB
    - Active KV:     1.86 MB
    - Total Footprint: 0.00 B (Process RAM)
================================================================================

================================================================================
INFERENCE AUDIT REPORT — 2026-08-29 11:05:56
================================================================================

[1] MODEL INFORMATION
--------------------------------------------------------------------------------
Model ID / Name:     Qwen/Qwen2.5-3B
Architecture:        Dense Transformer
Quantization Mode:   4-bit NF4 Quantization (BitsAndBytes)
Precision Base:      torch.bfloat16
Total Parameters:    1,698,672,640 (1.70 B)
Total Memory in RAM: 1.87 GB
Dimensions:          Layers: 36, Hidden Size: 2048, KV Heads: 2, Head Dim: 128

[2] TOPOLOGY & COMPONENT DISTRIBUTION
--------------------------------------------------------------------------------
  • Worker-Node (192.168.8.130:9900):
    Allocated: layers 6-13, layers 20-27
  • Local: vithurshan-HP-250-G8-Notebook-PC + NVIDIA GeForce RTX 3060 Laptop GPU:
    Allocated: layers 0-5, layers 14-19, layers 28-35, embedding, lm_head + norm

[3] GENERATION METADATA
--------------------------------------------------------------------------------
Temperature:         0.0
Prompt Tokens:       85 tokens
Generated Tokens:    25 tokens
Total Sequence:      110 tokens

[4] LATENCY & THROUGHPUT METRICS
--------------------------------------------------------------------------------
Time to First Token (TTFT): 11.708s (Prefill: 7.3 tok/s)
Decode Time:                33.740s (Decode: 0.7 tok/s)
Total End-to-End Latency:   45.448s
Per-token Latency (Avg):    1.406s
Per-token Latency (Min):    1.369s
Per-token Latency (Max):    1.670s
Per-token Latency (P50):    1.391s
Per-token Latency (P90):    1.444s
Per-token Latency (P99):    1.670s

[5] NETWORK PAYLOAD & DATA TRANSFER
--------------------------------------------------------------------------------
Total Data Sent:            8.20 MB
Total Data Received:        8.69 MB
Total Network I/O:          16.89 MB
Avg Network Rate:           0.37 MB/s

Node Breakdown:
  • Worker-Node (192.168.8.130:9900): Sent: 8.20 MB, Received: 8.69 MB

[6] HARDWARE & MEMORY FOOTPRINT (PER NODE)
--------------------------------------------------------------------------------
Local Device:               cuda
GPU VRAM Before:            2.05 GB
GPU VRAM After:             2.27 GB
GPU VRAM Delta:             220.97 MB
KV Cache Total (est):       3.87 MB

Node Memory Breakdown (Layer Weights + Active KV Cache):
  • Local: vithurshan-HP-250-G8-Notebook-PC + NVIDIA GeForce RTX 3060 Laptop GPU:
    - Assigned:      layers 0-5, layers 14-19, layers 28-35, embedding, lm_head + norm
    - Layer Memory:  1.88 GB
    - Active KV:     2.13 MB
    - Total Footprint: 2.27 GB (VRAM)
  • Worker-Node (192.168.8.130:9900):
    - Assigned:      layers 6-13, layers 20-27
    - Layer Memory:  2.90 GB
    - Active KV:     1.72 MB
    - Total Footprint: 0.00 B (Process RAM)
================================================================================

================================================================================
INFERENCE AUDIT REPORT — 2026-08-29 11:08:54
================================================================================

[1] MODEL INFORMATION
--------------------------------------------------------------------------------
Model ID / Name:     Qwen/Qwen2.5-3B
Architecture:        Dense Transformer
Quantization Mode:   4-bit NF4 Quantization (BitsAndBytes)
Precision Base:      torch.bfloat16
Total Parameters:    1,698,672,640 (1.70 B)
Total Memory in RAM: 1.87 GB
Dimensions:          Layers: 36, Hidden Size: 2048, KV Heads: 2, Head Dim: 128

[2] TOPOLOGY & COMPONENT DISTRIBUTION
--------------------------------------------------------------------------------
  • Worker-Node (192.168.8.130:9900):
    Allocated: layers 6-13, layers 20-27
  • Local: vithurshan-HP-250-G8-Notebook-PC + NVIDIA GeForce RTX 3060 Laptop GPU:
    Allocated: layers 0-5, layers 14-19, layers 28-35, embedding, lm_head + norm

[3] GENERATION METADATA
--------------------------------------------------------------------------------
Temperature:         0.0
Prompt Tokens:       85 tokens
Generated Tokens:    120 tokens
Total Sequence:      205 tokens

[4] LATENCY & THROUGHPUT METRICS
--------------------------------------------------------------------------------
Time to First Token (TTFT): 11.882s (Prefill: 7.2 tok/s)
Decode Time:                166.503s (Decode: 0.7 tok/s)
Total End-to-End Latency:   178.385s
Per-token Latency (Avg):    1.399s
Per-token Latency (Min):    1.358s
Per-token Latency (Max):    1.673s
Per-token Latency (P50):    1.396s
Per-token Latency (P90):    1.419s
Per-token Latency (P99):    1.464s

[5] NETWORK PAYLOAD & DATA TRANSFER
--------------------------------------------------------------------------------
Total Data Sent:            16.89 MB
Total Data Received:        16.77 MB
Total Network I/O:          33.66 MB
Avg Network Rate:           0.19 MB/s

Node Breakdown:
  • Worker-Node (192.168.8.130:9900): Sent: 16.89 MB, Received: 16.77 MB

[6] HARDWARE & MEMORY FOOTPRINT (PER NODE)
--------------------------------------------------------------------------------
Local Device:               cuda
GPU VRAM Before:            2.05 GB
GPU VRAM After:             2.67 GB
GPU VRAM Delta:             626.81 MB
KV Cache Total (est):       7.21 MB

Node Memory Breakdown (Layer Weights + Active KV Cache):
  • Local: vithurshan-HP-250-G8-Notebook-PC + NVIDIA GeForce RTX 3060 Laptop GPU:
    - Assigned:      layers 0-5, layers 14-19, layers 28-35, embedding, lm_head + norm
    - Layer Memory:  1.88 GB
    - Active KV:     3.98 MB
    - Total Footprint: 2.67 GB (VRAM)
  • Worker-Node (192.168.8.130:9900):
    - Assigned:      layers 6-13, layers 20-27
    - Layer Memory:  2.90 GB
    - Active KV:     3.20 MB
    - Total Footprint: 0.00 B (Process RAM)
================================================================================

================================================================================
INFERENCE AUDIT REPORT — 2026-08-29 12:02:46
================================================================================

[1] MODEL INFORMATION
--------------------------------------------------------------------------------
Model ID / Name:     Qwen/Qwen2.5-3B
Architecture:        Dense Transformer
Quantization Mode:   4-bit NF4 Quantization (BitsAndBytes)
Precision Base:      torch.bfloat16
Total Parameters:    1,698,672,640 (1.70 B)
Total Memory in RAM: 1.87 GB
Dimensions:          Layers: 36, Hidden Size: 2048, KV Heads: 2, Head Dim: 128

[2] TOPOLOGY & COMPONENT DISTRIBUTION
--------------------------------------------------------------------------------
  • Worker-Node (192.168.8.130:9900):
    Allocated: attn 10-19
  • Local: vithurshan-HP-250-G8-Notebook-PC + NVIDIA GeForce RTX 3060 Laptop GPU:
    Allocated: layers 0-9, layers 20-35, layers 10-19(ffn only), embedding, lm_head + norm

[3] GENERATION METADATA
--------------------------------------------------------------------------------
Temperature:         0.0
Prompt Tokens:       10 tokens
Generated Tokens:    20 tokens
Total Sequence:      30 tokens

[4] LATENCY & THROUGHPUT METRICS
--------------------------------------------------------------------------------
Time to First Token (TTFT): 1.512s (Prefill: 6.6 tok/s)
Decode Time:                8.375s (Decode: 2.3 tok/s)
Total End-to-End Latency:   9.887s
Per-token Latency (Avg):    440.8ms
Per-token Latency (Min):    355.5ms
Per-token Latency (Max):    793.7ms
Per-token Latency (P50):    399.8ms
Per-token Latency (P90):    609.6ms
Per-token Latency (P99):    793.7ms

[5] NETWORK PAYLOAD & DATA TRANSFER
--------------------------------------------------------------------------------
Total Data Sent:            1.54 MB
Total Data Received:        1.22 MB
Total Network I/O:          2.76 MB
Avg Network Rate:           0.28 MB/s

Node Breakdown:
  • Worker-Node (192.168.8.130:9900): Sent: 1.54 MB, Received: 1.22 MB

[6] HARDWARE & MEMORY FOOTPRINT (PER NODE)
--------------------------------------------------------------------------------
Local Device:               cuda
GPU VRAM Before:            2.05 GB
GPU VRAM After:             2.15 GB
GPU VRAM Delta:             109.77 MB
KV Cache Total (est):       1.05 MB

Node Memory Breakdown (Layer Weights + Active KV Cache):
  • Local: vithurshan-HP-250-G8-Notebook-PC + NVIDIA GeForce RTX 3060 Laptop GPU:
    - Assigned:      layers 0-9, layers 20-35, layers 10-19(ffn only), embedding, lm_head + norm
    - Layer Memory:  2.41 GB
    - Active KV:     754.00 KB
    - Total Footprint: 2.15 GB (VRAM)
  • Worker-Node (192.168.8.130:9900):
    - Assigned:      attn 10-19
    - Layer Memory:  3.21 GB
    - Active KV:     290.00 KB
    - Total Footprint: 5.59 GB (Process RAM)
================================================================================

================================================================================
INFERENCE AUDIT REPORT — 2026-08-29 12:03:29
================================================================================

[1] MODEL INFORMATION
--------------------------------------------------------------------------------
Model ID / Name:     Qwen/Qwen2.5-3B
Architecture:        Dense Transformer
Quantization Mode:   4-bit NF4 Quantization (BitsAndBytes)
Precision Base:      torch.bfloat16
Total Parameters:    1,698,672,640 (1.70 B)
Total Memory in RAM: 1.87 GB
Dimensions:          Layers: 36, Hidden Size: 2048, KV Heads: 2, Head Dim: 128

[2] TOPOLOGY & COMPONENT DISTRIBUTION
--------------------------------------------------------------------------------
  • Worker-Node (192.168.8.130:9900):
    Allocated: attn 10-19
  • Local: vithurshan-HP-250-G8-Notebook-PC + NVIDIA GeForce RTX 3060 Laptop GPU:
    Allocated: layers 0-9, layers 20-35, layers 10-19(ffn only), embedding, lm_head + norm

[3] GENERATION METADATA
--------------------------------------------------------------------------------
Temperature:         0.0
Prompt Tokens:       8 tokens
Generated Tokens:    80 tokens
Total Sequence:      88 tokens

[4] LATENCY & THROUGHPUT METRICS
--------------------------------------------------------------------------------
Time to First Token (TTFT): 864.1ms (Prefill: 9.3 tok/s)
Decode Time:                41.443s (Decode: 1.9 tok/s)
Total End-to-End Latency:   42.308s
Per-token Latency (Avg):    524.6ms
Per-token Latency (Min):    312.9ms
Per-token Latency (Max):    1.823s
Per-token Latency (P50):    382.2ms
Per-token Latency (P90):    1.074s
Per-token Latency (P99):    1.823s

[5] NETWORK PAYLOAD & DATA TRANSFER
--------------------------------------------------------------------------------
Total Data Sent:            4.88 MB
Total Data Received:        3.75 MB
Total Network I/O:          8.63 MB
Avg Network Rate:           0.20 MB/s

Node Breakdown:
  • Worker-Node (192.168.8.130:9900): Sent: 4.88 MB, Received: 3.75 MB

[6] HARDWARE & MEMORY FOOTPRINT (PER NODE)
--------------------------------------------------------------------------------
Local Device:               cuda
GPU VRAM Before:            2.05 GB
GPU VRAM After:             2.41 GB
GPU VRAM Delta:             369.66 MB
KV Cache Total (est):       3.09 MB

Node Memory Breakdown (Layer Weights + Active KV Cache):
  • Local: vithurshan-HP-250-G8-Notebook-PC + NVIDIA GeForce RTX 3060 Laptop GPU:
    - Assigned:      layers 0-9, layers 20-35, layers 10-19(ffn only), embedding, lm_head + norm
    - Layer Memory:  2.41 GB
    - Active KV:     2.21 MB
    - Total Footprint: 2.41 GB (VRAM)
  • Worker-Node (192.168.8.130:9900):
    - Assigned:      attn 10-19
    - Layer Memory:  3.21 GB
    - Active KV:     870.00 KB
    - Total Footprint: 5.59 GB (Process RAM)
================================================================================

================================================================================
INFERENCE AUDIT REPORT — 2026-08-29 12:04:06
================================================================================

[1] MODEL INFORMATION
--------------------------------------------------------------------------------
Model ID / Name:     Qwen/Qwen2.5-3B
Architecture:        Dense Transformer
Quantization Mode:   4-bit NF4 Quantization (BitsAndBytes)
Precision Base:      torch.bfloat16
Total Parameters:    1,698,672,640 (1.70 B)
Total Memory in RAM: 1.87 GB
Dimensions:          Layers: 36, Hidden Size: 2048, KV Heads: 2, Head Dim: 128

[2] TOPOLOGY & COMPONENT DISTRIBUTION
--------------------------------------------------------------------------------
  • Worker-Node (192.168.8.130:9900):
    Allocated: attn 10-19
  • Local: vithurshan-HP-250-G8-Notebook-PC + NVIDIA GeForce RTX 3060 Laptop GPU:
    Allocated: layers 0-9, layers 20-35, layers 10-19(ffn only), embedding, lm_head + norm

[3] GENERATION METADATA
--------------------------------------------------------------------------------
Temperature:         0.0
Prompt Tokens:       39 tokens
Generated Tokens:    80 tokens
Total Sequence:      119 tokens

[4] LATENCY & THROUGHPUT METRICS
--------------------------------------------------------------------------------
Time to First Token (TTFT): 2.656s (Prefill: 14.7 tok/s)
Decode Time:                33.590s (Decode: 2.4 tok/s)
Total End-to-End Latency:   36.247s
Per-token Latency (Avg):    425.2ms
Per-token Latency (Min):    303.6ms
Per-token Latency (Max):    1.147s
Per-token Latency (P50):    340.7ms
Per-token Latency (P90):    816.7ms
Per-token Latency (P99):    1.147s

[5] NETWORK PAYLOAD & DATA TRANSFER
--------------------------------------------------------------------------------
Total Data Sent:            6.25 MB
Total Data Received:        4.96 MB
Total Network I/O:          11.20 MB
Avg Network Rate:           0.31 MB/s

Node Breakdown:
  • Worker-Node (192.168.8.130:9900): Sent: 6.25 MB, Received: 4.96 MB

[6] HARDWARE & MEMORY FOOTPRINT (PER NODE)
--------------------------------------------------------------------------------
Local Device:               cuda
GPU VRAM Before:            2.05 GB
GPU VRAM After:             2.57 GB
GPU VRAM Delta:             527.86 MB
KV Cache Total (est):       4.18 MB

Node Memory Breakdown (Layer Weights + Active KV Cache):
  • Local: vithurshan-HP-250-G8-Notebook-PC + NVIDIA GeForce RTX 3060 Laptop GPU:
    - Assigned:      layers 0-9, layers 20-35, layers 10-19(ffn only), embedding, lm_head + norm
    - Layer Memory:  2.41 GB
    - Active KV:     3.00 MB
    - Total Footprint: 2.57 GB (VRAM)
  • Worker-Node (192.168.8.130:9900):
    - Assigned:      attn 10-19
    - Layer Memory:  3.21 GB
    - Active KV:     1.15 MB
    - Total Footprint: 5.60 GB (Process RAM)
================================================================================

================================================================================
INFERENCE AUDIT REPORT — 2026-08-29 12:04:20
================================================================================

[1] MODEL INFORMATION
--------------------------------------------------------------------------------
Model ID / Name:     Qwen/Qwen2.5-3B
Architecture:        Dense Transformer
Quantization Mode:   4-bit NF4 Quantization (BitsAndBytes)
Precision Base:      torch.bfloat16
Total Parameters:    1,698,672,640 (1.70 B)
Total Memory in RAM: 1.87 GB
Dimensions:          Layers: 36, Hidden Size: 2048, KV Heads: 2, Head Dim: 128

[2] TOPOLOGY & COMPONENT DISTRIBUTION
--------------------------------------------------------------------------------
  • Worker-Node (192.168.8.130:9900):
    Allocated: attn 10-19
  • Local: vithurshan-HP-250-G8-Notebook-PC + NVIDIA GeForce RTX 3060 Laptop GPU:
    Allocated: layers 0-9, layers 20-35, layers 10-19(ffn only), embedding, lm_head + norm

[3] GENERATION METADATA
--------------------------------------------------------------------------------
Temperature:         0.0
Prompt Tokens:       85 tokens
Generated Tokens:    25 tokens
Total Sequence:      110 tokens

[4] LATENCY & THROUGHPUT METRICS
--------------------------------------------------------------------------------
Time to First Token (TTFT): 5.233s (Prefill: 16.2 tok/s)
Decode Time:                8.360s (Decode: 2.9 tok/s)
Total End-to-End Latency:   13.592s
Per-token Latency (Avg):    348.3ms
Per-token Latency (Min):    306.5ms
Per-token Latency (Max):    529.5ms
Per-token Latency (P50):    335.4ms
Per-token Latency (P90):    375.5ms
Per-token Latency (P99):    529.5ms

[5] NETWORK PAYLOAD & DATA TRANSFER
--------------------------------------------------------------------------------
Total Data Sent:            5.13 MB
Total Data Received:        4.37 MB
Total Network I/O:          9.49 MB
Avg Network Rate:           0.70 MB/s

Node Breakdown:
  • Worker-Node (192.168.8.130:9900): Sent: 5.13 MB, Received: 4.37 MB

[6] HARDWARE & MEMORY FOOTPRINT (PER NODE)
--------------------------------------------------------------------------------
Local Device:               cuda
GPU VRAM Before:            2.05 GB
GPU VRAM After:             2.45 GB
GPU VRAM Delta:             404.95 MB
KV Cache Total (est):       3.87 MB

Node Memory Breakdown (Layer Weights + Active KV Cache):
  • Local: vithurshan-HP-250-G8-Notebook-PC + NVIDIA GeForce RTX 3060 Laptop GPU:
    - Assigned:      layers 0-9, layers 20-35, layers 10-19(ffn only), embedding, lm_head + norm
    - Layer Memory:  2.41 GB
    - Active KV:     2.77 MB
    - Total Footprint: 2.45 GB (VRAM)
  • Worker-Node (192.168.8.130:9900):
    - Assigned:      attn 10-19
    - Layer Memory:  3.21 GB
    - Active KV:     1.06 MB
    - Total Footprint: 5.60 GB (Process RAM)
================================================================================

================================================================================
INFERENCE AUDIT REPORT — 2026-08-29 12:05:16
================================================================================

[1] MODEL INFORMATION
--------------------------------------------------------------------------------
Model ID / Name:     Qwen/Qwen2.5-3B
Architecture:        Dense Transformer
Quantization Mode:   4-bit NF4 Quantization (BitsAndBytes)
Precision Base:      torch.bfloat16
Total Parameters:    1,698,672,640 (1.70 B)
Total Memory in RAM: 1.87 GB
Dimensions:          Layers: 36, Hidden Size: 2048, KV Heads: 2, Head Dim: 128

[2] TOPOLOGY & COMPONENT DISTRIBUTION
--------------------------------------------------------------------------------
  • Worker-Node (192.168.8.130:9900):
    Allocated: attn 10-19
  • Local: vithurshan-HP-250-G8-Notebook-PC + NVIDIA GeForce RTX 3060 Laptop GPU:
    Allocated: layers 0-9, layers 20-35, layers 10-19(ffn only), embedding, lm_head + norm

[3] GENERATION METADATA
--------------------------------------------------------------------------------
Temperature:         0.0
Prompt Tokens:       85 tokens
Generated Tokens:    120 tokens
Total Sequence:      205 tokens

[4] LATENCY & THROUGHPUT METRICS
--------------------------------------------------------------------------------
Time to First Token (TTFT): 5.010s (Prefill: 17.0 tok/s)
Decode Time:                49.693s (Decode: 2.4 tok/s)
Total End-to-End Latency:   54.703s
Per-token Latency (Avg):    417.6ms
Per-token Latency (Min):    300.2ms
Per-token Latency (Max):    1.340s
Per-token Latency (P50):    348.0ms
Per-token Latency (P90):    783.6ms
Per-token Latency (P99):    1.234s

[5] NETWORK PAYLOAD & DATA TRANSFER
--------------------------------------------------------------------------------
Total Data Sent:            10.56 MB
Total Data Received:        8.49 MB
Total Network I/O:          19.05 MB
Avg Network Rate:           0.35 MB/s

Node Breakdown:
  • Worker-Node (192.168.8.130:9900): Sent: 10.56 MB, Received: 8.49 MB

[6] HARDWARE & MEMORY FOOTPRINT (PER NODE)
--------------------------------------------------------------------------------
Local Device:               cuda
GPU VRAM Before:            2.05 GB
GPU VRAM After:             3.10 GB
GPU VRAM Delta:             1.05 GB
KV Cache Total (est):       7.21 MB

Node Memory Breakdown (Layer Weights + Active KV Cache):
  • Local: vithurshan-HP-250-G8-Notebook-PC + NVIDIA GeForce RTX 3060 Laptop GPU:
    - Assigned:      layers 0-9, layers 20-35, layers 10-19(ffn only), embedding, lm_head + norm
    - Layer Memory:  2.41 GB
    - Active KV:     5.18 MB
    - Total Footprint: 3.10 GB (VRAM)
  • Worker-Node (192.168.8.130:9900):
    - Assigned:      attn 10-19
    - Layer Memory:  3.21 GB
    - Active KV:     1.99 MB
    - Total Footprint: 5.61 GB (Process RAM)
================================================================================

================================================================================
INFERENCE AUDIT REPORT — 2026-08-29 12:36:13
================================================================================

[1] MODEL INFORMATION
--------------------------------------------------------------------------------
Model ID / Name:     Qwen/Qwen2.5-3B
Architecture:        Dense Transformer
Quantization Mode:   4-bit NF4 Quantization (BitsAndBytes)
Precision Base:      torch.bfloat16
Total Parameters:    1,698,672,640 (1.70 B)
Total Memory in RAM: 1.87 GB
Dimensions:          Layers: 36, Hidden Size: 2048, KV Heads: 2, Head Dim: 128

[2] TOPOLOGY & COMPONENT DISTRIBUTION
--------------------------------------------------------------------------------
  • Worker-Node (192.168.8.130:9900):
    Allocated: layers 0-35
  • Local: vithurshan-HP-250-G8-Notebook-PC + NVIDIA GeForce RTX 3060 Laptop GPU:
    Allocated: embedding, lm_head + norm

[3] GENERATION METADATA
--------------------------------------------------------------------------------
Temperature:         0.0
Prompt Tokens:       85 tokens
Generated Tokens:    25 tokens
Total Sequence:      110 tokens

[4] LATENCY & THROUGHPUT METRICS
--------------------------------------------------------------------------------
Time to First Token (TTFT): 32.663s (Prefill: 2.6 tok/s)
Decode Time:                96.111s (Decode: 0.2 tok/s)
Total End-to-End Latency:   128.774s
Per-token Latency (Avg):    4.005s
Per-token Latency (Min):    3.650s
Per-token Latency (Max):    6.319s
Per-token Latency (P50):    3.760s
Per-token Latency (P90):    4.324s
Per-token Latency (P99):    6.319s

[5] NETWORK PAYLOAD & DATA TRANSFER
--------------------------------------------------------------------------------
Total Data Sent:            18.45 MB
Total Data Received:        15.72 MB
Total Network I/O:          34.17 MB
Avg Network Rate:           0.27 MB/s

Node Breakdown:
  • Worker-Node (192.168.8.130:9900): Sent: 18.45 MB, Received: 15.72 MB

[6] HARDWARE & MEMORY FOOTPRINT (PER NODE)
--------------------------------------------------------------------------------
Local Device:               cuda
GPU VRAM Before:            2.05 GB
GPU VRAM After:             2.05 GB
GPU VRAM Delta:             306.50 KB
KV Cache Total (est):       3.87 MB

Node Memory Breakdown (Layer Weights + Active KV Cache):
  • Local: vithurshan-HP-250-G8-Notebook-PC + NVIDIA GeForce RTX 3060 Laptop GPU:
    - Assigned:      embedding, lm_head + norm
    - Layer Memory:  1.16 GB
    - Active KV:     0.00 B
    - Total Footprint: 2.05 GB (VRAM)
  • Worker-Node (192.168.8.130:9900):
    - Assigned:      layers 0-35
    - Layer Memory:  3.21 GB
    - Active KV:     3.83 MB
    - Total Footprint: 4.93 GB (Process RAM)
================================================================================

================================================================================
INFERENCE AUDIT REPORT — 2026-08-29 12:45:00
================================================================================

[1] MODEL INFORMATION
--------------------------------------------------------------------------------
Model ID / Name:     Qwen/Qwen2.5-3B
Architecture:        Dense Transformer
Quantization Mode:   4-bit NF4 Quantization (BitsAndBytes)
Precision Base:      torch.bfloat16
Total Parameters:    1,698,672,640 (1.70 B)
Total Memory in RAM: 1.87 GB
Dimensions:          Layers: 36, Hidden Size: 2048, KV Heads: 2, Head Dim: 128

[2] TOPOLOGY & COMPONENT DISTRIBUTION
--------------------------------------------------------------------------------
  • Worker-Node (192.168.8.130:9900):
    Allocated: layers 0-35
  • Local: vithurshan-HP-250-G8-Notebook-PC + NVIDIA GeForce RTX 3060 Laptop GPU:
    Allocated: embedding, lm_head + norm

[3] GENERATION METADATA
--------------------------------------------------------------------------------
Temperature:         0.0
Prompt Tokens:       85 tokens
Generated Tokens:    120 tokens
Total Sequence:      205 tokens

[4] LATENCY & THROUGHPUT METRICS
--------------------------------------------------------------------------------
Time to First Token (TTFT): 32.652s (Prefill: 2.6 tok/s)
Decode Time:                492.829s (Decode: 0.2 tok/s)
Total End-to-End Latency:   525.481s
Per-token Latency (Avg):    4.141s
Per-token Latency (Min):    3.646s
Per-token Latency (Max):    9.173s
Per-token Latency (P50):    3.819s
Per-token Latency (P90):    5.504s
Per-token Latency (P99):    6.346s

[5] NETWORK PAYLOAD & DATA TRANSFER
--------------------------------------------------------------------------------
Total Data Sent:            37.99 MB
Total Data Received:        30.56 MB
Total Network I/O:          68.56 MB
Avg Network Rate:           0.13 MB/s

Node Breakdown:
  • Worker-Node (192.168.8.130:9900): Sent: 37.99 MB, Received: 30.56 MB

[6] HARDWARE & MEMORY FOOTPRINT (PER NODE)
--------------------------------------------------------------------------------
Local Device:               cuda
GPU VRAM Before:            2.05 GB
GPU VRAM After:             2.05 GB
GPU VRAM Delta:             306.50 KB
KV Cache Total (est):       7.21 MB

Node Memory Breakdown (Layer Weights + Active KV Cache):
  • Local: vithurshan-HP-250-G8-Notebook-PC + NVIDIA GeForce RTX 3060 Laptop GPU:
    - Assigned:      embedding, lm_head + norm
    - Layer Memory:  1.16 GB
    - Active KV:     0.00 B
    - Total Footprint: 2.05 GB (VRAM)
  • Worker-Node (192.168.8.130:9900):
    - Assigned:      layers 0-35
    - Layer Memory:  3.21 GB
    - Active KV:     7.17 MB
    - Total Footprint: 4.93 GB (Process RAM)
================================================================================

================================================================================
INFERENCE AUDIT REPORT — 2026-08-29 13:39:52
================================================================================

[1] MODEL INFORMATION
--------------------------------------------------------------------------------
Model ID / Name:     Qwen/Qwen2.5-3B
Architecture:        Dense Transformer
Quantization Mode:   4-bit NF4 Quantization (BitsAndBytes)
Precision Base:      torch.bfloat16
Total Parameters:    1,698,672,640 (1.70 B)
Total Memory in RAM: 1.87 GB
Dimensions:          Layers: 36, Hidden Size: 2048, KV Heads: 2, Head Dim: 128

[2] TOPOLOGY & COMPONENT DISTRIBUTION
--------------------------------------------------------------------------------
  • Worker-Node (192.168.8.130:9900):
    Allocated: layers 0-35
  • Local: vithurshan-HP-250-G8-Notebook-PC + NVIDIA GeForce RTX 3060 Laptop GPU:
    Allocated: embedding, lm_head + norm

[3] GENERATION METADATA
--------------------------------------------------------------------------------
Temperature:         0.0
Prompt Tokens:       39 tokens
Generated Tokens:    80 tokens
Total Sequence:      119 tokens

[4] LATENCY & THROUGHPUT METRICS
--------------------------------------------------------------------------------
Time to First Token (TTFT): 16.332s (Prefill: 2.4 tok/s)
Decode Time:                394.359s (Decode: 0.2 tok/s)
Total End-to-End Latency:   410.690s
Per-token Latency (Avg):    4.992s
Per-token Latency (Min):    4.725s
Per-token Latency (Max):    6.097s
Per-token Latency (P50):    4.923s
Per-token Latency (P90):    5.262s
Per-token Latency (P99):    6.097s

[5] NETWORK PAYLOAD & DATA TRANSFER
--------------------------------------------------------------------------------
Total Data Sent:            22.48 MB
Total Data Received:        17.85 MB
Total Network I/O:          40.32 MB
Avg Network Rate:           0.10 MB/s

Node Breakdown:
  • Worker-Node (192.168.8.130:9900): Sent: 22.48 MB, Received: 17.85 MB

[6] HARDWARE & MEMORY FOOTPRINT (PER NODE)
--------------------------------------------------------------------------------
Local Device:               cuda
GPU VRAM Before:            2.05 GB
GPU VRAM After:             2.05 GB
GPU VRAM Delta:             8.42 MB
KV Cache Total (est):       4.18 MB

Node Memory Breakdown (Layer Weights + Active KV Cache):
  • Local: vithurshan-HP-250-G8-Notebook-PC + NVIDIA GeForce RTX 3060 Laptop GPU:
    - Assigned:      embedding, lm_head + norm
    - Layer Memory:  1.16 GB
    - Active KV:     0.00 B
    - Total Footprint: 2.05 GB (VRAM)
  • Worker-Node (192.168.8.130:9900):
    - Assigned:      layers 0-35
    - Layer Memory:  1.77 GB
    - Active KV:     4.15 MB
    - Total Footprint: 4.78 GB (Process RAM)
================================================================================

================================================================================
INFERENCE AUDIT REPORT — 2026-08-29 14:01:24
================================================================================

[1] MODEL INFORMATION
--------------------------------------------------------------------------------
Model ID / Name:     Qwen/Qwen2.5-3B
Architecture:        Dense Transformer
Quantization Mode:   8-bit Quantization (BitsAndBytes)
Precision Base:      torch.float16
Total Parameters:    3,085,938,688 (3.09 B)
Total Memory in RAM: 3.16 GB
Dimensions:          Layers: 36, Hidden Size: 2048, KV Heads: 2, Head Dim: 128

[2] TOPOLOGY & COMPONENT DISTRIBUTION
--------------------------------------------------------------------------------
  • Local: vithurshan-HP-250-G8-Notebook-PC + NVIDIA GeForce RTX 3060 Laptop GPU:
    Allocated: layers 0-35, embedding, lm_head + norm

[3] GENERATION METADATA
--------------------------------------------------------------------------------
Temperature:         0.0
Prompt Tokens:       10 tokens
Generated Tokens:    20 tokens
Total Sequence:      30 tokens

[4] LATENCY & THROUGHPUT METRICS
--------------------------------------------------------------------------------
Time to First Token (TTFT): 807.9ms (Prefill: 12.4 tok/s)
Decode Time:                2.832s (Decode: 6.7 tok/s)
Total End-to-End Latency:   3.640s
Per-token Latency (Avg):    149.0ms
Per-token Latency (Min):    136.7ms
Per-token Latency (Max):    193.8ms
Per-token Latency (P50):    145.1ms
Per-token Latency (P90):    160.4ms
Per-token Latency (P99):    193.8ms

[5] NETWORK PAYLOAD & DATA TRANSFER
--------------------------------------------------------------------------------
Total Data Sent:            0.00 B
Total Data Received:        0.00 B
Total Network I/O:          0.00 B
Avg Network Rate:           0.00 MB/s

Node Breakdown:
  • Fully Local Execution (0 network bytes)

[6] HARDWARE & MEMORY FOOTPRINT (PER NODE)
--------------------------------------------------------------------------------
Local Device:               cuda
GPU VRAM Before:            3.17 GB
GPU VRAM After:             3.32 GB
GPU VRAM Delta:             153.20 MB
KV Cache Total (est):       1.05 MB

Node Memory Breakdown (Layer Weights + Active KV Cache):
  • Local: vithurshan-HP-250-G8-Notebook-PC + NVIDIA GeForce RTX 3060 Laptop GPU:
    - Assigned:      layers 0-35, embedding, lm_head + norm
    - Layer Memory:  3.74 GB
    - Active KV:     1.02 MB
    - Total Footprint: 3.32 GB (VRAM)
================================================================================

================================================================================
INFERENCE AUDIT REPORT — 2026-08-29 14:01:38
================================================================================

[1] MODEL INFORMATION
--------------------------------------------------------------------------------
Model ID / Name:     Qwen/Qwen2.5-3B
Architecture:        Dense Transformer
Quantization Mode:   8-bit Quantization (BitsAndBytes)
Precision Base:      torch.float16
Total Parameters:    3,085,938,688 (3.09 B)
Total Memory in RAM: 3.16 GB
Dimensions:          Layers: 36, Hidden Size: 2048, KV Heads: 2, Head Dim: 128

[2] TOPOLOGY & COMPONENT DISTRIBUTION
--------------------------------------------------------------------------------
  • Local: vithurshan-HP-250-G8-Notebook-PC + NVIDIA GeForce RTX 3060 Laptop GPU:
    Allocated: layers 0-35, embedding, lm_head + norm

[3] GENERATION METADATA
--------------------------------------------------------------------------------
Temperature:         0.0
Prompt Tokens:       8 tokens
Generated Tokens:    80 tokens
Total Sequence:      88 tokens

[4] LATENCY & THROUGHPUT METRICS
--------------------------------------------------------------------------------
Time to First Token (TTFT): 162.2ms (Prefill: 49.3 tok/s)
Decode Time:                12.230s (Decode: 6.5 tok/s)
Total End-to-End Latency:   12.392s
Per-token Latency (Avg):    154.8ms
Per-token Latency (Min):    136.2ms
Per-token Latency (Max):    515.5ms
Per-token Latency (P50):    148.2ms
Per-token Latency (P90):    162.4ms
Per-token Latency (P99):    515.5ms

[5] NETWORK PAYLOAD & DATA TRANSFER
--------------------------------------------------------------------------------
Total Data Sent:            0.00 B
Total Data Received:        0.00 B
Total Network I/O:          0.00 B
Avg Network Rate:           0.00 MB/s

Node Breakdown:
  • Fully Local Execution (0 network bytes)

[6] HARDWARE & MEMORY FOOTPRINT (PER NODE)
--------------------------------------------------------------------------------
Local Device:               cuda
GPU VRAM Before:            3.18 GB
GPU VRAM After:             3.69 GB
GPU VRAM Delta:             527.18 MB
KV Cache Total (est):       3.09 MB

Node Memory Breakdown (Layer Weights + Active KV Cache):
  • Local: vithurshan-HP-250-G8-Notebook-PC + NVIDIA GeForce RTX 3060 Laptop GPU:
    - Assigned:      layers 0-35, embedding, lm_head + norm
    - Layer Memory:  3.74 GB
    - Active KV:     3.06 MB
    - Total Footprint: 3.69 GB (VRAM)
================================================================================

================================================================================
INFERENCE AUDIT REPORT — 2026-08-29 14:01:49
================================================================================

[1] MODEL INFORMATION
--------------------------------------------------------------------------------
Model ID / Name:     Qwen/Qwen2.5-3B
Architecture:        Dense Transformer
Quantization Mode:   8-bit Quantization (BitsAndBytes)
Precision Base:      torch.float16
Total Parameters:    3,085,938,688 (3.09 B)
Total Memory in RAM: 3.16 GB
Dimensions:          Layers: 36, Hidden Size: 2048, KV Heads: 2, Head Dim: 128

[2] TOPOLOGY & COMPONENT DISTRIBUTION
--------------------------------------------------------------------------------
  • Local: vithurshan-HP-250-G8-Notebook-PC + NVIDIA GeForce RTX 3060 Laptop GPU:
    Allocated: layers 0-35, embedding, lm_head + norm

[3] GENERATION METADATA
--------------------------------------------------------------------------------
Temperature:         0.0
Prompt Tokens:       39 tokens
Generated Tokens:    80 tokens
Total Sequence:      119 tokens

[4] LATENCY & THROUGHPUT METRICS
--------------------------------------------------------------------------------
Time to First Token (TTFT): 176.5ms (Prefill: 220.9 tok/s)
Decode Time:                10.043s (Decode: 7.9 tok/s)
Total End-to-End Latency:   10.220s
Per-token Latency (Avg):    127.1ms
Per-token Latency (Min):    111.1ms
Per-token Latency (Max):    415.5ms
Per-token Latency (P50):    121.4ms
Per-token Latency (P90):    137.3ms
Per-token Latency (P99):    415.5ms

[5] NETWORK PAYLOAD & DATA TRANSFER
--------------------------------------------------------------------------------
Total Data Sent:            0.00 B
Total Data Received:        0.00 B
Total Network I/O:          0.00 B
Avg Network Rate:           0.00 MB/s

Node Breakdown:
  • Fully Local Execution (0 network bytes)

[6] HARDWARE & MEMORY FOOTPRINT (PER NODE)
--------------------------------------------------------------------------------
Local Device:               cuda
GPU VRAM Before:            3.18 GB
GPU VRAM After:             3.91 GB
GPU VRAM Delta:             745.87 MB
KV Cache Total (est):       4.18 MB

Node Memory Breakdown (Layer Weights + Active KV Cache):
  • Local: vithurshan-HP-250-G8-Notebook-PC + NVIDIA GeForce RTX 3060 Laptop GPU:
    - Assigned:      layers 0-35, embedding, lm_head + norm
    - Layer Memory:  3.74 GB
    - Active KV:     4.15 MB
    - Total Footprint: 3.91 GB (VRAM)
================================================================================

================================================================================
INFERENCE AUDIT REPORT — 2026-08-29 14:01:54
================================================================================

[1] MODEL INFORMATION
--------------------------------------------------------------------------------
Model ID / Name:     Qwen/Qwen2.5-3B
Architecture:        Dense Transformer
Quantization Mode:   8-bit Quantization (BitsAndBytes)
Precision Base:      torch.float16
Total Parameters:    3,085,938,688 (3.09 B)
Total Memory in RAM: 3.16 GB
Dimensions:          Layers: 36, Hidden Size: 2048, KV Heads: 2, Head Dim: 128

[2] TOPOLOGY & COMPONENT DISTRIBUTION
--------------------------------------------------------------------------------
  • Local: vithurshan-HP-250-G8-Notebook-PC + NVIDIA GeForce RTX 3060 Laptop GPU:
    Allocated: layers 0-35, embedding, lm_head + norm

[3] GENERATION METADATA
--------------------------------------------------------------------------------
Temperature:         0.0
Prompt Tokens:       85 tokens
Generated Tokens:    25 tokens
Total Sequence:      110 tokens

[4] LATENCY & THROUGHPUT METRICS
--------------------------------------------------------------------------------
Time to First Token (TTFT): 170.9ms (Prefill: 497.3 tok/s)
Decode Time:                2.941s (Decode: 8.2 tok/s)
Total End-to-End Latency:   3.111s
Per-token Latency (Avg):    122.5ms
Per-token Latency (Min):    113.8ms
Per-token Latency (Max):    156.6ms
Per-token Latency (P50):    120.8ms
Per-token Latency (P90):    131.2ms
Per-token Latency (P99):    156.6ms

[5] NETWORK PAYLOAD & DATA TRANSFER
--------------------------------------------------------------------------------
Total Data Sent:            0.00 B
Total Data Received:        0.00 B
Total Network I/O:          0.00 B
Avg Network Rate:           0.00 MB/s

Node Breakdown:
  • Fully Local Execution (0 network bytes)

[6] HARDWARE & MEMORY FOOTPRINT (PER NODE)
--------------------------------------------------------------------------------
Local Device:               cuda
GPU VRAM Before:            3.18 GB
GPU VRAM After:             3.73 GB
GPU VRAM Delta:             567.18 MB
KV Cache Total (est):       3.87 MB

Node Memory Breakdown (Layer Weights + Active KV Cache):
  • Local: vithurshan-HP-250-G8-Notebook-PC + NVIDIA GeForce RTX 3060 Laptop GPU:
    - Assigned:      layers 0-35, embedding, lm_head + norm
    - Layer Memory:  3.74 GB
    - Active KV:     3.83 MB
    - Total Footprint: 3.73 GB (VRAM)
================================================================================

================================================================================
INFERENCE AUDIT REPORT — 2026-08-29 14:02:10
================================================================================

[1] MODEL INFORMATION
--------------------------------------------------------------------------------
Model ID / Name:     Qwen/Qwen2.5-3B
Architecture:        Dense Transformer
Quantization Mode:   8-bit Quantization (BitsAndBytes)
Precision Base:      torch.float16
Total Parameters:    3,085,938,688 (3.09 B)
Total Memory in RAM: 3.16 GB
Dimensions:          Layers: 36, Hidden Size: 2048, KV Heads: 2, Head Dim: 128

[2] TOPOLOGY & COMPONENT DISTRIBUTION
--------------------------------------------------------------------------------
  • Local: vithurshan-HP-250-G8-Notebook-PC + NVIDIA GeForce RTX 3060 Laptop GPU:
    Allocated: layers 0-35, embedding, lm_head + norm

[3] GENERATION METADATA
--------------------------------------------------------------------------------
Temperature:         0.0
Prompt Tokens:       85 tokens
Generated Tokens:    120 tokens
Total Sequence:      205 tokens

[4] LATENCY & THROUGHPUT METRICS
--------------------------------------------------------------------------------
Time to First Token (TTFT): 149.2ms (Prefill: 569.5 tok/s)
Decode Time:                15.160s (Decode: 7.8 tok/s)
Total End-to-End Latency:   15.309s
Per-token Latency (Avg):    127.4ms
Per-token Latency (Min):    111.7ms
Per-token Latency (Max):    464.7ms
Per-token Latency (P50):    122.0ms
Per-token Latency (P90):    129.5ms
Per-token Latency (P99):    387.6ms

[5] NETWORK PAYLOAD & DATA TRANSFER
--------------------------------------------------------------------------------
Total Data Sent:            0.00 B
Total Data Received:        0.00 B
Total Network I/O:          0.00 B
Avg Network Rate:           0.00 MB/s

Node Breakdown:
  • Fully Local Execution (0 network bytes)

[6] HARDWARE & MEMORY FOOTPRINT (PER NODE)
--------------------------------------------------------------------------------
Local Device:               cuda
GPU VRAM Before:            3.18 GB
GPU VRAM After:             4.66 GB
GPU VRAM Delta:             1.48 GB
KV Cache Total (est):       7.21 MB

Node Memory Breakdown (Layer Weights + Active KV Cache):
  • Local: vithurshan-HP-250-G8-Notebook-PC + NVIDIA GeForce RTX 3060 Laptop GPU:
    - Assigned:      layers 0-35, embedding, lm_head + norm
    - Layer Memory:  3.74 GB
    - Active KV:     7.17 MB
    - Total Footprint: 4.66 GB (VRAM)
================================================================================

================================================================================
INFERENCE AUDIT REPORT — 2026-08-29 14:10:51
================================================================================

[1] MODEL INFORMATION
--------------------------------------------------------------------------------
Model ID / Name:     Qwen/Qwen2.5-3B
Architecture:        Dense Transformer
Quantization Mode:   8-bit Quantization (BitsAndBytes)
Precision Base:      torch.float16
Total Parameters:    3,085,938,688 (3.09 B)
Total Memory in RAM: 3.16 GB
Dimensions:          Layers: 36, Hidden Size: 2048, KV Heads: 2, Head Dim: 128

[2] TOPOLOGY & COMPONENT DISTRIBUTION
--------------------------------------------------------------------------------
  • Worker-Node (192.168.8.130:9900):
    Allocated: layers 0-8
  • Local: vithurshan-HP-250-G8-Notebook-PC + NVIDIA GeForce RTX 3060 Laptop GPU:
    Allocated: layers 9-35, embedding, lm_head + norm

[3] GENERATION METADATA
--------------------------------------------------------------------------------
Temperature:         0.0
Prompt Tokens:       10 tokens
Generated Tokens:    20 tokens
Total Sequence:      30 tokens

[4] LATENCY & THROUGHPUT METRICS
--------------------------------------------------------------------------------
Time to First Token (TTFT): 2.089s (Prefill: 4.8 tok/s)
Decode Time:                25.287s (Decode: 0.8 tok/s)
Total End-to-End Latency:   27.376s
Per-token Latency (Avg):    1.331s
Per-token Latency (Min):    1.289s
Per-token Latency (Max):    1.386s
Per-token Latency (P50):    1.333s
Per-token Latency (P90):    1.367s
Per-token Latency (P99):    1.386s

[5] NETWORK PAYLOAD & DATA TRANSFER
--------------------------------------------------------------------------------
Total Data Sent:            1.38 MB
Total Data Received:        1.10 MB
Total Network I/O:          2.48 MB
Avg Network Rate:           0.09 MB/s

Node Breakdown:
  • Worker-Node (192.168.8.130:9900): Sent: 1.38 MB, Received: 1.10 MB

[6] HARDWARE & MEMORY FOOTPRINT (PER NODE)
--------------------------------------------------------------------------------
Local Device:               cuda
GPU VRAM Before:            3.18 GB
GPU VRAM After:             3.28 GB
GPU VRAM Delta:             107.11 MB
KV Cache Total (est):       1.05 MB

Node Memory Breakdown (Layer Weights + Active KV Cache):
  • Local: vithurshan-HP-250-G8-Notebook-PC + NVIDIA GeForce RTX 3060 Laptop GPU:
    - Assigned:      layers 9-35, embedding, lm_head + norm
    - Layer Memory:  3.10 GB
    - Active KV:     783.00 KB
    - Total Footprint: 3.28 GB (VRAM)
  • Worker-Node (192.168.8.130:9900):
    - Assigned:      layers 0-8
    - Layer Memory:  1.13 GB
    - Active KV:     261.00 KB
    - Total Footprint: 3.12 GB (Process RAM)
================================================================================

================================================================================
INFERENCE AUDIT REPORT — 2026-08-29 14:12:43
================================================================================

[1] MODEL INFORMATION
--------------------------------------------------------------------------------
Model ID / Name:     Qwen/Qwen2.5-3B
Architecture:        Dense Transformer
Quantization Mode:   8-bit Quantization (BitsAndBytes)
Precision Base:      torch.float16
Total Parameters:    3,085,938,688 (3.09 B)
Total Memory in RAM: 3.16 GB
Dimensions:          Layers: 36, Hidden Size: 2048, KV Heads: 2, Head Dim: 128

[2] TOPOLOGY & COMPONENT DISTRIBUTION
--------------------------------------------------------------------------------
  • Worker-Node (192.168.8.130:9900):
    Allocated: layers 0-8
  • Local: vithurshan-HP-250-G8-Notebook-PC + NVIDIA GeForce RTX 3060 Laptop GPU:
    Allocated: layers 9-35, embedding, lm_head + norm

[3] GENERATION METADATA
--------------------------------------------------------------------------------
Temperature:         0.0
Prompt Tokens:       8 tokens
Generated Tokens:    80 tokens
Total Sequence:      88 tokens

[4] LATENCY & THROUGHPUT METRICS
--------------------------------------------------------------------------------
Time to First Token (TTFT): 1.891s (Prefill: 4.2 tok/s)
Decode Time:                108.510s (Decode: 0.7 tok/s)
Total End-to-End Latency:   110.401s
Per-token Latency (Avg):    1.374s
Per-token Latency (Min):    1.291s
Per-token Latency (Max):    1.634s
Per-token Latency (P50):    1.362s
Per-token Latency (P90):    1.413s
Per-token Latency (P99):    1.634s

[5] NETWORK PAYLOAD & DATA TRANSFER
--------------------------------------------------------------------------------
Total Data Sent:            4.39 MB
Total Data Received:        3.37 MB
Total Network I/O:          7.76 MB
Avg Network Rate:           0.07 MB/s

Node Breakdown:
  • Worker-Node (192.168.8.130:9900): Sent: 4.39 MB, Received: 3.37 MB

[6] HARDWARE & MEMORY FOOTPRINT (PER NODE)
--------------------------------------------------------------------------------
Local Device:               cuda
GPU VRAM Before:            3.18 GB
GPU VRAM After:             3.56 GB
GPU VRAM Delta:             392.39 MB
KV Cache Total (est):       3.09 MB

Node Memory Breakdown (Layer Weights + Active KV Cache):
  • Local: vithurshan-HP-250-G8-Notebook-PC + NVIDIA GeForce RTX 3060 Laptop GPU:
    - Assigned:      layers 9-35, embedding, lm_head + norm
    - Layer Memory:  3.10 GB
    - Active KV:     2.29 MB
    - Total Footprint: 3.56 GB (VRAM)
  • Worker-Node (192.168.8.130:9900):
    - Assigned:      layers 0-8
    - Layer Memory:  1.13 GB
    - Active KV:     783.00 KB
    - Total Footprint: 3.12 GB (Process RAM)
================================================================================

================================================================================
INFERENCE AUDIT REPORT — 2026-08-29 14:14:33
================================================================================

[1] MODEL INFORMATION
--------------------------------------------------------------------------------
Model ID / Name:     Qwen/Qwen2.5-3B
Architecture:        Dense Transformer
Quantization Mode:   8-bit Quantization (BitsAndBytes)
Precision Base:      torch.float16
Total Parameters:    3,085,938,688 (3.09 B)
Total Memory in RAM: 3.16 GB
Dimensions:          Layers: 36, Hidden Size: 2048, KV Heads: 2, Head Dim: 128

[2] TOPOLOGY & COMPONENT DISTRIBUTION
--------------------------------------------------------------------------------
  • Worker-Node (192.168.8.130:9900):
    Allocated: layers 0-8
  • Local: vithurshan-HP-250-G8-Notebook-PC + NVIDIA GeForce RTX 3060 Laptop GPU:
    Allocated: layers 9-35, embedding, lm_head + norm

[3] GENERATION METADATA
--------------------------------------------------------------------------------
Temperature:         0.0
Prompt Tokens:       39 tokens
Generated Tokens:    80 tokens
Total Sequence:      119 tokens

[4] LATENCY & THROUGHPUT METRICS
--------------------------------------------------------------------------------
Time to First Token (TTFT): 3.588s (Prefill: 10.9 tok/s)
Decode Time:                106.198s (Decode: 0.7 tok/s)
Total End-to-End Latency:   109.787s
Per-token Latency (Avg):    1.344s
Per-token Latency (Min):    1.265s
Per-token Latency (Max):    1.705s
Per-token Latency (P50):    1.336s
Per-token Latency (P90):    1.393s
Per-token Latency (P99):    1.705s

[5] NETWORK PAYLOAD & DATA TRANSFER
--------------------------------------------------------------------------------
Total Data Sent:            5.62 MB
Total Data Received:        4.46 MB
Total Network I/O:          10.08 MB
Avg Network Rate:           0.09 MB/s

Node Breakdown:
  • Worker-Node (192.168.8.130:9900): Sent: 5.62 MB, Received: 4.46 MB

[6] HARDWARE & MEMORY FOOTPRINT (PER NODE)
--------------------------------------------------------------------------------
Local Device:               cuda
GPU VRAM Before:            3.18 GB
GPU VRAM After:             3.72 GB
GPU VRAM Delta:             554.10 MB
KV Cache Total (est):       4.18 MB

Node Memory Breakdown (Layer Weights + Active KV Cache):
  • Local: vithurshan-HP-250-G8-Notebook-PC + NVIDIA GeForce RTX 3060 Laptop GPU:
    - Assigned:      layers 9-35, embedding, lm_head + norm
    - Layer Memory:  3.10 GB
    - Active KV:     3.11 MB
    - Total Footprint: 3.72 GB (VRAM)
  • Worker-Node (192.168.8.130:9900):
    - Assigned:      layers 0-8
    - Layer Memory:  1.13 GB
    - Active KV:     1.04 MB
    - Total Footprint: 3.12 GB (Process RAM)
================================================================================

================================================================================
INFERENCE AUDIT REPORT — 2026-08-29 14:15:13
================================================================================

[1] MODEL INFORMATION
--------------------------------------------------------------------------------
Model ID / Name:     Qwen/Qwen2.5-3B
Architecture:        Dense Transformer
Quantization Mode:   8-bit Quantization (BitsAndBytes)
Precision Base:      torch.float16
Total Parameters:    3,085,938,688 (3.09 B)
Total Memory in RAM: 3.16 GB
Dimensions:          Layers: 36, Hidden Size: 2048, KV Heads: 2, Head Dim: 128

[2] TOPOLOGY & COMPONENT DISTRIBUTION
--------------------------------------------------------------------------------
  • Worker-Node (192.168.8.130:9900):
    Allocated: layers 0-8
  • Local: vithurshan-HP-250-G8-Notebook-PC + NVIDIA GeForce RTX 3060 Laptop GPU:
    Allocated: layers 9-35, embedding, lm_head + norm

[3] GENERATION METADATA
--------------------------------------------------------------------------------
Temperature:         0.0
Prompt Tokens:       85 tokens
Generated Tokens:    25 tokens
Total Sequence:      110 tokens

[4] LATENCY & THROUGHPUT METRICS
--------------------------------------------------------------------------------
Time to First Token (TTFT): 5.327s (Prefill: 16.0 tok/s)
Decode Time:                32.860s (Decode: 0.7 tok/s)
Total End-to-End Latency:   38.187s
Per-token Latency (Avg):    1.369s
Per-token Latency (Min):    1.302s
Per-token Latency (Max):    1.469s
Per-token Latency (P50):    1.368s
Per-token Latency (P90):    1.419s
Per-token Latency (P99):    1.469s

[5] NETWORK PAYLOAD & DATA TRANSFER
--------------------------------------------------------------------------------
Total Data Sent:            4.61 MB
Total Data Received:        3.93 MB
Total Network I/O:          8.54 MB
Avg Network Rate:           0.22 MB/s

Node Breakdown:
  • Worker-Node (192.168.8.130:9900): Sent: 4.61 MB, Received: 3.93 MB

[6] HARDWARE & MEMORY FOOTPRINT (PER NODE)
--------------------------------------------------------------------------------
Local Device:               cuda
GPU VRAM Before:            3.18 GB
GPU VRAM After:             3.59 GB
GPU VRAM Delta:             421.33 MB
KV Cache Total (est):       3.87 MB

Node Memory Breakdown (Layer Weights + Active KV Cache):
  • Local: vithurshan-HP-250-G8-Notebook-PC + NVIDIA GeForce RTX 3060 Laptop GPU:
    - Assigned:      layers 9-35, embedding, lm_head + norm
    - Layer Memory:  3.10 GB
    - Active KV:     2.87 MB
    - Total Footprint: 3.59 GB (VRAM)
  • Worker-Node (192.168.8.130:9900):
    - Assigned:      layers 0-8
    - Layer Memory:  1.13 GB
    - Active KV:     981.00 KB
    - Total Footprint: 3.12 GB (Process RAM)
================================================================================

================================================================================
INFERENCE AUDIT REPORT — 2026-08-29 14:18:04
================================================================================

[1] MODEL INFORMATION
--------------------------------------------------------------------------------
Model ID / Name:     Qwen/Qwen2.5-3B
Architecture:        Dense Transformer
Quantization Mode:   8-bit Quantization (BitsAndBytes)
Precision Base:      torch.float16
Total Parameters:    3,085,938,688 (3.09 B)
Total Memory in RAM: 3.16 GB
Dimensions:          Layers: 36, Hidden Size: 2048, KV Heads: 2, Head Dim: 128

[2] TOPOLOGY & COMPONENT DISTRIBUTION
--------------------------------------------------------------------------------
  • Worker-Node (192.168.8.130:9900):
    Allocated: layers 0-8
  • Local: vithurshan-HP-250-G8-Notebook-PC + NVIDIA GeForce RTX 3060 Laptop GPU:
    Allocated: layers 9-35, embedding, lm_head + norm

[3] GENERATION METADATA
--------------------------------------------------------------------------------
Temperature:         0.0
Prompt Tokens:       85 tokens
Generated Tokens:    120 tokens
Total Sequence:      205 tokens

[4] LATENCY & THROUGHPUT METRICS
--------------------------------------------------------------------------------
Time to First Token (TTFT): 5.713s (Prefill: 14.9 tok/s)
Decode Time:                164.619s (Decode: 0.7 tok/s)
Total End-to-End Latency:   170.332s
Per-token Latency (Avg):    1.383s
Per-token Latency (Min):    1.264s
Per-token Latency (Max):    2.094s
Per-token Latency (P50):    1.365s
Per-token Latency (P90):    1.439s
Per-token Latency (P99):    1.716s

[5] NETWORK PAYLOAD & DATA TRANSFER
--------------------------------------------------------------------------------
Total Data Sent:            9.50 MB
Total Data Received:        7.64 MB
Total Network I/O:          17.14 MB
Avg Network Rate:           0.10 MB/s

Node Breakdown:
  • Worker-Node (192.168.8.130:9900): Sent: 9.50 MB, Received: 7.64 MB

[6] HARDWARE & MEMORY FOOTPRINT (PER NODE)
--------------------------------------------------------------------------------
Local Device:               cuda
GPU VRAM Before:            3.18 GB
GPU VRAM After:             4.28 GB
GPU VRAM Delta:             1.10 GB
KV Cache Total (est):       7.21 MB

Node Memory Breakdown (Layer Weights + Active KV Cache):
  • Local: vithurshan-HP-250-G8-Notebook-PC + NVIDIA GeForce RTX 3060 Laptop GPU:
    - Assigned:      layers 9-35, embedding, lm_head + norm
    - Layer Memory:  3.10 GB
    - Active KV:     5.38 MB
    - Total Footprint: 4.28 GB (VRAM)
  • Worker-Node (192.168.8.130:9900):
    - Assigned:      layers 0-8
    - Layer Memory:  1.13 GB
    - Active KV:     1.79 MB
    - Total Footprint: 3.12 GB (Process RAM)
================================================================================

================================================================================
INFERENCE AUDIT REPORT — 2026-08-29 14:27:39
================================================================================

[1] MODEL INFORMATION
--------------------------------------------------------------------------------
Model ID / Name:     Qwen/Qwen2.5-3B
Architecture:        Dense Transformer
Quantization Mode:   8-bit Quantization (BitsAndBytes)
Precision Base:      torch.float16
Total Parameters:    3,085,938,688 (3.09 B)
Total Memory in RAM: 3.16 GB
Dimensions:          Layers: 36, Hidden Size: 2048, KV Heads: 2, Head Dim: 128

[2] TOPOLOGY & COMPONENT DISTRIBUTION
--------------------------------------------------------------------------------
  • Worker-Node (192.168.8.130:9900):
    Allocated: layers 0-17
  • Local: vithurshan-HP-250-G8-Notebook-PC + NVIDIA GeForce RTX 3060 Laptop GPU:
    Allocated: layers 18-35, embedding, lm_head + norm

[3] GENERATION METADATA
--------------------------------------------------------------------------------
Temperature:         0.0
Prompt Tokens:       10 tokens
Generated Tokens:    20 tokens
Total Sequence:      30 tokens

[4] LATENCY & THROUGHPUT METRICS
--------------------------------------------------------------------------------
Time to First Token (TTFT): 3.765s (Prefill: 2.7 tok/s)
Decode Time:                46.911s (Decode: 0.4 tok/s)
Total End-to-End Latency:   50.676s
Per-token Latency (Avg):    2.469s
Per-token Latency (Min):    2.409s
Per-token Latency (Max):    2.562s
Per-token Latency (P50):    2.447s
Per-token Latency (P90):    2.537s
Per-token Latency (P99):    2.562s

[5] NETWORK PAYLOAD & DATA TRANSFER
--------------------------------------------------------------------------------
Total Data Sent:            2.77 MB
Total Data Received:        2.19 MB
Total Network I/O:          4.96 MB
Avg Network Rate:           0.10 MB/s

Node Breakdown:
  • Worker-Node (192.168.8.130:9900): Sent: 2.77 MB, Received: 2.19 MB

[6] HARDWARE & MEMORY FOOTPRINT (PER NODE)
--------------------------------------------------------------------------------
Local Device:               cuda
GPU VRAM Before:            3.18 GB
GPU VRAM After:             3.25 GB
GPU VRAM Delta:             70.33 MB
KV Cache Total (est):       1.05 MB

Node Memory Breakdown (Layer Weights + Active KV Cache):
  • Local: vithurshan-HP-250-G8-Notebook-PC + NVIDIA GeForce RTX 3060 Laptop GPU:
    - Assigned:      layers 18-35, embedding, lm_head + norm
    - Layer Memory:  2.45 GB
    - Active KV:     522.00 KB
    - Total Footprint: 3.25 GB (VRAM)
  • Worker-Node (192.168.8.130:9900):
    - Assigned:      layers 0-17
    - Layer Memory:  1.77 GB
    - Active KV:     522.00 KB
    - Total Footprint: 3.96 GB (Process RAM)
================================================================================

================================================================================
INFERENCE AUDIT REPORT — 2026-08-29 14:31:06
================================================================================

[1] MODEL INFORMATION
--------------------------------------------------------------------------------
Model ID / Name:     Qwen/Qwen2.5-3B
Architecture:        Dense Transformer
Quantization Mode:   8-bit Quantization (BitsAndBytes)
Precision Base:      torch.float16
Total Parameters:    3,085,938,688 (3.09 B)
Total Memory in RAM: 3.16 GB
Dimensions:          Layers: 36, Hidden Size: 2048, KV Heads: 2, Head Dim: 128

[2] TOPOLOGY & COMPONENT DISTRIBUTION
--------------------------------------------------------------------------------
  • Worker-Node (192.168.8.130:9900):
    Allocated: layers 0-17
  • Local: vithurshan-HP-250-G8-Notebook-PC + NVIDIA GeForce RTX 3060 Laptop GPU:
    Allocated: layers 18-35, embedding, lm_head + norm

[3] GENERATION METADATA
--------------------------------------------------------------------------------
Temperature:         0.0
Prompt Tokens:       8 tokens
Generated Tokens:    80 tokens
Total Sequence:      88 tokens

[4] LATENCY & THROUGHPUT METRICS
--------------------------------------------------------------------------------
Time to First Token (TTFT): 4.294s (Prefill: 1.9 tok/s)
Decode Time:                201.602s (Decode: 0.4 tok/s)
Total End-to-End Latency:   205.896s
Per-token Latency (Avg):    2.552s
Per-token Latency (Min):    2.399s
Per-token Latency (Max):    3.522s
Per-token Latency (P50):    2.495s
Per-token Latency (P90):    2.755s
Per-token Latency (P99):    3.522s

[5] NETWORK PAYLOAD & DATA TRANSFER
--------------------------------------------------------------------------------
Total Data Sent:            8.78 MB
Total Data Received:        6.74 MB
Total Network I/O:          15.52 MB
Avg Network Rate:           0.08 MB/s

Node Breakdown:
  • Worker-Node (192.168.8.130:9900): Sent: 8.78 MB, Received: 6.74 MB

[6] HARDWARE & MEMORY FOOTPRINT (PER NODE)
--------------------------------------------------------------------------------
Local Device:               cuda
GPU VRAM Before:            3.18 GB
GPU VRAM After:             3.43 GB
GPU VRAM Delta:             257.28 MB
KV Cache Total (est):       3.09 MB

Node Memory Breakdown (Layer Weights + Active KV Cache):
  • Local: vithurshan-HP-250-G8-Notebook-PC + NVIDIA GeForce RTX 3060 Laptop GPU:
    - Assigned:      layers 18-35, embedding, lm_head + norm
    - Layer Memory:  2.45 GB
    - Active KV:     1.53 MB
    - Total Footprint: 3.43 GB (VRAM)
  • Worker-Node (192.168.8.130:9900):
    - Assigned:      layers 0-17
    - Layer Memory:  1.77 GB
    - Active KV:     1.53 MB
    - Total Footprint: 3.96 GB (Process RAM)
================================================================================

================================================================================
INFERENCE AUDIT REPORT — 2026-08-29 14:34:36
================================================================================

[1] MODEL INFORMATION
--------------------------------------------------------------------------------
Model ID / Name:     Qwen/Qwen2.5-3B
Architecture:        Dense Transformer
Quantization Mode:   8-bit Quantization (BitsAndBytes)
Precision Base:      torch.float16
Total Parameters:    3,085,938,688 (3.09 B)
Total Memory in RAM: 3.16 GB
Dimensions:          Layers: 36, Hidden Size: 2048, KV Heads: 2, Head Dim: 128

[2] TOPOLOGY & COMPONENT DISTRIBUTION
--------------------------------------------------------------------------------
  • Worker-Node (192.168.8.130:9900):
    Allocated: layers 0-17
  • Local: vithurshan-HP-250-G8-Notebook-PC + NVIDIA GeForce RTX 3060 Laptop GPU:
    Allocated: layers 18-35, embedding, lm_head + norm

[3] GENERATION METADATA
--------------------------------------------------------------------------------
Temperature:         0.0
Prompt Tokens:       39 tokens
Generated Tokens:    80 tokens
Total Sequence:      119 tokens

[4] LATENCY & THROUGHPUT METRICS
--------------------------------------------------------------------------------
Time to First Token (TTFT): 8.620s (Prefill: 4.5 tok/s)
Decode Time:                199.504s (Decode: 0.4 tok/s)
Total End-to-End Latency:   208.123s
Per-token Latency (Avg):    2.525s
Per-token Latency (Min):    2.386s
Per-token Latency (Max):    3.002s
Per-token Latency (P50):    2.506s
Per-token Latency (P90):    2.631s
Per-token Latency (P99):    3.002s

[5] NETWORK PAYLOAD & DATA TRANSFER
--------------------------------------------------------------------------------
Total Data Sent:            11.24 MB
Total Data Received:        8.92 MB
Total Network I/O:          20.16 MB
Avg Network Rate:           0.10 MB/s

Node Breakdown:
  • Worker-Node (192.168.8.130:9900): Sent: 11.24 MB, Received: 8.92 MB

[6] HARDWARE & MEMORY FOOTPRINT (PER NODE)
--------------------------------------------------------------------------------
Local Device:               cuda
GPU VRAM Before:            3.18 GB
GPU VRAM After:             3.53 GB
GPU VRAM Delta:             363.18 MB
KV Cache Total (est):       4.18 MB

Node Memory Breakdown (Layer Weights + Active KV Cache):
  • Local: vithurshan-HP-250-G8-Notebook-PC + NVIDIA GeForce RTX 3060 Laptop GPU:
    - Assigned:      layers 18-35, embedding, lm_head + norm
    - Layer Memory:  2.45 GB
    - Active KV:     2.07 MB
    - Total Footprint: 3.53 GB (VRAM)
  • Worker-Node (192.168.8.130:9900):
    - Assigned:      layers 0-17
    - Layer Memory:  1.77 GB
    - Active KV:     2.07 MB
    - Total Footprint: 3.96 GB (Process RAM)
================================================================================

================================================================================
INFERENCE AUDIT REPORT — 2026-08-29 14:35:50
================================================================================

[1] MODEL INFORMATION
--------------------------------------------------------------------------------
Model ID / Name:     Qwen/Qwen2.5-3B
Architecture:        Dense Transformer
Quantization Mode:   8-bit Quantization (BitsAndBytes)
Precision Base:      torch.float16
Total Parameters:    3,085,938,688 (3.09 B)
Total Memory in RAM: 3.16 GB
Dimensions:          Layers: 36, Hidden Size: 2048, KV Heads: 2, Head Dim: 128

[2] TOPOLOGY & COMPONENT DISTRIBUTION
--------------------------------------------------------------------------------
  • Worker-Node (192.168.8.130:9900):
    Allocated: layers 0-17
  • Local: vithurshan-HP-250-G8-Notebook-PC + NVIDIA GeForce RTX 3060 Laptop GPU:
    Allocated: layers 18-35, embedding, lm_head + norm

[3] GENERATION METADATA
--------------------------------------------------------------------------------
Temperature:         0.0
Prompt Tokens:       85 tokens
Generated Tokens:    25 tokens
Total Sequence:      110 tokens

[4] LATENCY & THROUGHPUT METRICS
--------------------------------------------------------------------------------
Time to First Token (TTFT): 12.536s (Prefill: 6.8 tok/s)
Decode Time:                60.507s (Decode: 0.4 tok/s)
Total End-to-End Latency:   73.044s
Per-token Latency (Avg):    2.521s
Per-token Latency (Min):    2.414s
Per-token Latency (Max):    2.662s
Per-token Latency (P50):    2.515s
Per-token Latency (P90):    2.627s
Per-token Latency (P99):    2.662s

[5] NETWORK PAYLOAD & DATA TRANSFER
--------------------------------------------------------------------------------
Total Data Sent:            9.23 MB
Total Data Received:        7.86 MB
Total Network I/O:          17.09 MB
Avg Network Rate:           0.23 MB/s

Node Breakdown:
  • Worker-Node (192.168.8.130:9900): Sent: 9.23 MB, Received: 7.86 MB

[6] HARDWARE & MEMORY FOOTPRINT (PER NODE)
--------------------------------------------------------------------------------
Local Device:               cuda
GPU VRAM Before:            3.18 GB
GPU VRAM After:             3.45 GB
GPU VRAM Delta:             276.48 MB
KV Cache Total (est):       3.87 MB

Node Memory Breakdown (Layer Weights + Active KV Cache):
  • Local: vithurshan-HP-250-G8-Notebook-PC + NVIDIA GeForce RTX 3060 Laptop GPU:
    - Assigned:      layers 18-35, embedding, lm_head + norm
    - Layer Memory:  2.45 GB
    - Active KV:     1.92 MB
    - Total Footprint: 3.45 GB (VRAM)
  • Worker-Node (192.168.8.130:9900):
    - Assigned:      layers 0-17
    - Layer Memory:  1.77 GB
    - Active KV:     1.92 MB
    - Total Footprint: 3.96 GB (Process RAM)
================================================================================

================================================================================
INFERENCE AUDIT REPORT — 2026-08-29 14:41:06
================================================================================

[1] MODEL INFORMATION
--------------------------------------------------------------------------------
Model ID / Name:     Qwen/Qwen2.5-3B
Architecture:        Dense Transformer
Quantization Mode:   8-bit Quantization (BitsAndBytes)
Precision Base:      torch.float16
Total Parameters:    3,085,938,688 (3.09 B)
Total Memory in RAM: 3.16 GB
Dimensions:          Layers: 36, Hidden Size: 2048, KV Heads: 2, Head Dim: 128

[2] TOPOLOGY & COMPONENT DISTRIBUTION
--------------------------------------------------------------------------------
  • Worker-Node (192.168.8.130:9900):
    Allocated: layers 0-17
  • Local: vithurshan-HP-250-G8-Notebook-PC + NVIDIA GeForce RTX 3060 Laptop GPU:
    Allocated: layers 18-35, embedding, lm_head + norm

[3] GENERATION METADATA
--------------------------------------------------------------------------------
Temperature:         0.0
Prompt Tokens:       85 tokens
Generated Tokens:    120 tokens
Total Sequence:      205 tokens

[4] LATENCY & THROUGHPUT METRICS
--------------------------------------------------------------------------------
Time to First Token (TTFT): 11.253s (Prefill: 7.6 tok/s)
Decode Time:                303.688s (Decode: 0.4 tok/s)
Total End-to-End Latency:   314.941s
Per-token Latency (Avg):    2.552s
Per-token Latency (Min):    2.367s
Per-token Latency (Max):    3.247s
Per-token Latency (P50):    2.526s
Per-token Latency (P90):    2.675s
Per-token Latency (P99):    3.101s

[5] NETWORK PAYLOAD & DATA TRANSFER
--------------------------------------------------------------------------------
Total Data Sent:            19.00 MB
Total Data Received:        15.28 MB
Total Network I/O:          34.27 MB
Avg Network Rate:           0.11 MB/s

Node Breakdown:
  • Worker-Node (192.168.8.130:9900): Sent: 19.00 MB, Received: 15.28 MB

[6] HARDWARE & MEMORY FOOTPRINT (PER NODE)
--------------------------------------------------------------------------------
Local Device:               cuda
GPU VRAM Before:            3.18 GB
GPU VRAM After:             3.90 GB
GPU VRAM Delta:             736.55 MB
KV Cache Total (est):       7.21 MB

Node Memory Breakdown (Layer Weights + Active KV Cache):
  • Local: vithurshan-HP-250-G8-Notebook-PC + NVIDIA GeForce RTX 3060 Laptop GPU:
    - Assigned:      layers 18-35, embedding, lm_head + norm
    - Layer Memory:  2.45 GB
    - Active KV:     3.59 MB
    - Total Footprint: 3.90 GB (VRAM)
  • Worker-Node (192.168.8.130:9900):
    - Assigned:      layers 0-17
    - Layer Memory:  1.77 GB
    - Active KV:     3.59 MB
    - Total Footprint: 3.96 GB (Process RAM)
================================================================================

================================================================================
INFERENCE AUDIT REPORT — 2026-08-29 14:51:12
================================================================================

[1] MODEL INFORMATION
--------------------------------------------------------------------------------
Model ID / Name:     Qwen/Qwen2.5-3B
Architecture:        Dense Transformer
Quantization Mode:   8-bit Quantization (BitsAndBytes)
Precision Base:      torch.float16
Total Parameters:    3,085,938,688 (3.09 B)
Total Memory in RAM: 3.16 GB
Dimensions:          Layers: 36, Hidden Size: 2048, KV Heads: 2, Head Dim: 128

[2] TOPOLOGY & COMPONENT DISTRIBUTION
--------------------------------------------------------------------------------
  • Worker-Node (192.168.8.130:9900):
    Allocated: layers 0-26
  • Local: vithurshan-HP-250-G8-Notebook-PC + NVIDIA GeForce RTX 3060 Laptop GPU:
    Allocated: layers 27-35, embedding, lm_head + norm

[3] GENERATION METADATA
--------------------------------------------------------------------------------
Temperature:         0.0
Prompt Tokens:       10 tokens
Generated Tokens:    20 tokens
Total Sequence:      30 tokens

[4] LATENCY & THROUGHPUT METRICS
--------------------------------------------------------------------------------
Time to First Token (TTFT): 5.670s (Prefill: 1.8 tok/s)
Decode Time:                73.742s (Decode: 0.3 tok/s)
Total End-to-End Latency:   79.412s
Per-token Latency (Avg):    3.881s
Per-token Latency (Min):    3.653s
Per-token Latency (Max):    4.260s
Per-token Latency (P50):    3.854s
Per-token Latency (P90):    4.198s
Per-token Latency (P99):    4.260s

[5] NETWORK PAYLOAD & DATA TRANSFER
--------------------------------------------------------------------------------
Total Data Sent:            4.15 MB
Total Data Received:        3.29 MB
Total Network I/O:          7.45 MB
Avg Network Rate:           0.09 MB/s

Node Breakdown:
  • Worker-Node (192.168.8.130:9900): Sent: 4.16 MB, Received: 3.29 MB

[6] HARDWARE & MEMORY FOOTPRINT (PER NODE)
--------------------------------------------------------------------------------
Local Device:               cuda
GPU VRAM Before:            3.18 GB
GPU VRAM After:             3.21 GB
GPU VRAM Delta:             33.69 MB
KV Cache Total (est):       1.05 MB

Node Memory Breakdown (Layer Weights + Active KV Cache):
  • Local: vithurshan-HP-250-G8-Notebook-PC + NVIDIA GeForce RTX 3060 Laptop GPU:
    - Assigned:      layers 27-35, embedding, lm_head + norm
    - Layer Memory:  1.81 GB
    - Active KV:     261.00 KB
    - Total Footprint: 3.21 GB (VRAM)
  • Worker-Node (192.168.8.130:9900):
    - Assigned:      layers 0-26
    - Layer Memory:  2.42 GB
    - Active KV:     783.00 KB
    - Total Footprint: 4.59 GB (Process RAM)
================================================================================

================================================================================
INFERENCE AUDIT REPORT — 2026-08-29 14:56:18
================================================================================

[1] MODEL INFORMATION
--------------------------------------------------------------------------------
Model ID / Name:     Qwen/Qwen2.5-3B
Architecture:        Dense Transformer
Quantization Mode:   8-bit Quantization (BitsAndBytes)
Precision Base:      torch.float16
Total Parameters:    3,085,938,688 (3.09 B)
Total Memory in RAM: 3.16 GB
Dimensions:          Layers: 36, Hidden Size: 2048, KV Heads: 2, Head Dim: 128

[2] TOPOLOGY & COMPONENT DISTRIBUTION
--------------------------------------------------------------------------------
  • Worker-Node (192.168.8.130:9900):
    Allocated: layers 0-26
  • Local: vithurshan-HP-250-G8-Notebook-PC + NVIDIA GeForce RTX 3060 Laptop GPU:
    Allocated: layers 27-35, embedding, lm_head + norm

[3] GENERATION METADATA
--------------------------------------------------------------------------------
Temperature:         0.0
Prompt Tokens:       8 tokens
Generated Tokens:    80 tokens
Total Sequence:      88 tokens

[4] LATENCY & THROUGHPUT METRICS
--------------------------------------------------------------------------------
Time to First Token (TTFT): 6.397s (Prefill: 1.3 tok/s)
Decode Time:                298.726s (Decode: 0.3 tok/s)
Total End-to-End Latency:   305.123s
Per-token Latency (Avg):    3.781s
Per-token Latency (Min):    3.573s
Per-token Latency (Max):    4.186s
Per-token Latency (P50):    3.776s
Per-token Latency (P90):    3.888s
Per-token Latency (P99):    4.186s

[5] NETWORK PAYLOAD & DATA TRANSFER
--------------------------------------------------------------------------------
Total Data Sent:            13.17 MB
Total Data Received:        10.11 MB
Total Network I/O:          23.28 MB
Avg Network Rate:           0.08 MB/s

Node Breakdown:
  • Worker-Node (192.168.8.130:9900): Sent: 13.17 MB, Received: 10.11 MB

[6] HARDWARE & MEMORY FOOTPRINT (PER NODE)
--------------------------------------------------------------------------------
Local Device:               cuda
GPU VRAM Before:            3.18 GB
GPU VRAM After:             3.30 GB
GPU VRAM Delta:             122.06 MB
KV Cache Total (est):       3.09 MB

Node Memory Breakdown (Layer Weights + Active KV Cache):
  • Local: vithurshan-HP-250-G8-Notebook-PC + NVIDIA GeForce RTX 3060 Laptop GPU:
    - Assigned:      layers 27-35, embedding, lm_head + norm
    - Layer Memory:  1.81 GB
    - Active KV:     783.00 KB
    - Total Footprint: 3.30 GB (VRAM)
  • Worker-Node (192.168.8.130:9900):
    - Assigned:      layers 0-26
    - Layer Memory:  2.42 GB
    - Active KV:     2.29 MB
    - Total Footprint: 4.59 GB (Process RAM)
================================================================================

================================================================================
INFERENCE AUDIT REPORT — 2026-08-29 15:01:34
================================================================================

[1] MODEL INFORMATION
--------------------------------------------------------------------------------
Model ID / Name:     Qwen/Qwen2.5-3B
Architecture:        Dense Transformer
Quantization Mode:   8-bit Quantization (BitsAndBytes)
Precision Base:      torch.float16
Total Parameters:    3,085,938,688 (3.09 B)
Total Memory in RAM: 3.16 GB
Dimensions:          Layers: 36, Hidden Size: 2048, KV Heads: 2, Head Dim: 128

[2] TOPOLOGY & COMPONENT DISTRIBUTION
--------------------------------------------------------------------------------
  • Worker-Node (192.168.8.130:9900):
    Allocated: layers 0-26
  • Local: vithurshan-HP-250-G8-Notebook-PC + NVIDIA GeForce RTX 3060 Laptop GPU:
    Allocated: layers 27-35, embedding, lm_head + norm

[3] GENERATION METADATA
--------------------------------------------------------------------------------
Temperature:         0.0
Prompt Tokens:       39 tokens
Generated Tokens:    80 tokens
Total Sequence:      119 tokens

[4] LATENCY & THROUGHPUT METRICS
--------------------------------------------------------------------------------
Time to First Token (TTFT): 9.131s (Prefill: 4.3 tok/s)
Decode Time:                305.896s (Decode: 0.3 tok/s)
Total End-to-End Latency:   315.027s
Per-token Latency (Avg):    3.872s
Per-token Latency (Min):    3.434s
Per-token Latency (Max):    9.054s
Per-token Latency (P50):    3.601s
Per-token Latency (P90):    3.952s
Per-token Latency (P99):    9.054s

[5] NETWORK PAYLOAD & DATA TRANSFER
--------------------------------------------------------------------------------
Total Data Sent:            16.86 MB
Total Data Received:        13.38 MB
Total Network I/O:          30.23 MB
Avg Network Rate:           0.10 MB/s

Node Breakdown:
  • Worker-Node (192.168.8.130:9900): Sent: 16.86 MB, Received: 13.38 MB

[6] HARDWARE & MEMORY FOOTPRINT (PER NODE)
--------------------------------------------------------------------------------
Local Device:               cuda
GPU VRAM Before:            3.18 GB
GPU VRAM After:             3.35 GB
GPU VRAM Delta:             172.60 MB
KV Cache Total (est):       4.18 MB

Node Memory Breakdown (Layer Weights + Active KV Cache):
  • Local: vithurshan-HP-250-G8-Notebook-PC + NVIDIA GeForce RTX 3060 Laptop GPU:
    - Assigned:      layers 27-35, embedding, lm_head + norm
    - Layer Memory:  1.81 GB
    - Active KV:     1.04 MB
    - Total Footprint: 3.35 GB (VRAM)
  • Worker-Node (192.168.8.130:9900):
    - Assigned:      layers 0-26
    - Layer Memory:  2.42 GB
    - Active KV:     3.11 MB
    - Total Footprint: 4.59 GB (Process RAM)
================================================================================

================================================================================
INFERENCE AUDIT REPORT — 2026-08-29 15:03:17
================================================================================

[1] MODEL INFORMATION
--------------------------------------------------------------------------------
Model ID / Name:     Qwen/Qwen2.5-3B
Architecture:        Dense Transformer
Quantization Mode:   8-bit Quantization (BitsAndBytes)
Precision Base:      torch.float16
Total Parameters:    3,085,938,688 (3.09 B)
Total Memory in RAM: 3.16 GB
Dimensions:          Layers: 36, Hidden Size: 2048, KV Heads: 2, Head Dim: 128

[2] TOPOLOGY & COMPONENT DISTRIBUTION
--------------------------------------------------------------------------------
  • Worker-Node (192.168.8.130:9900):
    Allocated: layers 0-26
  • Local: vithurshan-HP-250-G8-Notebook-PC + NVIDIA GeForce RTX 3060 Laptop GPU:
    Allocated: layers 27-35, embedding, lm_head + norm

[3] GENERATION METADATA
--------------------------------------------------------------------------------
Temperature:         0.0
Prompt Tokens:       85 tokens
Generated Tokens:    25 tokens
Total Sequence:      110 tokens

[4] LATENCY & THROUGHPUT METRICS
--------------------------------------------------------------------------------
Time to First Token (TTFT): 14.381s (Prefill: 5.9 tok/s)
Decode Time:                87.515s (Decode: 0.3 tok/s)
Total End-to-End Latency:   101.896s
Per-token Latency (Avg):    3.646s
Per-token Latency (Min):    3.437s
Per-token Latency (Max):    4.833s
Per-token Latency (P50):    3.543s
Per-token Latency (P90):    3.931s
Per-token Latency (P99):    4.833s

[5] NETWORK PAYLOAD & DATA TRANSFER
--------------------------------------------------------------------------------
Total Data Sent:            13.84 MB
Total Data Received:        11.79 MB
Total Network I/O:          25.63 MB
Avg Network Rate:           0.25 MB/s

Node Breakdown:
  • Worker-Node (192.168.8.130:9900): Sent: 13.84 MB, Received: 11.79 MB

[6] HARDWARE & MEMORY FOOTPRINT (PER NODE)
--------------------------------------------------------------------------------
Local Device:               cuda
GPU VRAM Before:            3.18 GB
GPU VRAM After:             3.31 GB
GPU VRAM Delta:             132.92 MB
KV Cache Total (est):       3.87 MB

Node Memory Breakdown (Layer Weights + Active KV Cache):
  • Local: vithurshan-HP-250-G8-Notebook-PC + NVIDIA GeForce RTX 3060 Laptop GPU:
    - Assigned:      layers 27-35, embedding, lm_head + norm
    - Layer Memory:  1.81 GB
    - Active KV:     981.00 KB
    - Total Footprint: 3.31 GB (VRAM)
  • Worker-Node (192.168.8.130:9900):
    - Assigned:      layers 0-26
    - Layer Memory:  2.42 GB
    - Active KV:     2.87 MB
    - Total Footprint: 4.59 GB (Process RAM)
================================================================================

================================================================================
INFERENCE AUDIT REPORT — 2026-08-29 15:12:08
================================================================================

[1] MODEL INFORMATION
--------------------------------------------------------------------------------
Model ID / Name:     Qwen/Qwen2.5-3B
Architecture:        Dense Transformer
Quantization Mode:   8-bit Quantization (BitsAndBytes)
Precision Base:      torch.float16
Total Parameters:    3,085,938,688 (3.09 B)
Total Memory in RAM: 3.16 GB
Dimensions:          Layers: 36, Hidden Size: 2048, KV Heads: 2, Head Dim: 128

[2] TOPOLOGY & COMPONENT DISTRIBUTION
--------------------------------------------------------------------------------
  • Worker-Node (192.168.8.130:9900):
    Allocated: layers 0-26
  • Local: vithurshan-HP-250-G8-Notebook-PC + NVIDIA GeForce RTX 3060 Laptop GPU:
    Allocated: layers 27-35, embedding, lm_head + norm

[3] GENERATION METADATA
--------------------------------------------------------------------------------
Temperature:         0.0
Prompt Tokens:       85 tokens
Generated Tokens:    120 tokens
Total Sequence:      205 tokens

[4] LATENCY & THROUGHPUT METRICS
--------------------------------------------------------------------------------
Time to First Token (TTFT): 16.640s (Prefill: 5.1 tok/s)
Decode Time:                512.873s (Decode: 0.2 tok/s)
Total End-to-End Latency:   529.513s
Per-token Latency (Avg):    4.310s
Per-token Latency (Min):    3.632s
Per-token Latency (Max):    6.018s
Per-token Latency (P50):    3.927s
Per-token Latency (P90):    5.590s
Per-token Latency (P99):    6.011s

[5] NETWORK PAYLOAD & DATA TRANSFER
--------------------------------------------------------------------------------
Total Data Sent:            28.50 MB
Total Data Received:        22.91 MB
Total Network I/O:          51.41 MB
Avg Network Rate:           0.10 MB/s

Node Breakdown:
  • Worker-Node (192.168.8.130:9900): Sent: 28.50 MB, Received: 22.91 MB

[6] HARDWARE & MEMORY FOOTPRINT (PER NODE)
--------------------------------------------------------------------------------
Local Device:               cuda
GPU VRAM Before:            3.18 GB
GPU VRAM After:             3.52 GB
GPU VRAM Delta:             350.46 MB
KV Cache Total (est):       7.21 MB

Node Memory Breakdown (Layer Weights + Active KV Cache):
  • Local: vithurshan-HP-250-G8-Notebook-PC + NVIDIA GeForce RTX 3060 Laptop GPU:
    - Assigned:      layers 27-35, embedding, lm_head + norm
    - Layer Memory:  1.81 GB
    - Active KV:     1.79 MB
    - Total Footprint: 3.52 GB (VRAM)
  • Worker-Node (192.168.8.130:9900):
    - Assigned:      layers 0-26
    - Layer Memory:  2.42 GB
    - Active KV:     5.38 MB
    - Total Footprint: 4.59 GB (Process RAM)
================================================================================

================================================================================
INFERENCE AUDIT REPORT — 2026-08-29 15:26:52
================================================================================

[1] MODEL INFORMATION
--------------------------------------------------------------------------------
Model ID / Name:     Qwen/Qwen2.5-3B
Architecture:        Dense Transformer
Quantization Mode:   8-bit Quantization (BitsAndBytes)
Precision Base:      torch.float16
Total Parameters:    3,085,938,688 (3.09 B)
Total Memory in RAM: 3.16 GB
Dimensions:          Layers: 36, Hidden Size: 2048, KV Heads: 2, Head Dim: 128

[2] TOPOLOGY & COMPONENT DISTRIBUTION
--------------------------------------------------------------------------------
  • Worker-Node (192.168.8.130:9900):
    Allocated: layers 0-35
  • Local: vithurshan-HP-250-G8-Notebook-PC + NVIDIA GeForce RTX 3060 Laptop GPU:
    Allocated: embedding, lm_head + norm

[3] GENERATION METADATA
--------------------------------------------------------------------------------
Temperature:         0.0
Prompt Tokens:       10 tokens
Generated Tokens:    20 tokens
Total Sequence:      30 tokens

[4] LATENCY & THROUGHPUT METRICS
--------------------------------------------------------------------------------
Time to First Token (TTFT): 8.873s (Prefill: 1.1 tok/s)
Decode Time:                111.881s (Decode: 0.2 tok/s)
Total End-to-End Latency:   120.754s
Per-token Latency (Avg):    5.888s
Per-token Latency (Min):    4.870s
Per-token Latency (Max):    7.266s
Per-token Latency (P50):    5.412s
Per-token Latency (P90):    7.194s
Per-token Latency (P99):    7.266s

[5] NETWORK PAYLOAD & DATA TRANSFER
--------------------------------------------------------------------------------
Total Data Sent:            5.54 MB
Total Data Received:        4.39 MB
Total Network I/O:          9.93 MB
Avg Network Rate:           0.08 MB/s

Node Breakdown:
  • Worker-Node (192.168.8.130:9900): Sent: 5.54 MB, Received: 4.39 MB

[6] HARDWARE & MEMORY FOOTPRINT (PER NODE)
--------------------------------------------------------------------------------
Local Device:               cuda
GPU VRAM Before:            3.18 GB
GPU VRAM After:             3.18 GB
GPU VRAM Delta:             306.50 KB
KV Cache Total (est):       1.05 MB

Node Memory Breakdown (Layer Weights + Active KV Cache):
  • Local: vithurshan-HP-250-G8-Notebook-PC + NVIDIA GeForce RTX 3060 Laptop GPU:
    - Assigned:      embedding, lm_head + norm
    - Layer Memory:  1.16 GB
    - Active KV:     0.00 B
    - Total Footprint: 3.18 GB (VRAM)
  • Worker-Node (192.168.8.130:9900):
    - Assigned:      layers 0-35
    - Layer Memory:  3.07 GB
    - Active KV:     1.02 MB
    - Total Footprint: 5.20 GB (Process RAM)
================================================================================

================================================================================
INFERENCE AUDIT REPORT — 2026-08-29 15:34:51
================================================================================

[1] MODEL INFORMATION
--------------------------------------------------------------------------------
Model ID / Name:     Qwen/Qwen2.5-3B
Architecture:        Dense Transformer
Quantization Mode:   8-bit Quantization (BitsAndBytes)
Precision Base:      torch.float16
Total Parameters:    3,085,938,688 (3.09 B)
Total Memory in RAM: 3.16 GB
Dimensions:          Layers: 36, Hidden Size: 2048, KV Heads: 2, Head Dim: 128

[2] TOPOLOGY & COMPONENT DISTRIBUTION
--------------------------------------------------------------------------------
  • Worker-Node (192.168.8.130:9900):
    Allocated: layers 0-35
  • Local: vithurshan-HP-250-G8-Notebook-PC + NVIDIA GeForce RTX 3060 Laptop GPU:
    Allocated: embedding, lm_head + norm

[3] GENERATION METADATA
--------------------------------------------------------------------------------
Temperature:         0.0
Prompt Tokens:       8 tokens
Generated Tokens:    80 tokens
Total Sequence:      88 tokens

[4] LATENCY & THROUGHPUT METRICS
--------------------------------------------------------------------------------
Time to First Token (TTFT): 9.191s (Prefill: 0.9 tok/s)
Decode Time:                467.915s (Decode: 0.2 tok/s)
Total End-to-End Latency:   477.106s
Per-token Latency (Avg):    5.923s
Per-token Latency (Min):    4.728s
Per-token Latency (Max):    7.296s
Per-token Latency (P50):    5.773s
Per-token Latency (P90):    7.203s
Per-token Latency (P99):    7.296s

[5] NETWORK PAYLOAD & DATA TRANSFER
--------------------------------------------------------------------------------
Total Data Sent:            17.56 MB
Total Data Received:        13.48 MB
Total Network I/O:          31.04 MB
Avg Network Rate:           0.07 MB/s

Node Breakdown:
  • Worker-Node (192.168.8.130:9900): Sent: 17.56 MB, Received: 13.48 MB

[6] HARDWARE & MEMORY FOOTPRINT (PER NODE)
--------------------------------------------------------------------------------
Local Device:               cuda
GPU VRAM Before:            3.18 GB
GPU VRAM After:             3.18 GB
GPU VRAM Delta:             306.50 KB
KV Cache Total (est):       3.09 MB

Node Memory Breakdown (Layer Weights + Active KV Cache):
  • Local: vithurshan-HP-250-G8-Notebook-PC + NVIDIA GeForce RTX 3060 Laptop GPU:
    - Assigned:      embedding, lm_head + norm
    - Layer Memory:  1.16 GB
    - Active KV:     0.00 B
    - Total Footprint: 3.18 GB (VRAM)
  • Worker-Node (192.168.8.130:9900):
    - Assigned:      layers 0-35
    - Layer Memory:  3.07 GB
    - Active KV:     3.06 MB
    - Total Footprint: 5.20 GB (Process RAM)
================================================================================

================================================================================
INFERENCE AUDIT REPORT — 2026-08-29 15:43:08
================================================================================

[1] MODEL INFORMATION
--------------------------------------------------------------------------------
Model ID / Name:     Qwen/Qwen2.5-3B
Architecture:        Dense Transformer
Quantization Mode:   8-bit Quantization (BitsAndBytes)
Precision Base:      torch.float16
Total Parameters:    3,085,938,688 (3.09 B)
Total Memory in RAM: 3.16 GB
Dimensions:          Layers: 36, Hidden Size: 2048, KV Heads: 2, Head Dim: 128

[2] TOPOLOGY & COMPONENT DISTRIBUTION
--------------------------------------------------------------------------------
  • Worker-Node (192.168.8.130:9900):
    Allocated: layers 0-35
  • Local: vithurshan-HP-250-G8-Notebook-PC + NVIDIA GeForce RTX 3060 Laptop GPU:
    Allocated: embedding, lm_head + norm

[3] GENERATION METADATA
--------------------------------------------------------------------------------
Temperature:         0.0
Prompt Tokens:       39 tokens
Generated Tokens:    80 tokens
Total Sequence:      119 tokens

[4] LATENCY & THROUGHPUT METRICS
--------------------------------------------------------------------------------
Time to First Token (TTFT): 19.164s (Prefill: 2.0 tok/s)
Decode Time:                477.045s (Decode: 0.2 tok/s)
Total End-to-End Latency:   496.209s
Per-token Latency (Avg):    6.039s
Per-token Latency (Min):    4.806s
Per-token Latency (Max):    7.508s
Per-token Latency (P50):    6.007s
Per-token Latency (P90):    7.139s
Per-token Latency (P99):    7.508s

[5] NETWORK PAYLOAD & DATA TRANSFER
--------------------------------------------------------------------------------
Total Data Sent:            22.48 MB
Total Data Received:        17.84 MB
Total Network I/O:          40.31 MB
Avg Network Rate:           0.08 MB/s

Node Breakdown:
  • Worker-Node (192.168.8.130:9900): Sent: 22.48 MB, Received: 17.84 MB

[6] HARDWARE & MEMORY FOOTPRINT (PER NODE)
--------------------------------------------------------------------------------
Local Device:               cuda
GPU VRAM Before:            3.18 GB
GPU VRAM After:             3.18 GB
GPU VRAM Delta:             306.50 KB
KV Cache Total (est):       4.18 MB

Node Memory Breakdown (Layer Weights + Active KV Cache):
  • Local: vithurshan-HP-250-G8-Notebook-PC + NVIDIA GeForce RTX 3060 Laptop GPU:
    - Assigned:      embedding, lm_head + norm
    - Layer Memory:  1.16 GB
    - Active KV:     0.00 B
    - Total Footprint: 3.18 GB (VRAM)
  • Worker-Node (192.168.8.130:9900):
    - Assigned:      layers 0-35
    - Layer Memory:  3.07 GB
    - Active KV:     4.15 MB
    - Total Footprint: 5.20 GB (Process RAM)
================================================================================

================================================================================
INFERENCE AUDIT REPORT — 2026-08-29 15:46:05
================================================================================

[1] MODEL INFORMATION
--------------------------------------------------------------------------------
Model ID / Name:     Qwen/Qwen2.5-3B
Architecture:        Dense Transformer
Quantization Mode:   8-bit Quantization (BitsAndBytes)
Precision Base:      torch.float16
Total Parameters:    3,085,938,688 (3.09 B)
Total Memory in RAM: 3.16 GB
Dimensions:          Layers: 36, Hidden Size: 2048, KV Heads: 2, Head Dim: 128

[2] TOPOLOGY & COMPONENT DISTRIBUTION
--------------------------------------------------------------------------------
  • Worker-Node (192.168.8.130:9900):
    Allocated: layers 0-35
  • Local: vithurshan-HP-250-G8-Notebook-PC + NVIDIA GeForce RTX 3060 Laptop GPU:
    Allocated: embedding, lm_head + norm

[3] GENERATION METADATA
--------------------------------------------------------------------------------
Temperature:         0.0
Prompt Tokens:       85 tokens
Generated Tokens:    25 tokens
Total Sequence:      110 tokens

[4] LATENCY & THROUGHPUT METRICS
--------------------------------------------------------------------------------
Time to First Token (TTFT): 31.361s (Prefill: 2.7 tok/s)
Decode Time:                143.990s (Decode: 0.2 tok/s)
Total End-to-End Latency:   175.352s
Per-token Latency (Avg):    6.000s
Per-token Latency (Min):    4.768s
Per-token Latency (Max):    7.281s
Per-token Latency (P50):    5.602s
Per-token Latency (P90):    7.251s
Per-token Latency (P99):    7.281s

[5] NETWORK PAYLOAD & DATA TRANSFER
--------------------------------------------------------------------------------
Total Data Sent:            18.45 MB
Total Data Received:        15.72 MB
Total Network I/O:          34.17 MB
Avg Network Rate:           0.19 MB/s

Node Breakdown:
  • Worker-Node (192.168.8.130:9900): Sent: 18.45 MB, Received: 15.72 MB

[6] HARDWARE & MEMORY FOOTPRINT (PER NODE)
--------------------------------------------------------------------------------
Local Device:               cuda
GPU VRAM Before:            3.18 GB
GPU VRAM After:             3.18 GB
GPU VRAM Delta:             306.50 KB
KV Cache Total (est):       3.87 MB

Node Memory Breakdown (Layer Weights + Active KV Cache):
  • Local: vithurshan-HP-250-G8-Notebook-PC + NVIDIA GeForce RTX 3060 Laptop GPU:
    - Assigned:      embedding, lm_head + norm
    - Layer Memory:  1.16 GB
    - Active KV:     0.00 B
    - Total Footprint: 3.18 GB (VRAM)
  • Worker-Node (192.168.8.130:9900):
    - Assigned:      layers 0-35
    - Layer Memory:  3.07 GB
    - Active KV:     3.83 MB
    - Total Footprint: 5.20 GB (Process RAM)
================================================================================

================================================================================
INFERENCE AUDIT REPORT — 2026-08-29 15:58:41
================================================================================

[1] MODEL INFORMATION
--------------------------------------------------------------------------------
Model ID / Name:     Qwen/Qwen2.5-3B
Architecture:        Dense Transformer
Quantization Mode:   8-bit Quantization (BitsAndBytes)
Precision Base:      torch.float16
Total Parameters:    3,085,938,688 (3.09 B)
Total Memory in RAM: 3.16 GB
Dimensions:          Layers: 36, Hidden Size: 2048, KV Heads: 2, Head Dim: 128

[2] TOPOLOGY & COMPONENT DISTRIBUTION
--------------------------------------------------------------------------------
  • Worker-Node (192.168.8.130:9900):
    Allocated: layers 0-35
  • Local: vithurshan-HP-250-G8-Notebook-PC + NVIDIA GeForce RTX 3060 Laptop GPU:
    Allocated: embedding, lm_head + norm

[3] GENERATION METADATA
--------------------------------------------------------------------------------
Temperature:         0.0
Prompt Tokens:       85 tokens
Generated Tokens:    120 tokens
Total Sequence:      205 tokens

[4] LATENCY & THROUGHPUT METRICS
--------------------------------------------------------------------------------
Time to First Token (TTFT): 35.655s (Prefill: 2.4 tok/s)
Decode Time:                719.042s (Decode: 0.2 tok/s)
Total End-to-End Latency:   754.697s
Per-token Latency (Avg):    6.042s
Per-token Latency (Min):    4.762s
Per-token Latency (Max):    8.994s
Per-token Latency (P50):    6.036s
Per-token Latency (P90):    7.112s
Per-token Latency (P99):    7.363s

[5] NETWORK PAYLOAD & DATA TRANSFER
--------------------------------------------------------------------------------
Total Data Sent:            37.99 MB
Total Data Received:        30.55 MB
Total Network I/O:          68.54 MB
Avg Network Rate:           0.09 MB/s

Node Breakdown:
  • Worker-Node (192.168.8.130:9900): Sent: 37.99 MB, Received: 30.55 MB

[6] HARDWARE & MEMORY FOOTPRINT (PER NODE)
--------------------------------------------------------------------------------
Local Device:               cuda
GPU VRAM Before:            3.18 GB
GPU VRAM After:             3.18 GB
GPU VRAM Delta:             306.50 KB
KV Cache Total (est):       7.21 MB

Node Memory Breakdown (Layer Weights + Active KV Cache):
  • Local: vithurshan-HP-250-G8-Notebook-PC + NVIDIA GeForce RTX 3060 Laptop GPU:
    - Assigned:      embedding, lm_head + norm
    - Layer Memory:  1.16 GB
    - Active KV:     0.00 B
    - Total Footprint: 3.18 GB (VRAM)
  • Worker-Node (192.168.8.130:9900):
    - Assigned:      layers 0-35
    - Layer Memory:  3.07 GB
    - Active KV:     7.17 MB
    - Total Footprint: 5.20 GB (Process RAM)
================================================================================

================================================================================
INFERENCE AUDIT REPORT — 2026-08-29 15:59:00
================================================================================

[1] MODEL INFORMATION
--------------------------------------------------------------------------------
Model ID / Name:     Qwen/Qwen2.5-3B
Architecture:        Dense Transformer
Quantization Mode:   8-bit Quantization (BitsAndBytes)
Precision Base:      torch.float16
Total Parameters:    3,085,938,688 (3.09 B)
Total Memory in RAM: 3.16 GB
Dimensions:          Layers: 36, Hidden Size: 2048, KV Heads: 2, Head Dim: 128

[2] TOPOLOGY & COMPONENT DISTRIBUTION
--------------------------------------------------------------------------------
  • Worker-Node (192.168.8.130:9900):
    Allocated: attn 10-19
  • Local: vithurshan-HP-250-G8-Notebook-PC + NVIDIA GeForce RTX 3060 Laptop GPU:
    Allocated: layers 0-9, layers 20-35, layers 10-19(ffn only), embedding, lm_head + norm

[3] GENERATION METADATA
--------------------------------------------------------------------------------
Temperature:         0.0
Prompt Tokens:       10 tokens
Generated Tokens:    20 tokens
Total Sequence:      30 tokens

[4] LATENCY & THROUGHPUT METRICS
--------------------------------------------------------------------------------
Time to First Token (TTFT): 1.916s (Prefill: 5.2 tok/s)
Decode Time:                14.479s (Decode: 1.3 tok/s)
Total End-to-End Latency:   16.395s
Per-token Latency (Avg):    762.1ms
Per-token Latency (Min):    476.1ms
Per-token Latency (Max):    1.689s
Per-token Latency (P50):    654.0ms
Per-token Latency (P90):    1.482s
Per-token Latency (P99):    1.689s

[5] NETWORK PAYLOAD & DATA TRANSFER
--------------------------------------------------------------------------------
Total Data Sent:            1.54 MB
Total Data Received:        1.22 MB
Total Network I/O:          2.76 MB
Avg Network Rate:           0.17 MB/s

Node Breakdown:
  • Worker-Node (192.168.8.130:9900): Sent: 1.54 MB, Received: 1.22 MB

[6] HARDWARE & MEMORY FOOTPRINT (PER NODE)
--------------------------------------------------------------------------------
Local Device:               cuda
GPU VRAM Before:            3.18 GB
GPU VRAM After:             3.31 GB
GPU VRAM Delta:             132.44 MB
KV Cache Total (est):       1.05 MB

Node Memory Breakdown (Layer Weights + Active KV Cache):
  • Local: vithurshan-HP-250-G8-Notebook-PC + NVIDIA GeForce RTX 3060 Laptop GPU:
    - Assigned:      layers 0-9, layers 20-35, layers 10-19(ffn only), embedding, lm_head + norm
    - Layer Memory:  3.66 GB
    - Active KV:     754.00 KB
    - Total Footprint: 3.31 GB (VRAM)
  • Worker-Node (192.168.8.130:9900):
    - Assigned:      attn 10-19
    - Layer Memory:  3.07 GB
    - Active KV:     290.00 KB
    - Total Footprint: 5.20 GB (Process RAM)
================================================================================

================================================================================
INFERENCE AUDIT REPORT — 2026-08-29 16:00:03
================================================================================

[1] MODEL INFORMATION
--------------------------------------------------------------------------------
Model ID / Name:     Qwen/Qwen2.5-3B
Architecture:        Dense Transformer
Quantization Mode:   8-bit Quantization (BitsAndBytes)
Precision Base:      torch.float16
Total Parameters:    3,085,938,688 (3.09 B)
Total Memory in RAM: 3.16 GB
Dimensions:          Layers: 36, Hidden Size: 2048, KV Heads: 2, Head Dim: 128

[2] TOPOLOGY & COMPONENT DISTRIBUTION
--------------------------------------------------------------------------------
  • Worker-Node (192.168.8.130:9900):
    Allocated: attn 10-19
  • Local: vithurshan-HP-250-G8-Notebook-PC + NVIDIA GeForce RTX 3060 Laptop GPU:
    Allocated: layers 0-9, layers 20-35, layers 10-19(ffn only), embedding, lm_head + norm

[3] GENERATION METADATA
--------------------------------------------------------------------------------
Temperature:         0.0
Prompt Tokens:       8 tokens
Generated Tokens:    80 tokens
Total Sequence:      88 tokens

[4] LATENCY & THROUGHPUT METRICS
--------------------------------------------------------------------------------
Time to First Token (TTFT): 1.717s (Prefill: 4.7 tok/s)
Decode Time:                60.507s (Decode: 1.3 tok/s)
Total End-to-End Latency:   62.224s
Per-token Latency (Avg):    765.9ms
Per-token Latency (Min):    451.0ms
Per-token Latency (Max):    1.692s
Per-token Latency (P50):    580.8ms
Per-token Latency (P90):    1.402s
Per-token Latency (P99):    1.692s

[5] NETWORK PAYLOAD & DATA TRANSFER
--------------------------------------------------------------------------------
Total Data Sent:            4.88 MB
Total Data Received:        3.75 MB
Total Network I/O:          8.63 MB
Avg Network Rate:           0.14 MB/s

Node Breakdown:
  • Worker-Node (192.168.8.130:9900): Sent: 4.88 MB, Received: 3.75 MB

[6] HARDWARE & MEMORY FOOTPRINT (PER NODE)
--------------------------------------------------------------------------------
Local Device:               cuda
GPU VRAM Before:            3.18 GB
GPU VRAM After:             3.63 GB
GPU VRAM Delta:             465.76 MB
KV Cache Total (est):       3.09 MB

Node Memory Breakdown (Layer Weights + Active KV Cache):
  • Local: vithurshan-HP-250-G8-Notebook-PC + NVIDIA GeForce RTX 3060 Laptop GPU:
    - Assigned:      layers 0-9, layers 20-35, layers 10-19(ffn only), embedding, lm_head + norm
    - Layer Memory:  3.66 GB
    - Active KV:     2.21 MB
    - Total Footprint: 3.63 GB (VRAM)
  • Worker-Node (192.168.8.130:9900):
    - Assigned:      attn 10-19
    - Layer Memory:  3.07 GB
    - Active KV:     870.00 KB
    - Total Footprint: 5.20 GB (Process RAM)
================================================================================

================================================================================
INFERENCE AUDIT REPORT — 2026-08-29 16:00:57
================================================================================

[1] MODEL INFORMATION
--------------------------------------------------------------------------------
Model ID / Name:     Qwen/Qwen2.5-3B
Architecture:        Dense Transformer
Quantization Mode:   8-bit Quantization (BitsAndBytes)
Precision Base:      torch.float16
Total Parameters:    3,085,938,688 (3.09 B)
Total Memory in RAM: 3.16 GB
Dimensions:          Layers: 36, Hidden Size: 2048, KV Heads: 2, Head Dim: 128

[2] TOPOLOGY & COMPONENT DISTRIBUTION
--------------------------------------------------------------------------------
  • Worker-Node (192.168.8.130:9900):
    Allocated: attn 10-19
  • Local: vithurshan-HP-250-G8-Notebook-PC + NVIDIA GeForce RTX 3060 Laptop GPU:
    Allocated: layers 0-9, layers 20-35, layers 10-19(ffn only), embedding, lm_head + norm

[3] GENERATION METADATA
--------------------------------------------------------------------------------
Temperature:         0.0
Prompt Tokens:       39 tokens
Generated Tokens:    80 tokens
Total Sequence:      119 tokens

[4] LATENCY & THROUGHPUT METRICS
--------------------------------------------------------------------------------
Time to First Token (TTFT): 4.483s (Prefill: 8.7 tok/s)
Decode Time:                47.945s (Decode: 1.6 tok/s)
Total End-to-End Latency:   52.428s
Per-token Latency (Avg):    606.9ms
Per-token Latency (Min):    432.5ms
Per-token Latency (Max):    1.535s
Per-token Latency (P50):    520.3ms
Per-token Latency (P90):    852.3ms
Per-token Latency (P99):    1.535s

[5] NETWORK PAYLOAD & DATA TRANSFER
--------------------------------------------------------------------------------
Total Data Sent:            6.25 MB
Total Data Received:        4.96 MB
Total Network I/O:          11.20 MB
Avg Network Rate:           0.21 MB/s

Node Breakdown:
  • Worker-Node (192.168.8.130:9900): Sent: 6.25 MB, Received: 4.96 MB

[6] HARDWARE & MEMORY FOOTPRINT (PER NODE)
--------------------------------------------------------------------------------
Local Device:               cuda
GPU VRAM Before:            3.18 GB
GPU VRAM After:             3.82 GB
GPU VRAM Delta:             652.45 MB
KV Cache Total (est):       4.18 MB

Node Memory Breakdown (Layer Weights + Active KV Cache):
  • Local: vithurshan-HP-250-G8-Notebook-PC + NVIDIA GeForce RTX 3060 Laptop GPU:
    - Assigned:      layers 0-9, layers 20-35, layers 10-19(ffn only), embedding, lm_head + norm
    - Layer Memory:  3.66 GB
    - Active KV:     3.00 MB
    - Total Footprint: 3.82 GB (VRAM)
  • Worker-Node (192.168.8.130:9900):
    - Assigned:      attn 10-19
    - Layer Memory:  3.07 GB
    - Active KV:     1.15 MB
    - Total Footprint: 5.20 GB (Process RAM)
================================================================================

================================================================================
INFERENCE AUDIT REPORT — 2026-08-29 16:01:25
================================================================================

[1] MODEL INFORMATION
--------------------------------------------------------------------------------
Model ID / Name:     Qwen/Qwen2.5-3B
Architecture:        Dense Transformer
Quantization Mode:   8-bit Quantization (BitsAndBytes)
Precision Base:      torch.float16
Total Parameters:    3,085,938,688 (3.09 B)
Total Memory in RAM: 3.16 GB
Dimensions:          Layers: 36, Hidden Size: 2048, KV Heads: 2, Head Dim: 128

[2] TOPOLOGY & COMPONENT DISTRIBUTION
--------------------------------------------------------------------------------
  • Worker-Node (192.168.8.130:9900):
    Allocated: attn 10-19
  • Local: vithurshan-HP-250-G8-Notebook-PC + NVIDIA GeForce RTX 3060 Laptop GPU:
    Allocated: layers 0-9, layers 20-35, layers 10-19(ffn only), embedding, lm_head + norm

[3] GENERATION METADATA
--------------------------------------------------------------------------------
Temperature:         0.0
Prompt Tokens:       85 tokens
Generated Tokens:    25 tokens
Total Sequence:      110 tokens

[4] LATENCY & THROUGHPUT METRICS
--------------------------------------------------------------------------------
Time to First Token (TTFT): 8.487s (Prefill: 10.0 tok/s)
Decode Time:                17.946s (Decode: 1.3 tok/s)
Total End-to-End Latency:   26.432s
Per-token Latency (Avg):    747.7ms
Per-token Latency (Min):    448.8ms
Per-token Latency (Max):    1.419s
Per-token Latency (P50):    724.0ms
Per-token Latency (P90):    1.321s
Per-token Latency (P99):    1.419s

[5] NETWORK PAYLOAD & DATA TRANSFER
--------------------------------------------------------------------------------
Total Data Sent:            5.13 MB
Total Data Received:        4.37 MB
Total Network I/O:          9.49 MB
Avg Network Rate:           0.36 MB/s

Node Breakdown:
  • Worker-Node (192.168.8.130:9900): Sent: 5.13 MB, Received: 4.37 MB

[6] HARDWARE & MEMORY FOOTPRINT (PER NODE)
--------------------------------------------------------------------------------
Local Device:               cuda
GPU VRAM Before:            3.18 GB
GPU VRAM After:             3.68 GB
GPU VRAM Delta:             516.64 MB
KV Cache Total (est):       3.87 MB

Node Memory Breakdown (Layer Weights + Active KV Cache):
  • Local: vithurshan-HP-250-G8-Notebook-PC + NVIDIA GeForce RTX 3060 Laptop GPU:
    - Assigned:      layers 0-9, layers 20-35, layers 10-19(ffn only), embedding, lm_head + norm
    - Layer Memory:  3.66 GB
    - Active KV:     2.77 MB
    - Total Footprint: 3.68 GB (VRAM)
  • Worker-Node (192.168.8.130:9900):
    - Assigned:      attn 10-19
    - Layer Memory:  3.07 GB
    - Active KV:     1.06 MB
    - Total Footprint: 5.20 GB (Process RAM)
================================================================================

================================================================================
INFERENCE AUDIT REPORT — 2026-08-29 16:02:58
================================================================================

[1] MODEL INFORMATION
--------------------------------------------------------------------------------
Model ID / Name:     Qwen/Qwen2.5-3B
Architecture:        Dense Transformer
Quantization Mode:   8-bit Quantization (BitsAndBytes)
Precision Base:      torch.float16
Total Parameters:    3,085,938,688 (3.09 B)
Total Memory in RAM: 3.16 GB
Dimensions:          Layers: 36, Hidden Size: 2048, KV Heads: 2, Head Dim: 128

[2] TOPOLOGY & COMPONENT DISTRIBUTION
--------------------------------------------------------------------------------
  • Worker-Node (192.168.8.130:9900):
    Allocated: attn 10-19
  • Local: vithurshan-HP-250-G8-Notebook-PC + NVIDIA GeForce RTX 3060 Laptop GPU:
    Allocated: layers 0-9, layers 20-35, layers 10-19(ffn only), embedding, lm_head + norm

[3] GENERATION METADATA
--------------------------------------------------------------------------------
Temperature:         0.0
Prompt Tokens:       85 tokens
Generated Tokens:    120 tokens
Total Sequence:      205 tokens

[4] LATENCY & THROUGHPUT METRICS
--------------------------------------------------------------------------------
Time to First Token (TTFT): 4.417s (Prefill: 19.2 tok/s)
Decode Time:                87.565s (Decode: 1.4 tok/s)
Total End-to-End Latency:   91.983s
Per-token Latency (Avg):    735.8ms
Per-token Latency (Min):    433.6ms
Per-token Latency (Max):    1.786s
Per-token Latency (P50):    607.6ms
Per-token Latency (P90):    1.340s
Per-token Latency (P99):    1.723s

[5] NETWORK PAYLOAD & DATA TRANSFER
--------------------------------------------------------------------------------
Total Data Sent:            10.56 MB
Total Data Received:        8.49 MB
Total Network I/O:          19.05 MB
Avg Network Rate:           0.21 MB/s

Node Breakdown:
  • Worker-Node (192.168.8.130:9900): Sent: 10.56 MB, Received: 8.49 MB

[6] HARDWARE & MEMORY FOOTPRINT (PER NODE)
--------------------------------------------------------------------------------
Local Device:               cuda
GPU VRAM Before:            3.18 GB
GPU VRAM After:             4.44 GB
GPU VRAM Delta:             1.26 GB
KV Cache Total (est):       7.21 MB

Node Memory Breakdown (Layer Weights + Active KV Cache):
  • Local: vithurshan-HP-250-G8-Notebook-PC + NVIDIA GeForce RTX 3060 Laptop GPU:
    - Assigned:      layers 0-9, layers 20-35, layers 10-19(ffn only), embedding, lm_head + norm
    - Layer Memory:  3.66 GB
    - Active KV:     5.18 MB
    - Total Footprint: 4.44 GB (VRAM)
  • Worker-Node (192.168.8.130:9900):
    - Assigned:      attn 10-19
    - Layer Memory:  3.07 GB
    - Active KV:     1.99 MB
    - Total Footprint: 5.20 GB (Process RAM)
================================================================================

================================================================================
INFERENCE AUDIT REPORT — 2026-08-29 16:03:36
================================================================================

[1] MODEL INFORMATION
--------------------------------------------------------------------------------
Model ID / Name:     Qwen/Qwen2.5-3B
Architecture:        Dense Transformer
Quantization Mode:   8-bit Quantization (BitsAndBytes)
Precision Base:      torch.float16
Total Parameters:    3,085,938,688 (3.09 B)
Total Memory in RAM: 3.16 GB
Dimensions:          Layers: 36, Hidden Size: 2048, KV Heads: 2, Head Dim: 128

[2] TOPOLOGY & COMPONENT DISTRIBUTION
--------------------------------------------------------------------------------
  • Worker-Node (192.168.8.130:9900):
    Allocated: ffn 10-19
  • Local: vithurshan-HP-250-G8-Notebook-PC + NVIDIA GeForce RTX 3060 Laptop GPU:
    Allocated: layers 0-9, layers 20-35, layers 10-19(attn only), embedding, lm_head + norm

[3] GENERATION METADATA
--------------------------------------------------------------------------------
Temperature:         0.0
Prompt Tokens:       10 tokens
Generated Tokens:    20 tokens
Total Sequence:      30 tokens

[4] LATENCY & THROUGHPUT METRICS
--------------------------------------------------------------------------------
Time to First Token (TTFT): 2.465s (Prefill: 4.1 tok/s)
Decode Time:                33.183s (Decode: 0.6 tok/s)
Total End-to-End Latency:   35.648s
Per-token Latency (Avg):    1.746s
Per-token Latency (Min):    1.333s
Per-token Latency (Max):    2.718s
Per-token Latency (P50):    1.468s
Per-token Latency (P90):    2.536s
Per-token Latency (P99):    2.718s

[5] NETWORK PAYLOAD & DATA TRANSFER
--------------------------------------------------------------------------------
Total Data Sent:            1.22 MB
Total Data Received:        1.22 MB
Total Network I/O:          2.44 MB
Avg Network Rate:           0.07 MB/s

Node Breakdown:
  • Worker-Node (192.168.8.130:9900): Sent: 1.22 MB, Received: 1.22 MB

[6] HARDWARE & MEMORY FOOTPRINT (PER NODE)
--------------------------------------------------------------------------------
Local Device:               cuda
GPU VRAM Before:            3.18 GB
GPU VRAM After:             3.29 GB
GPU VRAM Delta:             114.64 MB
KV Cache Total (est):       1.05 MB

Node Memory Breakdown (Layer Weights + Active KV Cache):
  • Local: vithurshan-HP-250-G8-Notebook-PC + NVIDIA GeForce RTX 3060 Laptop GPU:
    - Assigned:      layers 0-9, layers 20-35, layers 10-19(attn only), embedding, lm_head + norm
    - Layer Memory:  3.11 GB
    - Active KV:     1.02 MB
    - Total Footprint: 3.29 GB (VRAM)
  • Worker-Node (192.168.8.130:9900):
    - Assigned:      ffn 10-19
    - Layer Memory:  3.07 GB
    - Active KV:     0.00 B
    - Total Footprint: 5.20 GB (Process RAM)
================================================================================

================================================================================
INFERENCE AUDIT REPORT — 2026-08-29 16:05:54
================================================================================

[1] MODEL INFORMATION
--------------------------------------------------------------------------------
Model ID / Name:     Qwen/Qwen2.5-3B
Architecture:        Dense Transformer
Quantization Mode:   8-bit Quantization (BitsAndBytes)
Precision Base:      torch.float16
Total Parameters:    3,085,938,688 (3.09 B)
Total Memory in RAM: 3.16 GB
Dimensions:          Layers: 36, Hidden Size: 2048, KV Heads: 2, Head Dim: 128

[2] TOPOLOGY & COMPONENT DISTRIBUTION
--------------------------------------------------------------------------------
  • Worker-Node (192.168.8.130:9900):
    Allocated: ffn 10-19
  • Local: vithurshan-HP-250-G8-Notebook-PC + NVIDIA GeForce RTX 3060 Laptop GPU:
    Allocated: layers 0-9, layers 20-35, layers 10-19(attn only), embedding, lm_head + norm

[3] GENERATION METADATA
--------------------------------------------------------------------------------
Temperature:         0.0
Prompt Tokens:       8 tokens
Generated Tokens:    80 tokens
Total Sequence:      88 tokens

[4] LATENCY & THROUGHPUT METRICS
--------------------------------------------------------------------------------
Time to First Token (TTFT): 2.218s (Prefill: 3.6 tok/s)
Decode Time:                134.117s (Decode: 0.6 tok/s)
Total End-to-End Latency:   136.335s
Per-token Latency (Avg):    1.698s
Per-token Latency (Min):    1.326s
Per-token Latency (Max):    2.766s
Per-token Latency (P50):    1.467s
Per-token Latency (P90):    2.516s
Per-token Latency (P99):    2.766s

[5] NETWORK PAYLOAD & DATA TRANSFER
--------------------------------------------------------------------------------
Total Data Sent:            3.76 MB
Total Data Received:        3.75 MB
Total Network I/O:          7.51 MB
Avg Network Rate:           0.06 MB/s

Node Breakdown:
  • Worker-Node (192.168.8.130:9900): Sent: 3.76 MB, Received: 3.75 MB

[6] HARDWARE & MEMORY FOOTPRINT (PER NODE)
--------------------------------------------------------------------------------
Local Device:               cuda
GPU VRAM Before:            3.18 GB
GPU VRAM After:             3.61 GB
GPU VRAM Delta:             438.44 MB
KV Cache Total (est):       3.09 MB

Node Memory Breakdown (Layer Weights + Active KV Cache):
  • Local: vithurshan-HP-250-G8-Notebook-PC + NVIDIA GeForce RTX 3060 Laptop GPU:
    - Assigned:      layers 0-9, layers 20-35, layers 10-19(attn only), embedding, lm_head + norm
    - Layer Memory:  3.11 GB
    - Active KV:     3.06 MB
    - Total Footprint: 3.61 GB (VRAM)
  • Worker-Node (192.168.8.130:9900):
    - Assigned:      ffn 10-19
    - Layer Memory:  3.07 GB
    - Active KV:     0.00 B
    - Total Footprint: 5.20 GB (Process RAM)
================================================================================

================================================================================
INFERENCE AUDIT REPORT — 2026-08-29 16:08:15
================================================================================

[1] MODEL INFORMATION
--------------------------------------------------------------------------------
Model ID / Name:     Qwen/Qwen2.5-3B
Architecture:        Dense Transformer
Quantization Mode:   8-bit Quantization (BitsAndBytes)
Precision Base:      torch.float16
Total Parameters:    3,085,938,688 (3.09 B)
Total Memory in RAM: 3.16 GB
Dimensions:          Layers: 36, Hidden Size: 2048, KV Heads: 2, Head Dim: 128

[2] TOPOLOGY & COMPONENT DISTRIBUTION
--------------------------------------------------------------------------------
  • Worker-Node (192.168.8.130:9900):
    Allocated: ffn 10-19
  • Local: vithurshan-HP-250-G8-Notebook-PC + NVIDIA GeForce RTX 3060 Laptop GPU:
    Allocated: layers 0-9, layers 20-35, layers 10-19(attn only), embedding, lm_head + norm

[3] GENERATION METADATA
--------------------------------------------------------------------------------
Temperature:         0.0
Prompt Tokens:       39 tokens
Generated Tokens:    80 tokens
Total Sequence:      119 tokens

[4] LATENCY & THROUGHPUT METRICS
--------------------------------------------------------------------------------
Time to First Token (TTFT): 5.763s (Prefill: 6.8 tok/s)
Decode Time:                134.331s (Decode: 0.6 tok/s)
Total End-to-End Latency:   140.094s
Per-token Latency (Avg):    1.700s
Per-token Latency (Min):    1.307s
Per-token Latency (Max):    2.774s
Per-token Latency (P50):    1.464s
Per-token Latency (P90):    2.516s
Per-token Latency (P99):    2.774s

[5] NETWORK PAYLOAD & DATA TRANSFER
--------------------------------------------------------------------------------
Total Data Sent:            4.97 MB
Total Data Received:        4.96 MB
Total Network I/O:          9.93 MB
Avg Network Rate:           0.07 MB/s

Node Breakdown:
  • Worker-Node (192.168.8.130:9900): Sent: 4.97 MB, Received: 4.96 MB

[6] HARDWARE & MEMORY FOOTPRINT (PER NODE)
--------------------------------------------------------------------------------
Local Device:               cuda
GPU VRAM Before:            3.18 GB
GPU VRAM After:             3.79 GB
GPU VRAM Delta:             626.20 MB
KV Cache Total (est):       4.18 MB

Node Memory Breakdown (Layer Weights + Active KV Cache):
  • Local: vithurshan-HP-250-G8-Notebook-PC + NVIDIA GeForce RTX 3060 Laptop GPU:
    - Assigned:      layers 0-9, layers 20-35, layers 10-19(attn only), embedding, lm_head + norm
    - Layer Memory:  3.11 GB
    - Active KV:     4.15 MB
    - Total Footprint: 3.79 GB (VRAM)
  • Worker-Node (192.168.8.130:9900):
    - Assigned:      ffn 10-19
    - Layer Memory:  3.07 GB
    - Active KV:     0.00 B
    - Total Footprint: 5.20 GB (Process RAM)
================================================================================

================================================================================
INFERENCE AUDIT REPORT — 2026-08-29 16:09:07
================================================================================

[1] MODEL INFORMATION
--------------------------------------------------------------------------------
Model ID / Name:     Qwen/Qwen2.5-3B
Architecture:        Dense Transformer
Quantization Mode:   8-bit Quantization (BitsAndBytes)
Precision Base:      torch.float16
Total Parameters:    3,085,938,688 (3.09 B)
Total Memory in RAM: 3.16 GB
Dimensions:          Layers: 36, Hidden Size: 2048, KV Heads: 2, Head Dim: 128

[2] TOPOLOGY & COMPONENT DISTRIBUTION
--------------------------------------------------------------------------------
  • Worker-Node (192.168.8.130:9900):
    Allocated: ffn 10-19
  • Local: vithurshan-HP-250-G8-Notebook-PC + NVIDIA GeForce RTX 3060 Laptop GPU:
    Allocated: layers 0-9, layers 20-35, layers 10-19(attn only), embedding, lm_head + norm

[3] GENERATION METADATA
--------------------------------------------------------------------------------
Temperature:         0.0
Prompt Tokens:       85 tokens
Generated Tokens:    25 tokens
Total Sequence:      110 tokens

[4] LATENCY & THROUGHPUT METRICS
--------------------------------------------------------------------------------
Time to First Token (TTFT): 10.125s (Prefill: 8.4 tok/s)
Decode Time:                40.504s (Decode: 0.6 tok/s)
Total End-to-End Latency:   50.628s
Per-token Latency (Avg):    1.688s
Per-token Latency (Min):    1.327s
Per-token Latency (Max):    2.600s
Per-token Latency (P50):    1.447s
Per-token Latency (P90):    2.501s
Per-token Latency (P99):    2.600s

[5] NETWORK PAYLOAD & DATA TRANSFER
--------------------------------------------------------------------------------
Total Data Sent:            4.37 MB
Total Data Received:        4.37 MB
Total Network I/O:          8.74 MB
Avg Network Rate:           0.17 MB/s

Node Breakdown:
  • Worker-Node (192.168.8.130:9900): Sent: 4.37 MB, Received: 4.37 MB

[6] HARDWARE & MEMORY FOOTPRINT (PER NODE)
--------------------------------------------------------------------------------
Local Device:               cuda
GPU VRAM Before:            3.18 GB
GPU VRAM After:             3.63 GB
GPU VRAM Delta:             456.61 MB
KV Cache Total (est):       3.87 MB

Node Memory Breakdown (Layer Weights + Active KV Cache):
  • Local: vithurshan-HP-250-G8-Notebook-PC + NVIDIA GeForce RTX 3060 Laptop GPU:
    - Assigned:      layers 0-9, layers 20-35, layers 10-19(attn only), embedding, lm_head + norm
    - Layer Memory:  3.11 GB
    - Active KV:     3.83 MB
    - Total Footprint: 3.63 GB (VRAM)
  • Worker-Node (192.168.8.130:9900):
    - Assigned:      ffn 10-19
    - Layer Memory:  3.07 GB
    - Active KV:     0.00 B
    - Total Footprint: 5.20 GB (Process RAM)
================================================================================

================================================================================
INFERENCE AUDIT REPORT — 2026-08-29 16:12:40
================================================================================

[1] MODEL INFORMATION
--------------------------------------------------------------------------------
Model ID / Name:     Qwen/Qwen2.5-3B
Architecture:        Dense Transformer
Quantization Mode:   8-bit Quantization (BitsAndBytes)
Precision Base:      torch.float16
Total Parameters:    3,085,938,688 (3.09 B)
Total Memory in RAM: 3.16 GB
Dimensions:          Layers: 36, Hidden Size: 2048, KV Heads: 2, Head Dim: 128

[2] TOPOLOGY & COMPONENT DISTRIBUTION
--------------------------------------------------------------------------------
  • Worker-Node (192.168.8.130:9900):
    Allocated: ffn 10-19
  • Local: vithurshan-HP-250-G8-Notebook-PC + NVIDIA GeForce RTX 3060 Laptop GPU:
    Allocated: layers 0-9, layers 20-35, layers 10-19(attn only), embedding, lm_head + norm

[3] GENERATION METADATA
--------------------------------------------------------------------------------
Temperature:         0.0
Prompt Tokens:       85 tokens
Generated Tokens:    120 tokens
Total Sequence:      205 tokens

[4] LATENCY & THROUGHPUT METRICS
--------------------------------------------------------------------------------
Time to First Token (TTFT): 11.953s (Prefill: 7.1 tok/s)
Decode Time:                199.708s (Decode: 0.6 tok/s)
Total End-to-End Latency:   211.661s
Per-token Latency (Avg):    1.678s
Per-token Latency (Min):    1.307s
Per-token Latency (Max):    2.813s
Per-token Latency (P50):    1.450s
Per-token Latency (P90):    2.507s
Per-token Latency (P99):    2.780s

[5] NETWORK PAYLOAD & DATA TRANSFER
--------------------------------------------------------------------------------
Total Data Sent:            8.51 MB
Total Data Received:        8.49 MB
Total Network I/O:          17.00 MB
Avg Network Rate:           0.08 MB/s

Node Breakdown:
  • Worker-Node (192.168.8.130:9900): Sent: 8.51 MB, Received: 8.49 MB

[6] HARDWARE & MEMORY FOOTPRINT (PER NODE)
--------------------------------------------------------------------------------
Local Device:               cuda
GPU VRAM Before:            3.18 GB
GPU VRAM After:             4.45 GB
GPU VRAM Delta:             1.27 GB
KV Cache Total (est):       7.21 MB

Node Memory Breakdown (Layer Weights + Active KV Cache):
  • Local: vithurshan-HP-250-G8-Notebook-PC + NVIDIA GeForce RTX 3060 Laptop GPU:
    - Assigned:      layers 0-9, layers 20-35, layers 10-19(attn only), embedding, lm_head + norm
    - Layer Memory:  3.11 GB
    - Active KV:     7.17 MB
    - Total Footprint: 4.45 GB (VRAM)
  • Worker-Node (192.168.8.130:9900):
    - Assigned:      ffn 10-19
    - Layer Memory:  3.07 GB
    - Active KV:     0.00 B
    - Total Footprint: 5.20 GB (Process RAM)
================================================================================

================================================================================
INFERENCE AUDIT REPORT — 2026-08-29 16:13:39
================================================================================

[1] MODEL INFORMATION
--------------------------------------------------------------------------------
Model ID / Name:     Qwen/Qwen2.5-3B
Architecture:        Dense Transformer
Quantization Mode:   8-bit Quantization (BitsAndBytes)
Precision Base:      torch.float16
Total Parameters:    3,085,938,688 (3.09 B)
Total Memory in RAM: 3.16 GB
Dimensions:          Layers: 36, Hidden Size: 2048, KV Heads: 2, Head Dim: 128

[2] TOPOLOGY & COMPONENT DISTRIBUTION
--------------------------------------------------------------------------------
  • Worker-Node (192.168.8.130:9900):
    Allocated: layers 6-13, layers 20-27
  • Local: vithurshan-HP-250-G8-Notebook-PC + NVIDIA GeForce RTX 3060 Laptop GPU:
    Allocated: layers 0-5, layers 14-19, layers 28-35, embedding, lm_head + norm

[3] GENERATION METADATA
--------------------------------------------------------------------------------
Temperature:         0.0
Prompt Tokens:       10 tokens
Generated Tokens:    20 tokens
Total Sequence:      30 tokens

[4] LATENCY & THROUGHPUT METRICS
--------------------------------------------------------------------------------
Time to First Token (TTFT): 3.549s (Prefill: 2.8 tok/s)
Decode Time:                53.971s (Decode: 0.4 tok/s)
Total End-to-End Latency:   57.520s
Per-token Latency (Avg):    2.841s
Per-token Latency (Min):    2.182s
Per-token Latency (Max):    4.232s
Per-token Latency (P50):    2.435s
Per-token Latency (P90):    4.207s
Per-token Latency (P99):    4.232s

[5] NETWORK PAYLOAD & DATA TRANSFER
--------------------------------------------------------------------------------
Total Data Sent:            2.46 MB
Total Data Received:        1.95 MB
Total Network I/O:          4.41 MB
Avg Network Rate:           0.08 MB/s

Node Breakdown:
  • Worker-Node (192.168.8.130:9900): Sent: 2.46 MB, Received: 1.95 MB

[6] HARDWARE & MEMORY FOOTPRINT (PER NODE)
--------------------------------------------------------------------------------
Local Device:               cuda
GPU VRAM Before:            3.18 GB
GPU VRAM After:             3.25 GB
GPU VRAM Delta:             71.01 MB
KV Cache Total (est):       1.05 MB

Node Memory Breakdown (Layer Weights + Active KV Cache):
  • Local: vithurshan-HP-250-G8-Notebook-PC + NVIDIA GeForce RTX 3060 Laptop GPU:
    - Assigned:      layers 0-5, layers 14-19, layers 28-35, embedding, lm_head + norm
    - Layer Memory:  2.59 GB
    - Active KV:     580.00 KB
    - Total Footprint: 3.25 GB (VRAM)
  • Worker-Node (192.168.8.130:9900):
    - Assigned:      layers 6-13, layers 20-27
    - Layer Memory:  3.07 GB
    - Active KV:     464.00 KB
    - Total Footprint: 5.20 GB (Process RAM)
================================================================================

================================================================================
INFERENCE AUDIT REPORT — 2026-08-29 16:17:15
================================================================================

[1] MODEL INFORMATION
--------------------------------------------------------------------------------
Model ID / Name:     Qwen/Qwen2.5-3B
Architecture:        Dense Transformer
Quantization Mode:   8-bit Quantization (BitsAndBytes)
Precision Base:      torch.float16
Total Parameters:    3,085,938,688 (3.09 B)
Total Memory in RAM: 3.16 GB
Dimensions:          Layers: 36, Hidden Size: 2048, KV Heads: 2, Head Dim: 128

[2] TOPOLOGY & COMPONENT DISTRIBUTION
--------------------------------------------------------------------------------
  • Worker-Node (192.168.8.130:9900):
    Allocated: layers 6-13, layers 20-27
  • Local: vithurshan-HP-250-G8-Notebook-PC + NVIDIA GeForce RTX 3060 Laptop GPU:
    Allocated: layers 0-5, layers 14-19, layers 28-35, embedding, lm_head + norm

[3] GENERATION METADATA
--------------------------------------------------------------------------------
Temperature:         0.0
Prompt Tokens:       8 tokens
Generated Tokens:    80 tokens
Total Sequence:      88 tokens

[4] LATENCY & THROUGHPUT METRICS
--------------------------------------------------------------------------------
Time to First Token (TTFT): 4.133s (Prefill: 1.9 tok/s)
Decode Time:                210.057s (Decode: 0.4 tok/s)
Total End-to-End Latency:   214.190s
Per-token Latency (Avg):    2.659s
Per-token Latency (Min):    2.132s
Per-token Latency (Max):    4.050s
Per-token Latency (P50):    2.310s
Per-token Latency (P90):    3.843s
Per-token Latency (P99):    4.050s

[5] NETWORK PAYLOAD & DATA TRANSFER
--------------------------------------------------------------------------------
Total Data Sent:            7.81 MB
Total Data Received:        5.99 MB
Total Network I/O:          13.80 MB
Avg Network Rate:           0.06 MB/s

Node Breakdown:
  • Worker-Node (192.168.8.130:9900): Sent: 7.81 MB, Received: 5.99 MB

[6] HARDWARE & MEMORY FOOTPRINT (PER NODE)
--------------------------------------------------------------------------------
Local Device:               cuda
GPU VRAM Before:            3.18 GB
GPU VRAM After:             3.43 GB
GPU VRAM Delta:             258.21 MB
KV Cache Total (est):       3.09 MB

Node Memory Breakdown (Layer Weights + Active KV Cache):
  • Local: vithurshan-HP-250-G8-Notebook-PC + NVIDIA GeForce RTX 3060 Laptop GPU:
    - Assigned:      layers 0-5, layers 14-19, layers 28-35, embedding, lm_head + norm
    - Layer Memory:  2.59 GB
    - Active KV:     1.70 MB
    - Total Footprint: 3.43 GB (VRAM)
  • Worker-Node (192.168.8.130:9900):
    - Assigned:      layers 6-13, layers 20-27
    - Layer Memory:  3.07 GB
    - Active KV:     1.36 MB
    - Total Footprint: 5.20 GB (Process RAM)
================================================================================

================================================================================
INFERENCE AUDIT REPORT — 2026-08-29 16:21:02
================================================================================

[1] MODEL INFORMATION
--------------------------------------------------------------------------------
Model ID / Name:     Qwen/Qwen2.5-3B
Architecture:        Dense Transformer
Quantization Mode:   8-bit Quantization (BitsAndBytes)
Precision Base:      torch.float16
Total Parameters:    3,085,938,688 (3.09 B)
Total Memory in RAM: 3.16 GB
Dimensions:          Layers: 36, Hidden Size: 2048, KV Heads: 2, Head Dim: 128

[2] TOPOLOGY & COMPONENT DISTRIBUTION
--------------------------------------------------------------------------------
  • Worker-Node (192.168.8.130:9900):
    Allocated: layers 6-13, layers 20-27
  • Local: vithurshan-HP-250-G8-Notebook-PC + NVIDIA GeForce RTX 3060 Laptop GPU:
    Allocated: layers 0-5, layers 14-19, layers 28-35, embedding, lm_head + norm

[3] GENERATION METADATA
--------------------------------------------------------------------------------
Temperature:         0.0
Prompt Tokens:       39 tokens
Generated Tokens:    80 tokens
Total Sequence:      119 tokens

[4] LATENCY & THROUGHPUT METRICS
--------------------------------------------------------------------------------
Time to First Token (TTFT): 10.143s (Prefill: 3.8 tok/s)
Decode Time:                215.542s (Decode: 0.4 tok/s)
Total End-to-End Latency:   225.685s
Per-token Latency (Avg):    2.728s
Per-token Latency (Min):    2.187s
Per-token Latency (Max):    4.030s
Per-token Latency (P50):    2.414s
Per-token Latency (P90):    3.896s
Per-token Latency (P99):    4.030s

[5] NETWORK PAYLOAD & DATA TRANSFER
--------------------------------------------------------------------------------
Total Data Sent:            9.99 MB
Total Data Received:        7.93 MB
Total Network I/O:          17.92 MB
Avg Network Rate:           0.08 MB/s

Node Breakdown:
  • Worker-Node (192.168.8.130:9900): Sent: 9.99 MB, Received: 7.93 MB

[6] HARDWARE & MEMORY FOOTPRINT (PER NODE)
--------------------------------------------------------------------------------
Local Device:               cuda
GPU VRAM Before:            3.18 GB
GPU VRAM After:             3.54 GB
GPU VRAM Delta:             365.70 MB
KV Cache Total (est):       4.18 MB

Node Memory Breakdown (Layer Weights + Active KV Cache):
  • Local: vithurshan-HP-250-G8-Notebook-PC + NVIDIA GeForce RTX 3060 Laptop GPU:
    - Assigned:      layers 0-5, layers 14-19, layers 28-35, embedding, lm_head + norm
    - Layer Memory:  2.59 GB
    - Active KV:     2.30 MB
    - Total Footprint: 3.54 GB (VRAM)
  • Worker-Node (192.168.8.130:9900):
    - Assigned:      layers 6-13, layers 20-27
    - Layer Memory:  3.07 GB
    - Active KV:     1.84 MB
    - Total Footprint: 5.20 GB (Process RAM)
================================================================================

================================================================================
INFERENCE AUDIT REPORT — 2026-08-29 16:22:22
================================================================================

[1] MODEL INFORMATION
--------------------------------------------------------------------------------
Model ID / Name:     Qwen/Qwen2.5-3B
Architecture:        Dense Transformer
Quantization Mode:   8-bit Quantization (BitsAndBytes)
Precision Base:      torch.float16
Total Parameters:    3,085,938,688 (3.09 B)
Total Memory in RAM: 3.16 GB
Dimensions:          Layers: 36, Hidden Size: 2048, KV Heads: 2, Head Dim: 128

[2] TOPOLOGY & COMPONENT DISTRIBUTION
--------------------------------------------------------------------------------
  • Worker-Node (192.168.8.130:9900):
    Allocated: layers 6-13, layers 20-27
  • Local: vithurshan-HP-250-G8-Notebook-PC + NVIDIA GeForce RTX 3060 Laptop GPU:
    Allocated: layers 0-5, layers 14-19, layers 28-35, embedding, lm_head + norm

[3] GENERATION METADATA
--------------------------------------------------------------------------------
Temperature:         0.0
Prompt Tokens:       85 tokens
Generated Tokens:    25 tokens
Total Sequence:      110 tokens

[4] LATENCY & THROUGHPUT METRICS
--------------------------------------------------------------------------------
Time to First Token (TTFT): 15.501s (Prefill: 5.5 tok/s)
Decode Time:                63.094s (Decode: 0.4 tok/s)
Total End-to-End Latency:   78.595s
Per-token Latency (Avg):    2.629s
Per-token Latency (Min):    2.123s
Per-token Latency (Max):    3.998s
Per-token Latency (P50):    2.357s
Per-token Latency (P90):    3.654s
Per-token Latency (P99):    3.998s

[5] NETWORK PAYLOAD & DATA TRANSFER
--------------------------------------------------------------------------------
Total Data Sent:            8.20 MB
Total Data Received:        6.99 MB
Total Network I/O:          15.19 MB
Avg Network Rate:           0.19 MB/s

Node Breakdown:
  • Worker-Node (192.168.8.130:9900): Sent: 8.20 MB, Received: 6.99 MB

[6] HARDWARE & MEMORY FOOTPRINT (PER NODE)
--------------------------------------------------------------------------------
Local Device:               cuda
GPU VRAM Before:            3.18 GB
GPU VRAM After:             3.45 GB
GPU VRAM Delta:             279.13 MB
KV Cache Total (est):       3.87 MB

Node Memory Breakdown (Layer Weights + Active KV Cache):
  • Local: vithurshan-HP-250-G8-Notebook-PC + NVIDIA GeForce RTX 3060 Laptop GPU:
    - Assigned:      layers 0-5, layers 14-19, layers 28-35, embedding, lm_head + norm
    - Layer Memory:  2.59 GB
    - Active KV:     2.13 MB
    - Total Footprint: 3.45 GB (VRAM)
  • Worker-Node (192.168.8.130:9900):
    - Assigned:      layers 6-13, layers 20-27
    - Layer Memory:  3.07 GB
    - Active KV:     1.70 MB
    - Total Footprint: 5.20 GB (Process RAM)
================================================================================

================================================================================
INFERENCE AUDIT REPORT — 2026-08-29 16:28:02
================================================================================

[1] MODEL INFORMATION
--------------------------------------------------------------------------------
Model ID / Name:     Qwen/Qwen2.5-3B
Architecture:        Dense Transformer
Quantization Mode:   8-bit Quantization (BitsAndBytes)
Precision Base:      torch.float16
Total Parameters:    3,085,938,688 (3.09 B)
Total Memory in RAM: 3.16 GB
Dimensions:          Layers: 36, Hidden Size: 2048, KV Heads: 2, Head Dim: 128

[2] TOPOLOGY & COMPONENT DISTRIBUTION
--------------------------------------------------------------------------------
  • Worker-Node (192.168.8.130:9900):
    Allocated: layers 6-13, layers 20-27
  • Local: vithurshan-HP-250-G8-Notebook-PC + NVIDIA GeForce RTX 3060 Laptop GPU:
    Allocated: layers 0-5, layers 14-19, layers 28-35, embedding, lm_head + norm

[3] GENERATION METADATA
--------------------------------------------------------------------------------
Temperature:         0.0
Prompt Tokens:       85 tokens
Generated Tokens:    120 tokens
Total Sequence:      205 tokens

[4] LATENCY & THROUGHPUT METRICS
--------------------------------------------------------------------------------
Time to First Token (TTFT): 13.604s (Prefill: 6.2 tok/s)
Decode Time:                324.367s (Decode: 0.4 tok/s)
Total End-to-End Latency:   337.972s
Per-token Latency (Avg):    2.726s
Per-token Latency (Min):    2.167s
Per-token Latency (Max):    4.399s
Per-token Latency (P50):    2.375s
Per-token Latency (P90):    3.805s
Per-token Latency (P99):    4.144s

[5] NETWORK PAYLOAD & DATA TRANSFER
--------------------------------------------------------------------------------
Total Data Sent:            16.89 MB
Total Data Received:        13.58 MB
Total Network I/O:          30.46 MB
Avg Network Rate:           0.09 MB/s

Node Breakdown:
  • Worker-Node (192.168.8.130:9900): Sent: 16.89 MB, Received: 13.58 MB

[6] HARDWARE & MEMORY FOOTPRINT (PER NODE)
--------------------------------------------------------------------------------
Local Device:               cuda
GPU VRAM Before:            3.18 GB
GPU VRAM After:             3.90 GB
GPU VRAM Delta:             741.07 MB
KV Cache Total (est):       7.21 MB

Node Memory Breakdown (Layer Weights + Active KV Cache):
  • Local: vithurshan-HP-250-G8-Notebook-PC + NVIDIA GeForce RTX 3060 Laptop GPU:
    - Assigned:      layers 0-5, layers 14-19, layers 28-35, embedding, lm_head + norm
    - Layer Memory:  2.59 GB
    - Active KV:     3.98 MB
    - Total Footprint: 3.90 GB (VRAM)
  • Worker-Node (192.168.8.130:9900):
    - Assigned:      layers 6-13, layers 20-27
    - Layer Memory:  3.07 GB
    - Active KV:     3.19 MB
    - Total Footprint: 5.20 GB (Process RAM)
================================================================================

================================================================================
INFERENCE AUDIT REPORT — 2026-08-29 19:24:58
================================================================================

[1] MODEL INFORMATION
--------------------------------------------------------------------------------
Model ID / Name:     HuggingFaceTB/SmolLM2-135M
Architecture:        Dense Transformer
Quantization Mode:   Full Precision (torch.bfloat16)
Precision Base:      torch.bfloat16
Total Parameters:    134,515,008 (134515.01 K)
Total Memory in RAM: 256.57 MB
Dimensions:          Layers: 30, Hidden Size: 576, KV Heads: 3, Head Dim: 64

[2] TOPOLOGY & COMPONENT DISTRIBUTION
--------------------------------------------------------------------------------
  • Worker-Node (192.168.8.130:9900):
    Allocated: attn 0-29
  • Local: vithurshan-HP-250-G8-Notebook-PC + NVIDIA GeForce RTX 3060 Laptop GPU:
    Allocated: layers 0-29(ffn only), embedding, lm_head + norm

[3] GENERATION METADATA
--------------------------------------------------------------------------------
Temperature:         0.0
Prompt Tokens:       9 tokens
Generated Tokens:    20 tokens
Total Sequence:      29 tokens

[4] LATENCY & THROUGHPUT METRICS
--------------------------------------------------------------------------------
Time to First Token (TTFT): 1.184s (Prefill: 7.6 tok/s)
Decode Time:                10.377s (Decode: 1.8 tok/s)
Total End-to-End Latency:   11.561s
Per-token Latency (Avg):    546.1ms
Per-token Latency (Min):    368.4ms
Per-token Latency (Max):    1.055s
Per-token Latency (P50):    387.3ms
Per-token Latency (P90):    1.005s
Per-token Latency (P99):    1.055s

[5] NETWORK PAYLOAD & DATA TRANSFER
--------------------------------------------------------------------------------
Total Data Sent:            1.92 MB
Total Data Received:        1.18 MB
Total Network I/O:          3.11 MB
Avg Network Rate:           0.27 MB/s

Node Breakdown:
  • Worker-Node (192.168.8.130:9900): Sent: 1.92 MB, Received: 1.18 MB

[6] HARDWARE & MEMORY FOOTPRINT (PER NODE)
--------------------------------------------------------------------------------
Local Device:               cuda
GPU VRAM Before:            256.59 MB
GPU VRAM After:             265.34 MB
GPU VRAM Delta:             8.75 MB
KV Cache Total (est):       652.50 KB

Node Memory Breakdown (Layer Weights + Active KV Cache):
  • Local: vithurshan-HP-250-G8-Notebook-PC + NVIDIA GeForce RTX 3060 Laptop GPU:
    - Assigned:      layers 0-29(ffn only), embedding, lm_head + norm
    - Layer Memory:  259.91 MB
    - Active KV:     0.00 B
    - Total Footprint: 265.34 MB (VRAM)
  • Worker-Node (192.168.8.130:9900):
    - Assigned:      attn 0-29
    - Layer Memory:  256.57 MB
    - Active KV:     630.00 KB
    - Total Footprint: 3.35 GB (Process RAM)
================================================================================

================================================================================
INFERENCE AUDIT REPORT — 2026-08-29 19:25:46
================================================================================

[1] MODEL INFORMATION
--------------------------------------------------------------------------------
Model ID / Name:     HuggingFaceTB/SmolLM2-135M
Architecture:        Dense Transformer
Quantization Mode:   Full Precision (torch.bfloat16)
Precision Base:      torch.bfloat16
Total Parameters:    134,515,008 (134515.01 K)
Total Memory in RAM: 256.57 MB
Dimensions:          Layers: 30, Hidden Size: 576, KV Heads: 3, Head Dim: 64

[2] TOPOLOGY & COMPONENT DISTRIBUTION
--------------------------------------------------------------------------------
  • Worker-Node (192.168.8.130:9900):
    Allocated: attn 0-29
  • Local: vithurshan-HP-250-G8-Notebook-PC + NVIDIA GeForce RTX 3060 Laptop GPU:
    Allocated: layers 0-29(ffn only), embedding, lm_head + norm

[3] GENERATION METADATA
--------------------------------------------------------------------------------
Temperature:         0.0
Prompt Tokens:       8 tokens
Generated Tokens:    80 tokens
Total Sequence:      88 tokens

[4] LATENCY & THROUGHPUT METRICS
--------------------------------------------------------------------------------
Time to First Token (TTFT): 735.6ms (Prefill: 10.9 tok/s)
Decode Time:                45.142s (Decode: 1.8 tok/s)
Total End-to-End Latency:   45.878s
Per-token Latency (Avg):    571.4ms
Per-token Latency (Min):    361.1ms
Per-token Latency (Max):    1.226s
Per-token Latency (P50):    427.6ms
Per-token Latency (P90):    1.008s
Per-token Latency (P99):    1.226s

[5] NETWORK PAYLOAD & DATA TRANSFER
--------------------------------------------------------------------------------
Total Data Sent:            6.68 MB
Total Data Received:        3.91 MB
Total Network I/O:          10.59 MB
Avg Network Rate:           0.23 MB/s

Node Breakdown:
  • Worker-Node (192.168.8.130:9900): Sent: 6.68 MB, Received: 3.91 MB

[6] HARDWARE & MEMORY FOOTPRINT (PER NODE)
--------------------------------------------------------------------------------
Local Device:               cuda
GPU VRAM Before:            264.72 MB
GPU VRAM After:             265.34 MB
GPU VRAM Delta:             643.50 KB
KV Cache Total (est):       1.93 MB

Node Memory Breakdown (Layer Weights + Active KV Cache):
  • Local: vithurshan-HP-250-G8-Notebook-PC + NVIDIA GeForce RTX 3060 Laptop GPU:
    - Assigned:      layers 0-29(ffn only), embedding, lm_head + norm
    - Layer Memory:  259.91 MB
    - Active KV:     0.00 B
    - Total Footprint: 265.34 MB (VRAM)
  • Worker-Node (192.168.8.130:9900):
    - Assigned:      attn 0-29
    - Layer Memory:  256.57 MB
    - Active KV:     1.91 MB
    - Total Footprint: 3.35 GB (Process RAM)
================================================================================

================================================================================
INFERENCE AUDIT REPORT — 2026-08-29 19:26:31
================================================================================

[1] MODEL INFORMATION
--------------------------------------------------------------------------------
Model ID / Name:     HuggingFaceTB/SmolLM2-135M
Architecture:        Dense Transformer
Quantization Mode:   Full Precision (torch.bfloat16)
Precision Base:      torch.bfloat16
Total Parameters:    134,515,008 (134515.01 K)
Total Memory in RAM: 256.57 MB
Dimensions:          Layers: 30, Hidden Size: 576, KV Heads: 3, Head Dim: 64

[2] TOPOLOGY & COMPONENT DISTRIBUTION
--------------------------------------------------------------------------------
  • Worker-Node (192.168.8.130:9900):
    Allocated: attn 0-29
  • Local: vithurshan-HP-250-G8-Notebook-PC + NVIDIA GeForce RTX 3060 Laptop GPU:
    Allocated: layers 0-29(ffn only), embedding, lm_head + norm

[3] GENERATION METADATA
--------------------------------------------------------------------------------
Temperature:         0.0
Prompt Tokens:       38 tokens
Generated Tokens:    80 tokens
Total Sequence:      118 tokens

[4] LATENCY & THROUGHPUT METRICS
--------------------------------------------------------------------------------
Time to First Token (TTFT): 2.192s (Prefill: 17.3 tok/s)
Decode Time:                41.832s (Decode: 1.9 tok/s)
Total End-to-End Latency:   44.024s
Per-token Latency (Avg):    529.5ms
Per-token Latency (Min):    339.0ms
Per-token Latency (Max):    1.105s
Per-token Latency (P50):    378.2ms
Per-token Latency (P90):    993.5ms
Per-token Latency (P99):    1.105s

[5] NETWORK PAYLOAD & DATA TRANSFER
--------------------------------------------------------------------------------
Total Data Sent:            7.89 MB
Total Data Received:        4.90 MB
Total Network I/O:          12.79 MB
Avg Network Rate:           0.29 MB/s

Node Breakdown:
  • Worker-Node (192.168.8.130:9900): Sent: 7.89 MB, Received: 4.90 MB

[6] HARDWARE & MEMORY FOOTPRINT (PER NODE)
--------------------------------------------------------------------------------
Local Device:               cuda
GPU VRAM Before:            264.72 MB
GPU VRAM After:             265.34 MB
GPU VRAM Delta:             643.50 KB
KV Cache Total (est):       2.59 MB

Node Memory Breakdown (Layer Weights + Active KV Cache):
  • Local: vithurshan-HP-250-G8-Notebook-PC + NVIDIA GeForce RTX 3060 Laptop GPU:
    - Assigned:      layers 0-29(ffn only), embedding, lm_head + norm
    - Layer Memory:  259.91 MB
    - Active KV:     0.00 B
    - Total Footprint: 265.34 MB (VRAM)
  • Worker-Node (192.168.8.130:9900):
    - Assigned:      attn 0-29
    - Layer Memory:  256.57 MB
    - Active KV:     2.57 MB
    - Total Footprint: 3.35 GB (Process RAM)
================================================================================

================================================================================
INFERENCE AUDIT REPORT — 2026-08-29 19:26:47
================================================================================

[1] MODEL INFORMATION
--------------------------------------------------------------------------------
Model ID / Name:     HuggingFaceTB/SmolLM2-135M
Architecture:        Dense Transformer
Quantization Mode:   Full Precision (torch.bfloat16)
Precision Base:      torch.bfloat16
Total Parameters:    134,515,008 (134515.01 K)
Total Memory in RAM: 256.57 MB
Dimensions:          Layers: 30, Hidden Size: 576, KV Heads: 3, Head Dim: 64

[2] TOPOLOGY & COMPONENT DISTRIBUTION
--------------------------------------------------------------------------------
  • Worker-Node (192.168.8.130:9900):
    Allocated: attn 0-29
  • Local: vithurshan-HP-250-G8-Notebook-PC + NVIDIA GeForce RTX 3060 Laptop GPU:
    Allocated: layers 0-29(ffn only), embedding, lm_head + norm

[3] GENERATION METADATA
--------------------------------------------------------------------------------
Temperature:         0.0
Prompt Tokens:       83 tokens
Generated Tokens:    25 tokens
Total Sequence:      108 tokens

[4] LATENCY & THROUGHPUT METRICS
--------------------------------------------------------------------------------
Time to First Token (TTFT): 3.649s (Prefill: 22.7 tok/s)
Decode Time:                11.828s (Decode: 2.0 tok/s)
Total End-to-End Latency:   15.477s
Per-token Latency (Avg):    492.8ms
Per-token Latency (Min):    352.7ms
Per-token Latency (Max):    1.002s
Per-token Latency (P50):    370.2ms
Per-token Latency (P90):    963.6ms
Per-token Latency (P99):    1.002s

[5] NETWORK PAYLOAD & DATA TRANSFER
--------------------------------------------------------------------------------
Total Data Sent:            5.32 MB
Total Data Received:        3.85 MB
Total Network I/O:          9.17 MB
Avg Network Rate:           0.59 MB/s

Node Breakdown:
  • Worker-Node (192.168.8.130:9900): Sent: 5.32 MB, Received: 3.85 MB

[6] HARDWARE & MEMORY FOOTPRINT (PER NODE)
--------------------------------------------------------------------------------
Local Device:               cuda
GPU VRAM Before:            264.72 MB
GPU VRAM After:             265.34 MB
GPU VRAM Delta:             643.50 KB
KV Cache Total (est):       2.37 MB

Node Memory Breakdown (Layer Weights + Active KV Cache):
  • Local: vithurshan-HP-250-G8-Notebook-PC + NVIDIA GeForce RTX 3060 Laptop GPU:
    - Assigned:      layers 0-29(ffn only), embedding, lm_head + norm
    - Layer Memory:  259.91 MB
    - Active KV:     0.00 B
    - Total Footprint: 265.34 MB (VRAM)
  • Worker-Node (192.168.8.130:9900):
    - Assigned:      attn 0-29
    - Layer Memory:  256.57 MB
    - Active KV:     2.35 MB
    - Total Footprint: 3.35 GB (Process RAM)
================================================================================

================================================================================
INFERENCE AUDIT REPORT — 2026-08-29 19:27:55
================================================================================

[1] MODEL INFORMATION
--------------------------------------------------------------------------------
Model ID / Name:     HuggingFaceTB/SmolLM2-135M
Architecture:        Dense Transformer
Quantization Mode:   Full Precision (torch.bfloat16)
Precision Base:      torch.bfloat16
Total Parameters:    134,515,008 (134515.01 K)
Total Memory in RAM: 256.57 MB
Dimensions:          Layers: 30, Hidden Size: 576, KV Heads: 3, Head Dim: 64

[2] TOPOLOGY & COMPONENT DISTRIBUTION
--------------------------------------------------------------------------------
  • Worker-Node (192.168.8.130:9900):
    Allocated: attn 0-29
  • Local: vithurshan-HP-250-G8-Notebook-PC + NVIDIA GeForce RTX 3060 Laptop GPU:
    Allocated: layers 0-29(ffn only), embedding, lm_head + norm

[3] GENERATION METADATA
--------------------------------------------------------------------------------
Temperature:         0.0
Prompt Tokens:       84 tokens
Generated Tokens:    120 tokens
Total Sequence:      204 tokens

[4] LATENCY & THROUGHPUT METRICS
--------------------------------------------------------------------------------
Time to First Token (TTFT): 7.051s (Prefill: 11.9 tok/s)
Decode Time:                59.189s (Decode: 2.0 tok/s)
Total End-to-End Latency:   66.240s
Per-token Latency (Avg):    497.4ms
Per-token Latency (Min):    335.6ms
Per-token Latency (Max):    1.171s
Per-token Latency (P50):    374.9ms
Per-token Latency (P90):    972.1ms
Per-token Latency (P99):    1.039s

[5] NETWORK PAYLOAD & DATA TRANSFER
--------------------------------------------------------------------------------
Total Data Sent:            12.95 MB
Total Data Received:        8.26 MB
Total Network I/O:          21.21 MB
Avg Network Rate:           0.32 MB/s

Node Breakdown:
  • Worker-Node (192.168.8.130:9900): Sent: 12.95 MB, Received: 8.26 MB

[6] HARDWARE & MEMORY FOOTPRINT (PER NODE)
--------------------------------------------------------------------------------
Local Device:               cuda
GPU VRAM Before:            264.72 MB
GPU VRAM After:             265.34 MB
GPU VRAM Delta:             643.50 KB
KV Cache Total (est):       4.48 MB

Node Memory Breakdown (Layer Weights + Active KV Cache):
  • Local: vithurshan-HP-250-G8-Notebook-PC + NVIDIA GeForce RTX 3060 Laptop GPU:
    - Assigned:      layers 0-29(ffn only), embedding, lm_head + norm
    - Layer Memory:  259.91 MB
    - Active KV:     0.00 B
    - Total Footprint: 265.34 MB (VRAM)
  • Worker-Node (192.168.8.130:9900):
    - Assigned:      attn 0-29
    - Layer Memory:  256.57 MB
    - Active KV:     4.46 MB
    - Total Footprint: 3.35 GB (Process RAM)
================================================================================

================================================================================
INFERENCE AUDIT REPORT — 2026-08-29 19:28:43
================================================================================

[1] MODEL INFORMATION
--------------------------------------------------------------------------------
Model ID / Name:     HuggingFaceTB/SmolLM2-135M
Architecture:        Dense Transformer
Quantization Mode:   4-bit NF4 Quantization (BitsAndBytes)
Precision Base:      torch.bfloat16
Total Parameters:    81,430,848 (81430.85 K)
Total Memory in RAM: 104.69 MB
Dimensions:          Layers: 30, Hidden Size: 576, KV Heads: 3, Head Dim: 64

[2] TOPOLOGY & COMPONENT DISTRIBUTION
--------------------------------------------------------------------------------
  • Worker-Node (192.168.8.130:9900):
    Allocated: attn 0-29
  • Local: vithurshan-HP-250-G8-Notebook-PC + NVIDIA GeForce RTX 3060 Laptop GPU:
    Allocated: layers 0-29(ffn only), embedding, lm_head + norm

[3] GENERATION METADATA
--------------------------------------------------------------------------------
Temperature:         0.0
Prompt Tokens:       9 tokens
Generated Tokens:    20 tokens
Total Sequence:      29 tokens

[4] LATENCY & THROUGHPUT METRICS
--------------------------------------------------------------------------------
Time to First Token (TTFT): 1.736s (Prefill: 5.2 tok/s)
Decode Time:                12.445s (Decode: 1.5 tok/s)
Total End-to-End Latency:   14.181s
Per-token Latency (Avg):    655.0ms
Per-token Latency (Min):    444.4ms
Per-token Latency (Max):    1.422s
Per-token Latency (P50):    496.9ms
Per-token Latency (P90):    1.254s
Per-token Latency (P99):    1.422s

[5] NETWORK PAYLOAD & DATA TRANSFER
--------------------------------------------------------------------------------
Total Data Sent:            1.92 MB
Total Data Received:        1.18 MB
Total Network I/O:          3.11 MB
Avg Network Rate:           0.22 MB/s

Node Breakdown:
  • Worker-Node (192.168.8.130:9900): Sent: 1.92 MB, Received: 1.18 MB

[6] HARDWARE & MEMORY FOOTPRINT (PER NODE)
--------------------------------------------------------------------------------
Local Device:               cuda
GPU VRAM Before:            119.30 MB
GPU VRAM After:             119.80 MB
GPU VRAM Delta:             508.50 KB
KV Cache Total (est):       652.50 KB

Node Memory Breakdown (Layer Weights + Active KV Cache):
  • Local: vithurshan-HP-250-G8-Notebook-PC + NVIDIA GeForce RTX 3060 Laptop GPU:
    - Assigned:      layers 0-29(ffn only), embedding, lm_head + norm
    - Layer Memory:  146.00 MB
    - Active KV:     0.00 B
    - Total Footprint: 119.80 MB (VRAM)
  • Worker-Node (192.168.8.130:9900):
    - Assigned:      attn 0-29
    - Layer Memory:  218.60 MB
    - Active KV:     630.00 KB
    - Total Footprint: 3.35 GB (Process RAM)
================================================================================

================================================================================
INFERENCE AUDIT REPORT — 2026-08-29 19:29:37
================================================================================

[1] MODEL INFORMATION
--------------------------------------------------------------------------------
Model ID / Name:     HuggingFaceTB/SmolLM2-135M
Architecture:        Dense Transformer
Quantization Mode:   4-bit NF4 Quantization (BitsAndBytes)
Precision Base:      torch.bfloat16
Total Parameters:    81,430,848 (81430.85 K)
Total Memory in RAM: 104.69 MB
Dimensions:          Layers: 30, Hidden Size: 576, KV Heads: 3, Head Dim: 64

[2] TOPOLOGY & COMPONENT DISTRIBUTION
--------------------------------------------------------------------------------
  • Worker-Node (192.168.8.130:9900):
    Allocated: attn 0-29
  • Local: vithurshan-HP-250-G8-Notebook-PC + NVIDIA GeForce RTX 3060 Laptop GPU:
    Allocated: layers 0-29(ffn only), embedding, lm_head + norm

[3] GENERATION METADATA
--------------------------------------------------------------------------------
Temperature:         0.0
Prompt Tokens:       8 tokens
Generated Tokens:    80 tokens
Total Sequence:      88 tokens

[4] LATENCY & THROUGHPUT METRICS
--------------------------------------------------------------------------------
Time to First Token (TTFT): 734.5ms (Prefill: 10.9 tok/s)
Decode Time:                51.732s (Decode: 1.5 tok/s)
Total End-to-End Latency:   52.467s
Per-token Latency (Avg):    654.8ms
Per-token Latency (Min):    425.6ms
Per-token Latency (Max):    1.437s
Per-token Latency (P50):    522.2ms
Per-token Latency (P90):    1.274s
Per-token Latency (P99):    1.437s

[5] NETWORK PAYLOAD & DATA TRANSFER
--------------------------------------------------------------------------------
Total Data Sent:            6.68 MB
Total Data Received:        3.91 MB
Total Network I/O:          10.59 MB
Avg Network Rate:           0.20 MB/s

Node Breakdown:
  • Worker-Node (192.168.8.130:9900): Sent: 6.68 MB, Received: 3.91 MB

[6] HARDWARE & MEMORY FOOTPRINT (PER NODE)
--------------------------------------------------------------------------------
Local Device:               cuda
GPU VRAM Before:            119.30 MB
GPU VRAM After:             119.80 MB
GPU VRAM Delta:             508.50 KB
KV Cache Total (est):       1.93 MB

Node Memory Breakdown (Layer Weights + Active KV Cache):
  • Local: vithurshan-HP-250-G8-Notebook-PC + NVIDIA GeForce RTX 3060 Laptop GPU:
    - Assigned:      layers 0-29(ffn only), embedding, lm_head + norm
    - Layer Memory:  146.00 MB
    - Active KV:     0.00 B
    - Total Footprint: 119.80 MB (VRAM)
  • Worker-Node (192.168.8.130:9900):
    - Assigned:      attn 0-29
    - Layer Memory:  218.60 MB
    - Active KV:     1.91 MB
    - Total Footprint: 3.35 GB (Process RAM)
================================================================================

================================================================================
INFERENCE AUDIT REPORT — 2026-08-29 19:30:36
================================================================================

[1] MODEL INFORMATION
--------------------------------------------------------------------------------
Model ID / Name:     HuggingFaceTB/SmolLM2-135M
Architecture:        Dense Transformer
Quantization Mode:   4-bit NF4 Quantization (BitsAndBytes)
Precision Base:      torch.bfloat16
Total Parameters:    81,430,848 (81430.85 K)
Total Memory in RAM: 104.69 MB
Dimensions:          Layers: 30, Hidden Size: 576, KV Heads: 3, Head Dim: 64

[2] TOPOLOGY & COMPONENT DISTRIBUTION
--------------------------------------------------------------------------------
  • Worker-Node (192.168.8.130:9900):
    Allocated: attn 0-29
  • Local: vithurshan-HP-250-G8-Notebook-PC + NVIDIA GeForce RTX 3060 Laptop GPU:
    Allocated: layers 0-29(ffn only), embedding, lm_head + norm

[3] GENERATION METADATA
--------------------------------------------------------------------------------
Temperature:         0.0
Prompt Tokens:       38 tokens
Generated Tokens:    80 tokens
Total Sequence:      118 tokens

[4] LATENCY & THROUGHPUT METRICS
--------------------------------------------------------------------------------
Time to First Token (TTFT): 5.369s (Prefill: 7.1 tok/s)
Decode Time:                52.414s (Decode: 1.5 tok/s)
Total End-to-End Latency:   57.783s
Per-token Latency (Avg):    663.5ms
Per-token Latency (Min):    398.1ms
Per-token Latency (Max):    1.503s
Per-token Latency (P50):    542.6ms
Per-token Latency (P90):    1.279s
Per-token Latency (P99):    1.503s

[5] NETWORK PAYLOAD & DATA TRANSFER
--------------------------------------------------------------------------------
Total Data Sent:            7.89 MB
Total Data Received:        4.90 MB
Total Network I/O:          12.79 MB
Avg Network Rate:           0.22 MB/s

Node Breakdown:
  • Worker-Node (192.168.8.130:9900): Sent: 7.89 MB, Received: 4.90 MB

[6] HARDWARE & MEMORY FOOTPRINT (PER NODE)
--------------------------------------------------------------------------------
Local Device:               cuda
GPU VRAM Before:            119.30 MB
GPU VRAM After:             119.80 MB
GPU VRAM Delta:             508.50 KB
KV Cache Total (est):       2.59 MB

Node Memory Breakdown (Layer Weights + Active KV Cache):
  • Local: vithurshan-HP-250-G8-Notebook-PC + NVIDIA GeForce RTX 3060 Laptop GPU:
    - Assigned:      layers 0-29(ffn only), embedding, lm_head + norm
    - Layer Memory:  146.00 MB
    - Active KV:     0.00 B
    - Total Footprint: 119.80 MB (VRAM)
  • Worker-Node (192.168.8.130:9900):
    - Assigned:      attn 0-29
    - Layer Memory:  218.60 MB
    - Active KV:     2.57 MB
    - Total Footprint: 3.35 GB (Process RAM)
================================================================================

================================================================================
INFERENCE AUDIT REPORT — 2026-08-29 19:30:59
================================================================================

[1] MODEL INFORMATION
--------------------------------------------------------------------------------
Model ID / Name:     HuggingFaceTB/SmolLM2-135M
Architecture:        Dense Transformer
Quantization Mode:   4-bit NF4 Quantization (BitsAndBytes)
Precision Base:      torch.bfloat16
Total Parameters:    81,430,848 (81430.85 K)
Total Memory in RAM: 104.69 MB
Dimensions:          Layers: 30, Hidden Size: 576, KV Heads: 3, Head Dim: 64

[2] TOPOLOGY & COMPONENT DISTRIBUTION
--------------------------------------------------------------------------------
  • Worker-Node (192.168.8.130:9900):
    Allocated: attn 0-29
  • Local: vithurshan-HP-250-G8-Notebook-PC + NVIDIA GeForce RTX 3060 Laptop GPU:
    Allocated: layers 0-29(ffn only), embedding, lm_head + norm

[3] GENERATION METADATA
--------------------------------------------------------------------------------
Temperature:         0.0
Prompt Tokens:       83 tokens
Generated Tokens:    25 tokens
Total Sequence:      108 tokens

[4] LATENCY & THROUGHPUT METRICS
--------------------------------------------------------------------------------
Time to First Token (TTFT): 7.307s (Prefill: 11.4 tok/s)
Decode Time:                14.868s (Decode: 1.6 tok/s)
Total End-to-End Latency:   22.175s
Per-token Latency (Avg):    619.5ms
Per-token Latency (Min):    435.4ms
Per-token Latency (Max):    1.432s
Per-token Latency (P50):    501.9ms
Per-token Latency (P90):    1.241s
Per-token Latency (P99):    1.432s

[5] NETWORK PAYLOAD & DATA TRANSFER
--------------------------------------------------------------------------------
Total Data Sent:            5.32 MB
Total Data Received:        3.85 MB
Total Network I/O:          9.17 MB
Avg Network Rate:           0.41 MB/s

Node Breakdown:
  • Worker-Node (192.168.8.130:9900): Sent: 5.32 MB, Received: 3.85 MB

[6] HARDWARE & MEMORY FOOTPRINT (PER NODE)
--------------------------------------------------------------------------------
Local Device:               cuda
GPU VRAM Before:            119.30 MB
GPU VRAM After:             119.80 MB
GPU VRAM Delta:             508.50 KB
KV Cache Total (est):       2.37 MB

Node Memory Breakdown (Layer Weights + Active KV Cache):
  • Local: vithurshan-HP-250-G8-Notebook-PC + NVIDIA GeForce RTX 3060 Laptop GPU:
    - Assigned:      layers 0-29(ffn only), embedding, lm_head + norm
    - Layer Memory:  146.00 MB
    - Active KV:     0.00 B
    - Total Footprint: 119.80 MB (VRAM)
  • Worker-Node (192.168.8.130:9900):
    - Assigned:      attn 0-29
    - Layer Memory:  218.60 MB
    - Active KV:     2.35 MB
    - Total Footprint: 3.35 GB (Process RAM)
================================================================================

================================================================================
INFERENCE AUDIT REPORT — 2026-08-29 19:32:22
================================================================================

[1] MODEL INFORMATION
--------------------------------------------------------------------------------
Model ID / Name:     HuggingFaceTB/SmolLM2-135M
Architecture:        Dense Transformer
Quantization Mode:   4-bit NF4 Quantization (BitsAndBytes)
Precision Base:      torch.bfloat16
Total Parameters:    81,430,848 (81430.85 K)
Total Memory in RAM: 104.69 MB
Dimensions:          Layers: 30, Hidden Size: 576, KV Heads: 3, Head Dim: 64

[2] TOPOLOGY & COMPONENT DISTRIBUTION
--------------------------------------------------------------------------------
  • Worker-Node (192.168.8.130:9900):
    Allocated: attn 0-29
  • Local: vithurshan-HP-250-G8-Notebook-PC + NVIDIA GeForce RTX 3060 Laptop GPU:
    Allocated: layers 0-29(ffn only), embedding, lm_head + norm

[3] GENERATION METADATA
--------------------------------------------------------------------------------
Temperature:         0.0
Prompt Tokens:       84 tokens
Generated Tokens:    120 tokens
Total Sequence:      204 tokens

[4] LATENCY & THROUGHPUT METRICS
--------------------------------------------------------------------------------
Time to First Token (TTFT): 7.329s (Prefill: 11.5 tok/s)
Decode Time:                74.973s (Decode: 1.6 tok/s)
Total End-to-End Latency:   82.302s
Per-token Latency (Avg):    630.0ms
Per-token Latency (Min):    377.7ms
Per-token Latency (Max):    1.449s
Per-token Latency (P50):    464.9ms
Per-token Latency (P90):    1.270s
Per-token Latency (P99):    1.422s

[5] NETWORK PAYLOAD & DATA TRANSFER
--------------------------------------------------------------------------------
Total Data Sent:            12.95 MB
Total Data Received:        8.26 MB
Total Network I/O:          21.21 MB
Avg Network Rate:           0.26 MB/s

Node Breakdown:
  • Worker-Node (192.168.8.130:9900): Sent: 12.95 MB, Received: 8.26 MB

[6] HARDWARE & MEMORY FOOTPRINT (PER NODE)
--------------------------------------------------------------------------------
Local Device:               cuda
GPU VRAM Before:            119.30 MB
GPU VRAM After:             119.80 MB
GPU VRAM Delta:             508.50 KB
KV Cache Total (est):       4.48 MB

Node Memory Breakdown (Layer Weights + Active KV Cache):
  • Local: vithurshan-HP-250-G8-Notebook-PC + NVIDIA GeForce RTX 3060 Laptop GPU:
    - Assigned:      layers 0-29(ffn only), embedding, lm_head + norm
    - Layer Memory:  146.00 MB
    - Active KV:     0.00 B
    - Total Footprint: 119.80 MB (VRAM)
  • Worker-Node (192.168.8.130:9900):
    - Assigned:      attn 0-29
    - Layer Memory:  218.60 MB
    - Active KV:     4.46 MB
    - Total Footprint: 3.35 GB (Process RAM)
================================================================================

================================================================================
INFERENCE AUDIT REPORT — 2026-08-29 19:33:11
================================================================================

[1] MODEL INFORMATION
--------------------------------------------------------------------------------
Model ID / Name:     HuggingFaceTB/SmolLM2-135M
Architecture:        Dense Transformer
Quantization Mode:   8-bit Quantization (BitsAndBytes)
Precision Base:      torch.float16
Total Parameters:    134,515,008 (134515.01 K)
Total Memory in RAM: 155.32 MB
Dimensions:          Layers: 30, Hidden Size: 576, KV Heads: 3, Head Dim: 64

[2] TOPOLOGY & COMPONENT DISTRIBUTION
--------------------------------------------------------------------------------
  • Worker-Node (192.168.8.130:9900):
    Allocated: attn 0-29
  • Local: vithurshan-HP-250-G8-Notebook-PC + NVIDIA GeForce RTX 3060 Laptop GPU:
    Allocated: layers 0-29(ffn only), embedding, lm_head + norm

[3] GENERATION METADATA
--------------------------------------------------------------------------------
Temperature:         0.0
Prompt Tokens:       9 tokens
Generated Tokens:    20 tokens
Total Sequence:      29 tokens

[4] LATENCY & THROUGHPUT METRICS
--------------------------------------------------------------------------------
Time to First Token (TTFT): 1.457s (Prefill: 6.2 tok/s)
Decode Time:                15.110s (Decode: 1.3 tok/s)
Total End-to-End Latency:   16.568s
Per-token Latency (Avg):    795.3ms
Per-token Latency (Min):    603.0ms
Per-token Latency (Max):    1.675s
Per-token Latency (P50):    646.5ms
Per-token Latency (P90):    1.528s
Per-token Latency (P99):    1.675s

[5] NETWORK PAYLOAD & DATA TRANSFER
--------------------------------------------------------------------------------
Total Data Sent:            1.92 MB
Total Data Received:        1.18 MB
Total Network I/O:          3.11 MB
Avg Network Rate:           0.19 MB/s

Node Breakdown:
  • Worker-Node (192.168.8.130:9900): Sent: 1.92 MB, Received: 1.18 MB

[6] HARDWARE & MEMORY FOOTPRINT (PER NODE)
--------------------------------------------------------------------------------
Local Device:               cuda
GPU VRAM Before:            164.10 MB
GPU VRAM After:             165.73 MB
GPU VRAM Delta:             1.64 MB
KV Cache Total (est):       652.50 KB

Node Memory Breakdown (Layer Weights + Active KV Cache):
  • Local: vithurshan-HP-250-G8-Notebook-PC + NVIDIA GeForce RTX 3060 Laptop GPU:
    - Assigned:      layers 0-29(ffn only), embedding, lm_head + norm
    - Layer Memory:  183.97 MB
    - Active KV:     0.00 B
    - Total Footprint: 165.73 MB (VRAM)
  • Worker-Node (192.168.8.130:9900):
    - Assigned:      attn 0-29
    - Layer Memory:  231.25 MB
    - Active KV:     630.00 KB
    - Total Footprint: 3.35 GB (Process RAM)
================================================================================

================================================================================
INFERENCE AUDIT REPORT — 2026-08-29 19:34:21
================================================================================

[1] MODEL INFORMATION
--------------------------------------------------------------------------------
Model ID / Name:     HuggingFaceTB/SmolLM2-135M
Architecture:        Dense Transformer
Quantization Mode:   8-bit Quantization (BitsAndBytes)
Precision Base:      torch.float16
Total Parameters:    134,515,008 (134515.01 K)
Total Memory in RAM: 155.32 MB
Dimensions:          Layers: 30, Hidden Size: 576, KV Heads: 3, Head Dim: 64

[2] TOPOLOGY & COMPONENT DISTRIBUTION
--------------------------------------------------------------------------------
  • Worker-Node (192.168.8.130:9900):
    Allocated: attn 0-29
  • Local: vithurshan-HP-250-G8-Notebook-PC + NVIDIA GeForce RTX 3060 Laptop GPU:
    Allocated: layers 0-29(ffn only), embedding, lm_head + norm

[3] GENERATION METADATA
--------------------------------------------------------------------------------
Temperature:         0.0
Prompt Tokens:       8 tokens
Generated Tokens:    80 tokens
Total Sequence:      88 tokens

[4] LATENCY & THROUGHPUT METRICS
--------------------------------------------------------------------------------
Time to First Token (TTFT): 850.6ms (Prefill: 9.4 tok/s)
Decode Time:                67.941s (Decode: 1.2 tok/s)
Total End-to-End Latency:   68.792s
Per-token Latency (Avg):    860.0ms
Per-token Latency (Min):    533.7ms
Per-token Latency (Max):    1.677s
Per-token Latency (P50):    638.0ms
Per-token Latency (P90):    1.504s
Per-token Latency (P99):    1.677s

[5] NETWORK PAYLOAD & DATA TRANSFER
--------------------------------------------------------------------------------
Total Data Sent:            6.68 MB
Total Data Received:        3.91 MB
Total Network I/O:          10.59 MB
Avg Network Rate:           0.15 MB/s

Node Breakdown:
  • Worker-Node (192.168.8.130:9900): Sent: 6.68 MB, Received: 3.91 MB

[6] HARDWARE & MEMORY FOOTPRINT (PER NODE)
--------------------------------------------------------------------------------
Local Device:               cuda
GPU VRAM Before:            165.10 MB
GPU VRAM After:             165.73 MB
GPU VRAM Delta:             649.00 KB
KV Cache Total (est):       1.93 MB

Node Memory Breakdown (Layer Weights + Active KV Cache):
  • Local: vithurshan-HP-250-G8-Notebook-PC + NVIDIA GeForce RTX 3060 Laptop GPU:
    - Assigned:      layers 0-29(ffn only), embedding, lm_head + norm
    - Layer Memory:  183.97 MB
    - Active KV:     0.00 B
    - Total Footprint: 165.73 MB (VRAM)
  • Worker-Node (192.168.8.130:9900):
    - Assigned:      attn 0-29
    - Layer Memory:  231.25 MB
    - Active KV:     1.91 MB
    - Total Footprint: 3.35 GB (Process RAM)
================================================================================

================================================================================
INFERENCE AUDIT REPORT — 2026-08-29 19:35:29
================================================================================

[1] MODEL INFORMATION
--------------------------------------------------------------------------------
Model ID / Name:     HuggingFaceTB/SmolLM2-135M
Architecture:        Dense Transformer
Quantization Mode:   8-bit Quantization (BitsAndBytes)
Precision Base:      torch.float16
Total Parameters:    134,515,008 (134515.01 K)
Total Memory in RAM: 155.32 MB
Dimensions:          Layers: 30, Hidden Size: 576, KV Heads: 3, Head Dim: 64

[2] TOPOLOGY & COMPONENT DISTRIBUTION
--------------------------------------------------------------------------------
  • Worker-Node (192.168.8.130:9900):
    Allocated: attn 0-29
  • Local: vithurshan-HP-250-G8-Notebook-PC + NVIDIA GeForce RTX 3060 Laptop GPU:
    Allocated: layers 0-29(ffn only), embedding, lm_head + norm

[3] GENERATION METADATA
--------------------------------------------------------------------------------
Temperature:         0.0
Prompt Tokens:       38 tokens
Generated Tokens:    80 tokens
Total Sequence:      118 tokens

[4] LATENCY & THROUGHPUT METRICS
--------------------------------------------------------------------------------
Time to First Token (TTFT): 2.358s (Prefill: 16.1 tok/s)
Decode Time:                65.130s (Decode: 1.2 tok/s)
Total End-to-End Latency:   67.487s
Per-token Latency (Avg):    824.4ms
Per-token Latency (Min):    489.6ms
Per-token Latency (Max):    1.690s
Per-token Latency (P50):    629.2ms
Per-token Latency (P90):    1.508s
Per-token Latency (P99):    1.690s

[5] NETWORK PAYLOAD & DATA TRANSFER
--------------------------------------------------------------------------------
Total Data Sent:            7.89 MB
Total Data Received:        4.90 MB
Total Network I/O:          12.79 MB
Avg Network Rate:           0.19 MB/s

Node Breakdown:
  • Worker-Node (192.168.8.130:9900): Sent: 7.89 MB, Received: 4.90 MB

[6] HARDWARE & MEMORY FOOTPRINT (PER NODE)
--------------------------------------------------------------------------------
Local Device:               cuda
GPU VRAM Before:            165.10 MB
GPU VRAM After:             165.73 MB
GPU VRAM Delta:             645.50 KB
KV Cache Total (est):       2.59 MB

Node Memory Breakdown (Layer Weights + Active KV Cache):
  • Local: vithurshan-HP-250-G8-Notebook-PC + NVIDIA GeForce RTX 3060 Laptop GPU:
    - Assigned:      layers 0-29(ffn only), embedding, lm_head + norm
    - Layer Memory:  183.97 MB
    - Active KV:     0.00 B
    - Total Footprint: 165.73 MB (VRAM)
  • Worker-Node (192.168.8.130:9900):
    - Assigned:      attn 0-29
    - Layer Memory:  231.25 MB
    - Active KV:     2.57 MB
    - Total Footprint: 3.35 GB (Process RAM)
================================================================================

================================================================================
INFERENCE AUDIT REPORT — 2026-08-29 19:35:55
================================================================================

[1] MODEL INFORMATION
--------------------------------------------------------------------------------
Model ID / Name:     HuggingFaceTB/SmolLM2-135M
Architecture:        Dense Transformer
Quantization Mode:   8-bit Quantization (BitsAndBytes)
Precision Base:      torch.float16
Total Parameters:    134,515,008 (134515.01 K)
Total Memory in RAM: 155.32 MB
Dimensions:          Layers: 30, Hidden Size: 576, KV Heads: 3, Head Dim: 64

[2] TOPOLOGY & COMPONENT DISTRIBUTION
--------------------------------------------------------------------------------
  • Worker-Node (192.168.8.130:9900):
    Allocated: attn 0-29
  • Local: vithurshan-HP-250-G8-Notebook-PC + NVIDIA GeForce RTX 3060 Laptop GPU:
    Allocated: layers 0-29(ffn only), embedding, lm_head + norm

[3] GENERATION METADATA
--------------------------------------------------------------------------------
Temperature:         0.0
Prompt Tokens:       83 tokens
Generated Tokens:    25 tokens
Total Sequence:      108 tokens

[4] LATENCY & THROUGHPUT METRICS
--------------------------------------------------------------------------------
Time to First Token (TTFT): 4.334s (Prefill: 19.2 tok/s)
Decode Time:                20.523s (Decode: 1.2 tok/s)
Total End-to-End Latency:   24.857s
Per-token Latency (Avg):    855.1ms
Per-token Latency (Min):    545.8ms
Per-token Latency (Max):    1.517s
Per-token Latency (P50):    627.4ms
Per-token Latency (P90):    1.490s
Per-token Latency (P99):    1.517s

[5] NETWORK PAYLOAD & DATA TRANSFER
--------------------------------------------------------------------------------
Total Data Sent:            5.32 MB
Total Data Received:        3.85 MB
Total Network I/O:          9.17 MB
Avg Network Rate:           0.37 MB/s

Node Breakdown:
  • Worker-Node (192.168.8.130:9900): Sent: 5.32 MB, Received: 3.85 MB

[6] HARDWARE & MEMORY FOOTPRINT (PER NODE)
--------------------------------------------------------------------------------
Local Device:               cuda
GPU VRAM Before:            165.10 MB
GPU VRAM After:             165.73 MB
GPU VRAM Delta:             649.00 KB
KV Cache Total (est):       2.37 MB

Node Memory Breakdown (Layer Weights + Active KV Cache):
  • Local: vithurshan-HP-250-G8-Notebook-PC + NVIDIA GeForce RTX 3060 Laptop GPU:
    - Assigned:      layers 0-29(ffn only), embedding, lm_head + norm
    - Layer Memory:  183.97 MB
    - Active KV:     0.00 B
    - Total Footprint: 165.73 MB (VRAM)
  • Worker-Node (192.168.8.130:9900):
    - Assigned:      attn 0-29
    - Layer Memory:  231.25 MB
    - Active KV:     2.35 MB
    - Total Footprint: 3.35 GB (Process RAM)
================================================================================

================================================================================
INFERENCE AUDIT REPORT — 2026-08-29 19:37:37
================================================================================

[1] MODEL INFORMATION
--------------------------------------------------------------------------------
Model ID / Name:     HuggingFaceTB/SmolLM2-135M
Architecture:        Dense Transformer
Quantization Mode:   8-bit Quantization (BitsAndBytes)
Precision Base:      torch.float16
Total Parameters:    134,515,008 (134515.01 K)
Total Memory in RAM: 155.32 MB
Dimensions:          Layers: 30, Hidden Size: 576, KV Heads: 3, Head Dim: 64

[2] TOPOLOGY & COMPONENT DISTRIBUTION
--------------------------------------------------------------------------------
  • Worker-Node (192.168.8.130:9900):
    Allocated: attn 0-29
  • Local: vithurshan-HP-250-G8-Notebook-PC + NVIDIA GeForce RTX 3060 Laptop GPU:
    Allocated: layers 0-29(ffn only), embedding, lm_head + norm

[3] GENERATION METADATA
--------------------------------------------------------------------------------
Temperature:         0.0
Prompt Tokens:       84 tokens
Generated Tokens:    120 tokens
Total Sequence:      204 tokens

[4] LATENCY & THROUGHPUT METRICS
--------------------------------------------------------------------------------
Time to First Token (TTFT): 3.674s (Prefill: 22.9 tok/s)
Decode Time:                96.980s (Decode: 1.2 tok/s)
Total End-to-End Latency:   100.654s
Per-token Latency (Avg):    815.0ms
Per-token Latency (Min):    509.2ms
Per-token Latency (Max):    1.911s
Per-token Latency (P50):    626.3ms
Per-token Latency (P90):    1.511s
Per-token Latency (P99):    1.697s

[5] NETWORK PAYLOAD & DATA TRANSFER
--------------------------------------------------------------------------------
Total Data Sent:            12.95 MB
Total Data Received:        8.26 MB
Total Network I/O:          21.21 MB
Avg Network Rate:           0.21 MB/s

Node Breakdown:
  • Worker-Node (192.168.8.130:9900): Sent: 12.95 MB, Received: 8.26 MB

[6] HARDWARE & MEMORY FOOTPRINT (PER NODE)
--------------------------------------------------------------------------------
Local Device:               cuda
GPU VRAM Before:            165.10 MB
GPU VRAM After:             165.74 MB
GPU VRAM Delta:             650.00 KB
KV Cache Total (est):       4.48 MB

Node Memory Breakdown (Layer Weights + Active KV Cache):
  • Local: vithurshan-HP-250-G8-Notebook-PC + NVIDIA GeForce RTX 3060 Laptop GPU:
    - Assigned:      layers 0-29(ffn only), embedding, lm_head + norm
    - Layer Memory:  183.97 MB
    - Active KV:     0.00 B
    - Total Footprint: 165.74 MB (VRAM)
  • Worker-Node (192.168.8.130:9900):
    - Assigned:      attn 0-29
    - Layer Memory:  231.25 MB
    - Active KV:     4.46 MB
    - Total Footprint: 3.35 GB (Process RAM)
================================================================================

